{"type": "FeatureCollection", "name": "pak_admin2", "crs": {"type": "name", "properties": {"name": "urn:ogc:def:crs:OGC:1.3:CRS84"}}, "features": [{"type": "Feature", "properties": {"adm2_name": "Bagh", "adm2_name1": null, "adm2_name2": null, "adm2_name3": null, "adm2_pcode": "PK101", "adm1_name": "Azad Kashmir", "adm1_name1": null, "adm1_name2": null, "adm1_name3": null, "adm1_pcode": "PK1", "adm0_name": "Pakistan", "adm0_name1": null, "adm0_name2": null, "adm0_name3": null, "adm0_pcode": "PK", "valid_on": "2022-09-09", "valid_to": null, "area_sqkm": 694.41686731, "version": "v01", "lang": "en", "lang1": null, "lang2": null, "lang3": null, "adm2_ref_name": "Bagh", "center_lat": 34.00345966, "center_lon": 73.73137722}, "geometry": {"type": "Polygon", "coordinates": [[[73.5389199940002, 34.126170004000016], [73.52404999600014, 34.130929995000145], [73.51972000600017, 34.10983000300013], [73.49440549500002, 34.10701473400019], [73.51638635600006, 34.00110504100019], [73.57420387200017, 33.90960849900006], [73.59859413800007, 33.916737543000124], [73.61621326800002, 33.96392966900004], [73.64132753900009, 33.97843983000007], [73.67137017100004, 33.966239548000146], [73.68154351600003, 33.94119579800014], [73.71838202200018, 33.9121450450001], [73.73786340100014, 33.91337392500003], [73.73429076500014, 33.89868242299997], [73.75430114100004, 33.88784992600017], [73.8210987720002, 33.88032829800005], [73.83256527200001, 33.90524829600014], [73.89038964999997, 33.90198067800014], [73.91982953000013, 33.88656690500011], [73.97330827200005, 33.91894767300005], [74.00036127100014, 33.95824304600018], [73.99943080400016, 33.97671499100011], [73.9541676520002, 33.987086380000164], [73.93823920500006, 34.03178487800017], [73.89806889600015, 34.015968546000124], [73.86350568000012, 34.020910721000064], [73.85263951899998, 34.06430879400017], [73.8340818960001, 34.078425912000114], [73.69622007300018, 34.08025493000008], [73.68954582300017, 34.06447595900005], [73.64482677500007, 34.05897067300003], [73.6287940090001, 34.081625089000056], [73.61923000400009, 34.060910005000096], [73.58924607100016, 34.07408513200011], [73.57058000500007, 34.099190001000125], [73.53619999800003, 34.10041999600003], [73.5389199940002, 34.126170004000016]]]}}, {"type": "Feature", "properties": {"adm2_name": "Bhimber", "adm2_name1": null, "adm2_name2": null, "adm2_name3": null, "adm2_pcode": "PK102", "adm1_name": "Azad Kashmir", "adm1_name1": null, "adm1_name2": null, "adm1_name3": null, "adm1_pcode": "PK1", "adm0_name": "Pakistan", "adm0_name1": null, "adm0_name2": null, "adm0_name3": null, "adm0_pcode": "PK", "valid_on": "2022-09-09", "valid_to": null, "area_sqkm": 1212.94727304, "version": "v01", "lang": "en", "lang1": null, "lang2": null, "lang3": null, "adm2_ref_name": "Bhimber", "center_lat": 33.0141365, "center_lon": 74.15025594}, "geometry": {"type": "Polygon", "coordinates": [[[73.9644322760002, 33.24121079500003], [73.94381288600016, 33.259901680000155], [73.90772784900008, 33.230845499000054], [73.91680251100007, 33.17732967100005], [73.87941288500014, 33.1524032960001], [73.88125162400013, 33.12625080100008], [73.85387325600004, 33.10030267400009], [73.87532639000011, 33.064343041000086], [73.8254407500001, 33.013348044000054], [73.88026573700017, 33.03527075400012], [73.92109757100013, 33.0341641710001], [74.00277576800016, 32.95166126700019], [74.33278047300007, 32.81555683700003], [74.35972698300014, 32.77583447300003], [74.40083432500018, 32.77055649300013], [74.46166863900015, 32.79169126099998], [74.43005311700011, 32.84466430600014], [74.42849788100006, 32.883610689000136], [74.41388848500009, 32.903946628000085], [74.31803028700017, 32.91969543800019], [74.32071839000008, 32.94142945200008], [74.3531786210001, 32.983132695000165], [74.34982913400017, 33.016251036000085], [74.25496628700012, 33.04877347600018], [74.20525439700009, 33.04329577200008], [74.17625497500012, 33.10715539800009], [74.11170122200019, 33.16444046900011], [74.01822662900003, 33.19318777900014], [74.0131058090002, 33.24987040000008], [74.0001822690001, 33.256341539000175], [73.9644322760002, 33.24121079500003]]]}}, {"type": "Feature", "properties": {"adm2_name": "Jhelum Valley", "adm2_name1": null, "adm2_name2": null, "adm2_name3": null, "adm2_pcode": "PK103", "adm1_name": "Azad Kashmir", "adm1_name1": null, "adm1_name2": null, "adm1_name3": null, "adm1_pcode": "PK1", "adm0_name": "Pakistan", "adm0_name1": null, "adm0_name2": null, "adm0_name3": null, "adm0_pcode": "PK", "valid_on": "2022-09-09", "valid_to": null, "area_sqkm": 681.76507907, "version": "v01", "lang": "en", "lang1": null, "lang2": null, "lang3": null, "adm2_ref_name": "Jhelum Valley", "center_lat": 34.18810082, "center_lon": 73.79666936}, "geometry": {"type": "Polygon", "coordinates": [[[73.97622543400001, 34.26480758000014], [73.89940659900009, 34.359814491000066], [73.84175154600018, 34.338319492000096], [73.82006597000003, 34.349934329], [73.78125815100009, 34.33468492200012], [73.76092564700014, 34.33978366900004], [73.74932413400012, 34.30832192100013], [73.76252739700016, 34.27742166900015], [73.74888589000005, 34.248715676000074], [73.67796007700008, 34.19969233100005], [73.63597676600017, 34.212571296000135], [73.62364937100006, 34.20299841900004], [73.64488787900018, 34.168494445000135], [73.64644571100013, 34.13793133000007], [73.69622007300018, 34.08025493000008], [73.8340818960001, 34.078425912000114], [73.85263951899998, 34.06430879400017], [73.85191852100019, 34.03860079100019], [73.86984576900005, 34.01770779700007], [73.93823920500006, 34.03178487800017], [73.89816895899997, 34.03282203300006], [73.88321577400006, 34.0499459990001], [73.88565176500009, 34.075117903000034], [73.91708390300005, 34.142107647000046], [73.97657904600015, 34.21180186400005], [73.9820240090001, 34.23907906600016], [73.97622543400001, 34.26480758000014]]]}}, {"type": "Feature", "properties": {"adm2_name": "Haveli", "adm2_name1": null, "adm2_name2": null, "adm2_name3": null, "adm2_pcode": "PK104", "adm1_name": "Azad Kashmir", "adm1_name1": null, "adm1_name2": null, "adm1_name3": null, "adm1_pcode": "PK1", "adm0_name": "Pakistan", "adm0_name1": null, "adm0_name2": null, "adm0_name3": null, "adm0_pcode": "PK", "valid_on": "2022-09-09", "valid_to": null, "area_sqkm": 550.89304858, "version": "v01", "lang": "en", "lang1": null, "lang2": null, "lang3": null, "adm2_ref_name": "Haveli", "center_lat": 33.93504153, "center_lon": 74.11984541}, "geometry": {"type": "Polygon", "coordinates": [[[74.15687428000018, 34.040417225000056], [74.12369454700013, 34.05517814100011], [74.00607286900004, 34.02244615300009], [73.93823920500006, 34.03178487800017], [73.9541676520002, 33.987086380000164], [74.0013397670001, 33.97446091500012], [73.97407338900007, 33.92612153800002], [74.0352201230001, 33.819534514000054], [74.14334945600007, 33.830143679000116], [74.20762490400017, 33.85939848700019], [74.24555956500018, 33.89500520500019], [74.26358065699998, 33.942621620000125], [74.24868640800014, 34.01382195999997], [74.21467748999999, 34.038555124000084], [74.15687428000018, 34.040417225000056]]]}}, {"type": "Feature", "properties": {"adm2_name": "Kotli", "adm2_name1": null, "adm2_name2": null, "adm2_name3": null, "adm2_pcode": "PK105", "adm1_name": "Azad Kashmir", "adm1_name1": null, "adm1_name2": null, "adm1_name3": null, "adm1_pcode": "PK1", "adm0_name": "Pakistan", "adm0_name1": null, "adm0_name2": null, "adm0_name3": null, "adm0_pcode": "PK", "valid_on": "2022-09-09", "valid_to": null, "area_sqkm": 1599.11706562, "version": "v01", "lang": "en", "lang1": null, "lang2": null, "lang3": null, "adm2_ref_name": "Kotli", "center_lat": 33.45426468, "center_lon": 73.94688109}, "geometry": {"type": "Polygon", "coordinates": [[[73.64968214400011, 33.63767591700008], [73.59544929700019, 33.68518603700005], [73.57388424900006, 33.66443737800006], [73.56887820100013, 33.624161597000125], [73.59860114700007, 33.60694243300003], [73.62692254899997, 33.56888652800018], [73.63165389800002, 33.52638153600009], [73.6113737140002, 33.51277086500005], [73.60832218900003, 33.49193695500003], [73.62647404800009, 33.46024955900015], [73.66036765100006, 33.46813942300014], [73.70006790600013, 33.45961242300018], [73.75333777500009, 33.41862841200009], [73.76315463700018, 33.40596654700005], [73.75482714200012, 33.380057795000084], [73.77767127100014, 33.36092166600008], [73.76595265500009, 33.348609420000116], [73.89767890500013, 33.22548666600011], [73.94381288600016, 33.259901680000155], [73.97754317600015, 33.23945931200018], [74.02438208900008, 33.26245635200013], [74.09069080300003, 33.26364815400012], [74.17009624100001, 33.346232822000104], [74.18508216700008, 33.383506098], [74.18534082800005, 33.46710576200013], [74.09633549100005, 33.56978735300015], [74.04534994400007, 33.56574701400007], [74.01671780100008, 33.59453923400008], [73.96068931100001, 33.61850281500017], [73.87563369800017, 33.59892270500012], [73.87720702100006, 33.58836767600019], [73.85935477700014, 33.58355278600004], [73.82505489400017, 33.58997142200019], [73.79356313900018, 33.61444267700017], [73.78092639300019, 33.60641942600006], [73.74990189500005, 33.61850236300012], [73.73708539000017, 33.58012517900005], [73.6832861370001, 33.63198767200009], [73.64968214400011, 33.63767591700008]]]}}, {"type": "Feature", "properties": {"adm2_name": "Mirpur", "adm2_name1": null, "adm2_name2": null, "adm2_name3": null, "adm2_pcode": "PK106", "adm1_name": "Azad Kashmir", "adm1_name1": null, "adm1_name2": null, "adm1_name3": null, "adm1_pcode": "PK1", "adm0_name": "Pakistan", "adm0_name1": null, "adm0_name2": null, "adm0_name3": null, "adm0_pcode": "PK", "valid_on": "2022-09-09", "valid_to": null, "area_sqkm": 896.92933494, "version": "v01", "lang": "en", "lang1": null, "lang2": null, "lang3": null, "adm2_ref_name": "Mirpur", "center_lat": 33.2390211, "center_lon": 73.75892212}, "geometry": {"type": "Polygon", "coordinates": [[[73.70006790600013, 33.45961242300018], [73.62647404800009, 33.46024955900015], [73.59721310300012, 33.439154257000155], [73.57083271200008, 33.38333256700014], [73.58471596100014, 33.3391573450001], [73.60720851600018, 33.333328793000135], [73.59863378300008, 33.31805194600008], [73.62323597900013, 33.244039084], [73.64276926200012, 33.2323373640001], [73.641175004, 33.216120724], [73.66706089200005, 33.21530814500005], [73.66858011200003, 33.15799033300004], [73.63179101000003, 33.13594137700005], [73.62442123300013, 33.105826081000146], [73.64305132300012, 33.086105688000146], [73.75027420200018, 33.05304628300013], [73.77393998300016, 33.023329816000114], [73.8224960870001, 33.011938940000164], [73.87532639000011, 33.064343041000086], [73.85387325600004, 33.10030267400009], [73.88125162400013, 33.12625080100008], [73.87941288500014, 33.1524032960001], [73.91680251100007, 33.17732967100005], [73.9038037730001, 33.207644051000045], [73.90890176900001, 33.22754479200006], [73.89545376700005, 33.22726679500005], [73.76595265500009, 33.348609420000116], [73.77767127100014, 33.36092166600008], [73.75340962700017, 33.383582193000166], [73.75801376700008, 33.41422755200011], [73.70006790600013, 33.45961242300018]]]}}, {"type": "Feature", "properties": {"adm2_name": "Muzaffarabad", "adm2_name1": null, "adm2_name2": null, "adm2_name3": null, "adm2_pcode": "PK107", "adm1_name": "Azad Kashmir", "adm1_name1": null, "adm1_name2": null, "adm1_name3": null, "adm1_pcode": "PK1", "adm0_name": "Pakistan", "adm0_name1": null, "adm0_name2": null, "adm0_name3": null, "adm0_pcode": "PK", "valid_on": "2022-09-09", "valid_to": null, "area_sqkm": 1361.01280394, "version": "v01", "lang": "en", "lang1": null, "lang2": null, "lang3": null, "adm2_ref_name": "Muzaffarabad", "center_lat": 34.32343504, "center_lon": 73.57999271}, "geometry": {"type": "Polygon", "coordinates": [[[73.6249843920001, 34.56388109700015], [73.58166370300017, 34.58776952200003], [73.44831940700016, 34.563049455000055], [73.43081563500016, 34.47415871400011], [73.40081758800011, 34.40471006100017], [73.399154464, 34.357499164000046], [73.41415332800005, 34.316100900000094], [73.46470668299997, 34.27526858900018], [73.49440549500002, 34.10701473400019], [73.51972000600017, 34.10983000300013], [73.52936999700006, 34.11769], [73.51839999900011, 34.125659997000184], [73.53526000100015, 34.132059997000056], [73.53619999800003, 34.10041999600003], [73.57058000500007, 34.099190001000125], [73.58924607100016, 34.07408513200011], [73.61923000400009, 34.060910005000096], [73.6287940090001, 34.081625089000056], [73.63483414000012, 34.063899296000045], [73.66853523900011, 34.06034740500007], [73.69728564700006, 34.07734054600019], [73.64644571100013, 34.13793133000007], [73.64488787900018, 34.168494445000135], [73.62364937100006, 34.20299841900004], [73.63597676600017, 34.212571296000135], [73.67796007700008, 34.19969233100005], [73.71400801800013, 34.21626967800006], [73.76175766900008, 34.27378508000004], [73.75137226800007, 34.33047642700018], [73.82006597000003, 34.349934329], [73.77339319500004, 34.349746384000184], [73.7632203140002, 34.35962786200014], [73.76883848800003, 34.38720668200011], [73.73473489399998, 34.381454927], [73.74882826700019, 34.446204931000125], [73.73342801600006, 34.463614926000105], [73.76079958500003, 34.488289120000104], [73.7613652780002, 34.51913216300005], [73.66925008300012, 34.532430320000174], [73.64451165900016, 34.57099020100003], [73.6249843920001, 34.56388109700015]]]}}, {"type": "Feature", "properties": {"adm2_name": "Neelum", "adm2_name1": null, "adm2_name2": null, "adm2_name3": null, "adm2_pcode": "PK108", "adm1_name": "Azad Kashmir", "adm1_name1": null, "adm1_name2": null, "adm1_name3": null, "adm1_pcode": "PK1", "adm0_name": "Pakistan", "adm0_name1": null, "adm0_name2": null, "adm0_name3": null, "adm0_pcode": "PK", "valid_on": "2022-09-09", "valid_to": null, "area_sqkm": 3137.46611349, "version": "v01", "lang": "en", "lang1": null, "lang2": null, "lang3": null, "adm2_ref_name": "Neelum", "center_lat": 34.75691795, "center_lon": 73.98522946}, "geometry": {"type": "Polygon", "coordinates": [[[74.46634674100011, 35.11059570300006], [74.43946838400012, 35.13410949700011], [74.42939758300008, 35.11035919200009], [74.37507629400011, 35.06125640900012], [74.2994918820001, 35.0673942570001], [74.27426147500017, 35.041725159000066], [74.25391387900004, 35.03902435300006], [74.23762512200011, 35.05109405500019], [74.23604583700012, 35.06998062100007], [74.21578979500009, 35.06698226900011], [74.20619201700003, 35.092449188000046], [74.16074371300016, 35.08042144799998], [74.11591192200007, 35.12305975800007], [74.10220282300003, 35.117767751000144], [74.06025729000004, 35.07471554500012], [74.08953829100005, 35.02407051299997], [74.05581742000004, 34.9961022010001], [74.05164946800011, 34.95555172700017], [73.98637539600014, 34.87054416500007], [73.90775903500014, 34.826660317000176], [73.83387714100013, 34.82694189600011], [73.72637922900009, 34.775268772000175], [73.70359747800012, 34.72470886800011], [73.66360335700006, 34.6944357910001], [73.67442452500012, 34.64582729900002], [73.64451165900016, 34.57099020100003], [73.66925008300012, 34.532430320000174], [73.76195227400012, 34.51850005000006], [73.76079958500003, 34.488289120000104], [73.73342801600006, 34.463614926000105], [73.74882826700019, 34.446204931000125], [73.73473489399998, 34.381454927], [73.76883848800003, 34.38720668200011], [73.776984971, 34.416300662000026], [73.80725804900015, 34.44194732200003], [73.89873539200005, 34.49576503500003], [73.88668968000013, 34.51499430000007], [73.89534006700006, 34.54666872700011], [73.9480674780001, 34.57308809400013], [73.92740304900013, 34.64605609400007], [73.96022123800009, 34.696678605000045], [74.01289298800009, 34.709853909000174], [74.04914144600008, 34.684966859000156], [74.14179094600007, 34.69120090000001], [74.20296574400015, 34.73657450000013], [74.27975511100016, 34.76827184700005], [74.30729752200006, 34.80030316000011], [74.34125405300006, 34.789688265000166], [74.37554127700014, 34.803443099000106], [74.56148529100017, 34.77443713000008], [74.63883126900015, 34.73353606000006], [74.67130132200009, 34.70069602500007], [74.86487877200005, 34.679933009000024], [74.78239440900012, 34.76396942100007], [74.76445007300009, 34.81287384000012], [74.72588348400018, 34.843296051000095], [74.72277069100011, 34.86093902600015], [74.70566558800016, 34.85757064799998], [74.66416168200016, 34.907447815000126], [74.64514923100012, 34.90180206300016], [74.5999908450001, 34.91932678200004], [74.56596374500003, 34.90750503500004], [74.57469940200008, 34.94729995700004], [74.5646896360002, 34.97313690200002], [74.58349609400017, 35.001644135], [74.57461547900016, 35.018665314000145], [74.55426025400004, 35.013233185], [74.52853393600003, 35.03599929800015], [74.5369873050002, 35.06556701700009], [74.51102447500017, 35.08488845800014], [74.50978088400007, 35.09915161100014], [74.46634674100011, 35.11059570300006]]]}}, {"type": "Feature", "properties": {"adm2_name": "Poonch", "adm2_name1": null, "adm2_name2": null, "adm2_name3": null, "adm2_pcode": "PK109", "adm1_name": "Azad Kashmir", "adm1_name1": null, "adm1_name2": null, "adm1_name3": null, "adm1_pcode": "PK1", "adm0_name": "Pakistan", "adm0_name1": null, "adm0_name2": null, "adm0_name3": null, "adm0_pcode": "PK", "valid_on": "2022-09-09", "valid_to": null, "area_sqkm": 719.56965304, "version": "v01", "lang": "en", "lang1": null, "lang2": null, "lang3": null, "adm2_ref_name": "Poonch", "center_lat": 33.78574504, "center_lon": 73.89679997}, "geometry": {"type": "Polygon", "coordinates": [[[73.68154351600003, 33.94119579800014], [73.67137017100004, 33.966239548000146], [73.64573554500015, 33.97719264300002], [73.61621326800002, 33.96392966900004], [73.59859413800007, 33.916737543000124], [73.57420387200017, 33.90960849900006], [73.5855403330001, 33.881934675000025], [73.57143949800002, 33.824139974000104], [73.67217001800003, 33.82627004800014], [73.68555535800016, 33.80312475400018], [73.73474001400007, 33.80426016900003], [73.80584439500007, 33.762628297000106], [73.81922602400016, 33.738207926000086], [73.87295164800008, 33.75419330600005], [73.88521114300005, 33.73123679499997], [73.87583626000003, 33.715611802000126], [73.88232651900012, 33.69493892200006], [73.92186965000019, 33.69469853900017], [73.95828764300006, 33.65888142100016], [73.91912202100013, 33.64982742199999], [73.91785064400017, 33.63472723900003], [73.89793227600006, 33.62438667100008], [73.90301120700008, 33.603438048999976], [73.96068931100001, 33.61850281500017], [74.01671780100008, 33.59453923400008], [73.95623655900005, 33.720291632000055], [73.96646182700016, 33.74032307200014], [74.02833402500005, 33.775959258000114], [74.05743029100017, 33.814489626000125], [74.02232701900004, 33.831071422000036], [74.03184902100008, 33.83608242400004], [74.00210176700011, 33.86497103800019], [73.97563665600018, 33.92134292300017], [73.91982953000013, 33.88656690500011], [73.89038964999997, 33.90198067800014], [73.83256527200001, 33.90524829600014], [73.82362698200012, 33.882095542000116], [73.79287052500007, 33.87677155100005], [73.73704326700016, 33.89580530200004], [73.73786340100014, 33.91337392500003], [73.71838202200018, 33.9121450450001], [73.68154351600003, 33.94119579800014]]]}}, {"type": "Feature", "properties": {"adm2_name": "Sudhnoti", "adm2_name1": null, "adm2_name2": null, "adm2_name3": null, "adm2_pcode": "PK110", "adm1_name": "Azad Kashmir", "adm1_name1": null, "adm1_name2": null, "adm1_name3": null, "adm1_pcode": "PK1", "adm0_name": "Pakistan", "adm0_name1": null, "adm0_name2": null, "adm0_name3": null, "adm0_pcode": "PK", "valid_on": "2022-09-09", "valid_to": null, "area_sqkm": 567.86224962, "version": "v01", "lang": "en", "lang1": null, "lang2": null, "lang3": null, "adm2_ref_name": "Sudhnoti", "center_lat": 33.70396099, "center_lon": 73.73941615}, "geometry": {"type": "Polygon", "coordinates": [[[73.67217001800003, 33.82627004800014], [73.59442258200005, 33.8167108670001], [73.57143949800002, 33.824139974000104], [73.5666646790001, 33.788885724000124], [73.59721278800004, 33.733604452000066], [73.59544929700019, 33.68518603700005], [73.62752158800009, 33.64795929500008], [73.6832861370001, 33.63198767200009], [73.7316565180002, 33.582161169000074], [73.74349233600003, 33.58178211000006], [73.75118551600008, 33.61865554100018], [73.78092639300019, 33.60641942600006], [73.79536864500017, 33.61384054400014], [73.84370914000016, 33.58415454300018], [73.87118914500019, 33.58535816300014], [73.87563369800017, 33.59892270500012], [73.90593551199999, 33.60076021500015], [73.89793227600006, 33.62438667100008], [73.91785064400017, 33.63472723900003], [73.91912202100013, 33.64982742199999], [73.95828764300006, 33.65779967300017], [73.92186965000019, 33.69469853900017], [73.88232651900012, 33.69493892200006], [73.87583626000003, 33.715611802000126], [73.88521114300005, 33.73123679499997], [73.87295164800008, 33.75419330600005], [73.81622064400017, 33.738929557], [73.80999153200008, 33.76000029700009], [73.73563502200005, 33.80394003800012], [73.68555535800016, 33.80312475400018], [73.67217001800003, 33.82627004800014]]]}}, {"type": "Feature", "properties": {"adm2_name": "Awaran", "adm2_name1": null, "adm2_name2": null, "adm2_name3": null, "adm2_pcode": "PK201", "adm1_name": "Balochistan", "adm1_name1": null, "adm1_name2": null, "adm1_name3": null, "adm1_pcode": "PK2", "adm0_name": "Pakistan", "adm0_name1": null, "adm0_name2": null, "adm0_name3": null, "adm0_pcode": "PK", "valid_on": "2022-09-09", "valid_to": null, "area_sqkm": 24989.60334836, "version": "v01", "lang": "en", "lang1": null, "lang2": null, "lang3": null, "adm2_ref_name": "Awaran", "center_lat": 26.42397797, "center_lon": 65.46475023}, "geometry": {"type": "Polygon", "coordinates": [[[65.99921384200013, 27.14544722200003], [65.91202685900015, 27.13936433000015], [65.88090539300015, 27.17486166100008], [65.84624410200007, 27.278710993], [65.77827496100014, 27.3574219570001], [65.59296621100009, 27.41752633599998], [65.56479485200003, 27.3006500300001], [65.34731291100007, 26.983736042000032], [65.33469208100013, 26.886970654000038], [65.29846821700005, 26.803365748000033], [65.12789965600018, 26.630025638000063], [64.92215715400016, 26.461761514000045], [64.92573730900017, 26.372833023], [64.73378127300009, 26.36212193900019], [64.46991703200007, 26.370540646000165], [64.42940710699997, 26.35196688600007], [64.42008847600016, 26.332683927], [64.42985637000015, 26.266776604000142], [64.44463316700018, 26.229585477000057], [64.49746627899998, 26.17685159399997], [64.51475707000009, 26.124062063000167], [64.51115321700001, 26.087318853000056], [64.49140978200006, 26.054544682000028], [64.38747528900012, 26.020357085000057], [64.35355747500006, 25.922232053000187], [64.35714817700011, 25.859079762000192], [64.32639357500011, 25.84426255500017], [64.32038246000002, 25.7731417010001], [64.27643674500007, 25.751245335000135], [64.29350141000009, 25.68964195300009], [64.35180191100011, 25.6548394940001], [64.35236179800012, 25.639878681000084], [64.30700114200005, 25.61769716400005], [64.2672197760001, 25.61259137000019], [64.24027811300004, 25.628381960000183], [64.21261685000007, 25.61151824800004], [64.12583962200011, 25.489189590000024], [64.12596038300006, 25.471879049999984], [64.27173813900015, 25.465220726000098], [64.3693058990001, 25.432565322000016], [64.50423722600004, 25.49916142000012], [64.99313283800007, 25.56044446100003], [65.16355980000003, 25.601813903999982], [65.1895754790001, 25.585207264000132], [65.20315449300006, 25.557271664000154], [65.22731663900015, 25.56942646600004], [65.24928143300014, 25.557962546000113], [65.27015562300011, 25.585943314000133], [65.30059703400008, 25.595571146000054], [65.3003763260001, 25.609842358000094], [65.34701650800014, 25.591113851999978], [65.35681251700004, 25.61810347000005], [65.43073418400007, 25.636619244000144], [65.46561491400007, 25.66305011800017], [65.53117548400013, 25.68644721700008], [65.53097822500007, 25.632797972000162], [65.50281186800004, 25.613200872000164], [65.51726416999998, 25.56904175], [65.53781251900011, 25.556669202000023], [65.54969913600013, 25.49718849600015], [65.53343863900005, 25.465954247000127], [65.4984973280001, 25.447946235000188], [65.50888925600003, 25.43211163800015], [65.54495908500007, 25.434179674], [65.62770785200001, 25.479521166000097], [65.73843310900003, 25.514988366000125], [65.84862437100014, 25.481403327000123], [65.90216113999998, 25.49945092300004], [65.93571518000016, 25.475357424000038], [65.97174255300013, 25.484849724000128], [66.02850383900005, 25.44997934900016], [66.06996109400018, 25.476263419000134], [66.19687061700006, 25.69254839399997], [66.26002414200013, 25.849884099000064], [66.2013311180001, 26.161245194000116], [66.16244360000019, 26.26106667600004], [66.17036563600004, 26.334246114000052], [66.21969459600018, 26.371336199000154], [66.23410211700002, 26.463896174000126], [66.25183715800006, 26.47989829200003], [66.18786511000019, 26.56971520700006], [66.14441516200014, 26.55532643700019], [66.12142829200013, 26.531158559000176], [66.1050051220002, 26.48772014000008], [66.11016942200007, 26.43033626700003], [66.08190228100011, 26.408404797000173], [66.1073852020001, 26.26730258600014], [65.93315994800014, 26.54177244100015], [65.93100632400012, 26.611842888000012], [66.00071702500009, 26.83652853700005], [66.03841356499998, 27.014709512000024], [66.04910233600003, 27.189227861000177], [66.03407963200016, 27.189658891000136], [65.99921384200013, 27.14544722200003]]]}}, {"type": "Feature", "properties": {"adm2_name": "Barkhan", "adm2_name1": null, "adm2_name2": null, "adm2_name3": null, "adm2_pcode": "PK202", "adm1_name": "Balochistan", "adm1_name1": null, "adm1_name2": null, "adm1_name3": null, "adm1_pcode": "PK2", "adm0_name": "Pakistan", "adm0_name1": null, "adm0_name2": null, "adm0_name3": null, "adm0_pcode": "PK", "valid_on": "2022-09-09", "valid_to": null, "area_sqkm": 3515.44114244, "version": "v01", "lang": "en", "lang1": null, "lang2": null, "lang3": null, "adm2_ref_name": "Barkhan", "center_lat": 29.98450729, "center_lon": 69.69123702}, "geometry": {"type": "Polygon", "coordinates": [[[69.81721101900007, 30.290991063000092], [69.78006185400005, 30.299053604000107], [69.76070540000006, 30.35020810600014], [69.73954246100004, 30.358383662000108], [69.69554826700005, 30.27391254600002], [69.64129602000014, 30.208570179], [69.63927341400017, 30.18353073600008], [69.5993330140002, 30.139031414000044], [69.55736989000002, 30.15731529100003], [69.5627722960001, 30.189299400000095], [69.59064064600005, 30.22655430000009], [69.5669615170001, 30.226854045000096], [69.40331553500005, 30.061382588000072], [69.40406723800015, 30.044804149000186], [69.4783187050001, 30.07084044400017], [69.49891825400005, 30.065828232000058], [69.46857226800006, 30.0171104370001], [69.47765962500011, 30.003851625000152], [69.45695748600008, 29.97013834400019], [69.40457958400009, 29.9294876780001], [69.39167012000007, 29.89739997400011], [69.28145800900012, 29.86493843500017], [69.19263207, 29.81749266800017], [69.14804531100015, 29.773249297000064], [69.06709145500008, 29.738641846], [69.06050131900014, 29.726378507000106], [69.08254203000013, 29.6957204790001], [69.19056614000016, 29.629956997000136], [69.264535003, 29.611333758000114], [69.39946736400003, 29.653514387000087], [69.47042862100011, 29.695068325000136], [69.56761110600007, 29.70716453100016], [69.64600486400002, 29.68526110600004], [69.73258209200014, 29.71887207000009], [69.78900146500013, 29.768806458000086], [69.83580017100019, 29.861467361000052], [69.89250946000016, 29.91480636600005], [69.94069671600016, 30.035957336000138], [69.97966003400006, 30.076745987000038], [69.99713134800004, 30.179012299000078], [70.01506042500017, 30.189910889000146], [70.02075958300009, 30.219312668000043], [70.04763031000005, 30.226694107000185], [70.07620239300019, 30.262418747000027], [70.05992126500013, 30.275060654000185], [70.01242065400015, 30.27738952600015], [69.97282409700017, 30.253459930000133], [69.98317718500005, 30.302328110000133], [69.96061706500018, 30.29384613000019], [69.96117024900013, 30.322636412], [69.92656003600001, 30.33386597800012], [69.88629213000019, 30.331105804000174], [69.81721101900007, 30.290991063000092]]]}}, {"type": "Feature", "properties": {"adm2_name": "Chagai", "adm2_name1": null, "adm2_name2": null, "adm2_name3": null, "adm2_pcode": "PK203", "adm1_name": "Balochistan", "adm1_name1": null, "adm1_name2": null, "adm1_name3": null, "adm1_pcode": "PK2", "adm0_name": "Pakistan", "adm0_name1": null, "adm0_name2": null, "adm0_name3": null, "adm0_pcode": "PK", "valid_on": "2022-09-09", "valid_to": null, "area_sqkm": 44476.87198806, "version": "v01", "lang": "en", "lang1": null, "lang2": null, "lang3": null, "adm2_ref_name": "Chagai", "center_lat": 28.87502079, "center_lon": 63.41802386}, "geometry": {"type": "Polygon", "coordinates": [[[62.43846991900011, 29.39412413000008], [60.878597404000175, 29.861780320000094], [61.192588806000174, 29.50249481200018], [61.37260437000015, 29.34867286700006], [61.35774612400019, 29.28278350800008], [61.38348770100009, 29.221462250000116], [61.42866897599998, 29.193780899000103], [61.41580581699998, 29.135641098000065], [61.470520020000095, 29.113948822000054], [61.4788742070001, 29.080551147000108], [61.50316619900008, 29.056407928000112], [61.50431823700018, 29.00754547100007], [61.56332016000016, 28.94246673600003], [61.68103790300012, 28.770593643000097], [61.804157256999986, 28.64016914399997], [62.043304443000125, 28.50788879400011], [62.11578750600012, 28.485099792000142], [62.17054748500016, 28.487548828000058], [62.23987579300018, 28.465856552000105], [62.29629135100009, 28.4634513850001], [62.43967056300016, 28.407129288000192], [62.50288009600007, 28.331346512000096], [62.541584015000126, 28.309967041000107], [62.592315674000076, 28.255126953000172], [62.791938782000045, 28.277097702], [62.79656982400007, 28.20894813500007], [62.76822662400008, 28.032405853000057], [62.7900619510001, 27.978113174000157], [62.80195701700018, 27.88882344500007], [62.86849338300016, 27.93094469700003], [62.94596894100016, 28.012550068000053], [63.14630051300014, 28.16947353200004], [63.20505115300017, 28.182953085000065], [63.22558900600012, 28.244638116000147], [63.26043026000008, 28.27655578300005], [63.36729844200005, 28.26458697400011], [63.510670232000166, 28.292801096000062], [63.702122500000144, 28.29304523100012], [63.786609264000106, 28.314508615000193], [63.81649444600015, 28.345686188000116], [63.82373127200009, 28.305291006], [63.905700682000145, 28.37127685700017], [63.973693842000046, 28.38171386500005], [63.98767089900019, 28.39392090400014], [64.00671386900018, 28.38232421900011], [64.04388427300006, 28.421081541000035], [64.07889417800004, 28.430473896000137], [64.12670898500005, 28.467712401000085], [64.20544909900002, 28.471488497000053], [64.23532578300006, 28.490804015000037], [64.27368163700004, 28.495727543999976], [64.28588867600007, 28.505676271000084], [64.28930554400017, 28.54042079500016], [64.33691406700018, 28.522705081000026], [64.4070385280001, 28.523396532000163], [64.49874858000015, 28.611610002000077], [64.81122496000006, 28.6951108450001], [64.92871929100016, 28.685931098000026], [65.04084889600017, 28.79500887500012], [65.16047911000004, 28.814639459999967], [65.25311139800004, 28.895147728000097], [65.47623186300001, 29.032922518000078], [65.26112226300017, 29.41346916900011], [65.12930303400015, 29.551636985000016], [65.02855664900017, 29.53430686300004], [64.95577160500011, 29.553572144000043], [64.63192890900018, 29.581081813000026], [64.48761610600008, 29.571786413000098], [64.41180571900009, 29.545098564000057], [64.36999442700005, 29.54871653400005], [64.27941778100018, 29.528089213000158], [64.20804688600015, 29.494361855000022], [64.15233652000012, 29.4495607610001], [64.13107416400015, 29.39194547300019], [64.10529326300019, 29.377476867000155], [64.03237070300008, 29.417693632000123], [63.59084411900005, 29.490426289000027], [62.43846991900011, 29.39412413000008]]]}}, {"type": "Feature", "properties": {"adm2_name": "Dera Bugti", "adm2_name1": null, "adm2_name2": null, "adm2_name3": null, "adm2_pcode": "PK204", "adm1_name": "Balochistan", "adm1_name1": null, "adm1_name2": null, "adm1_name3": null, "adm1_pcode": "PK2", "adm0_name": "Pakistan", "adm0_name1": null, "adm0_name2": null, "adm0_name3": null, "adm0_pcode": "PK", "valid_on": "2022-09-09", "valid_to": null, "area_sqkm": 10294.11318045, "version": "v01", "lang": "en", "lang1": null, "lang2": null, "lang3": null, "adm2_ref_name": "Dera Bugti", "center_lat": 29.05961766, "center_lon": 69.01115142}, "geometry": {"type": "Polygon", "coordinates": [[[69.56687164300007, 29.405857086000083], [69.56351470900017, 29.458612442], [69.59805297900004, 29.531063080000138], [69.60333251999998, 29.596775054999966], [69.59146881100008, 29.626049042000147], [69.61865997300015, 29.6400299070001], [69.62889875100018, 29.668724684000097], [69.58365666600002, 29.678096532000154], [69.51598510800011, 29.661893884000165], [69.4308794160001, 29.58273272300005], [69.42923093900004, 29.538657718000024], [69.50254111900006, 29.505140799000174], [69.47576196500017, 29.455538171000114], [69.36707916000006, 29.399371823000024], [69.32577339700003, 29.36038382700019], [69.25653101299997, 29.336872507000123], [69.18746081299997, 29.2595269360001], [69.12929405600005, 29.247394244000077], [69.01642542500014, 29.260612142000014], [68.92049579600013, 29.22274572200007], [68.66068508200004, 29.264081562000058], [68.44067279700016, 29.202859835000083], [68.28936090900015, 29.22148143400011], [68.28248767600013, 29.170120016], [68.37703753000017, 29.059097106000024], [68.41261202800018, 28.981011879999983], [68.41442154800018, 28.887968432000093], [68.43503423300007, 28.81555763400013], [68.45172154500005, 28.66522808500008], [68.69274976700018, 28.518760798000073], [68.77835105000008, 28.483635187000175], [69.03601349500013, 28.45935067700009], [69.0880049110001, 28.495794171000114], [69.11848275700015, 28.47269970700006], [69.12750265700004, 28.44061106099997], [69.36376190200019, 28.44563674900013], [69.32193756100008, 28.549612045], [69.42092132600004, 28.597682953000174], [69.53291320800014, 28.77309417700002], [69.53767395, 28.801134109000145], [69.52541351300016, 28.82572937000009], [69.48460388200016, 28.84444618200007], [69.48960113500016, 28.891567230000135], [69.55541992200017, 28.951795578000088], [69.58119964600013, 28.960124969000105], [69.59396362300009, 28.994235992000142], [69.65057373000008, 29.0657081600001], [69.70630645799997, 29.08965873700015], [69.75191497800012, 29.180454254000097], [69.74401855500003, 29.236421585000187], [69.76654052700013, 29.29778480500005], [69.68670654300018, 29.25866699200003], [69.67142486600011, 29.305242538000073], [69.64030456500012, 29.31109809900005], [69.66909027100013, 29.355567932000042], [69.65252685500013, 29.38914299000004], [69.61495971700003, 29.423295975000144], [69.56687164300007, 29.405857086000083]]]}}, {"type": "Feature", "properties": {"adm2_name": "Gwadar", "adm2_name1": null, "adm2_name2": null, "adm2_name3": null, "adm2_pcode": "PK205", "adm1_name": "Balochistan", "adm1_name1": null, "adm1_name2": null, "adm1_name3": null, "adm1_pcode": "PK2", "adm0_name": "Pakistan", "adm0_name1": null, "adm0_name2": null, "adm0_name3": null, "adm0_pcode": "PK", "valid_on": "2022-09-09", "valid_to": null, "area_sqkm": 11574.37768473, "version": "v01", "lang": "en", "lang1": null, "lang2": null, "lang3": null, "adm2_ref_name": "Gwadar", "center_lat": 25.42529011, "center_lon": 62.54754294}, "geometry": {"type": "MultiPolygon", "coordinates": [[[[61.77985503500008, 25.817539394], [61.76884079000013, 25.80178833000008], [61.68920517000004, 25.799165726000126], [61.689914703000056, 25.7179241180001], [61.706722260000106, 25.68631744400011], [61.68071746800018, 25.654352188000132], [61.66431808500016, 25.33337783800016], [61.610454559000175, 25.19495201100011], [61.63367462200017, 25.202814102], [61.65924072300015, 25.186914444000024], [61.698226928999986, 25.20424461400006], [61.704631805000076, 25.188272476000122], [61.75225830100004, 25.168682098000147], [61.7812843320001, 25.190330505000134], [61.783058167000036, 25.14185905500011], [61.768997192000086, 25.12402725200002], [61.74754333500016, 25.132055283], [61.757511139000144, 25.09833526600005], [61.73968887300009, 25.09044838000011], [61.72416687000003, 25.05405235300003], [61.7488403320001, 25.03471183800002], [61.84059524500009, 25.040771484000118], [61.863990784, 25.078359604000127], [61.85942459100016, 25.096134185999972], [61.87470626800007, 25.102684021000073], [61.984680176000154, 25.10962104800018], [62.09836959800015, 25.096179962000065], [62.105400085000156, 25.104276657000014], [62.06654357900004, 25.154777527000135], [62.07351684600013, 25.17848587000003], [62.203361511000196, 25.215078354000127], [62.265060425000115, 25.204828262000035], [62.31486511200012, 25.168682098000147], [62.320245832000126, 25.120542522], [62.26895904500009, 25.100282669000137], [62.33988952600009, 25.08953666700006], [62.37685775800014, 25.096160888999975], [62.38946914700011, 25.104787827000052], [62.33935928300019, 25.11319351200018], [62.33940506000016, 25.1391315460001], [62.36428833000002, 25.177978516000167], [62.411773682000046, 25.205446243000097], [62.477138519000164, 25.215892791999977], [62.45993423500005, 25.22966575600003], [62.473800659, 25.245368958000086], [62.59514236500007, 25.262298584], [62.830890656000065, 25.246212006000064], [63.00711441000004, 25.21064186000001], [63.11071014400011, 25.256809235000162], [63.13949966500019, 25.25774192700004], [63.49269485500014, 25.198158264000085], [63.503940583000144, 25.226249696000025], [63.48379135100009, 25.239109039000027], [63.456073760000095, 25.295166016000053], [63.48111724900019, 25.284440994000136], [63.498363495000035, 25.31715202300012], [63.53564834600007, 25.345729827000127], [63.605873108000196, 25.370626450000145], [63.67507553100006, 25.38265991200018], [63.75799179100011, 25.3787765510001], [63.92961120700011, 25.337102891000086], [64.06427764799997, 25.328327179000155], [64.07196045000006, 25.363178252000125], [64.03606414700016, 25.406129837000094], [64.02080535800019, 25.409467697000025], [64.004241944, 25.38436889700006], [63.99126434400006, 25.40989685000011], [63.96804428100006, 25.40480041500001], [63.974449157000095, 25.423395157000073], [64.00576782200017, 25.406591415000094], [64.01974487200005, 25.42489814800018], [63.99151992900016, 25.42642784100019], [64.02871704100016, 25.44408226000013], [64.02867126500007, 25.46498870900018], [64.04734039400012, 25.43142700200019], [64.0641555790001, 25.445255279000094], [64.11740875200013, 25.454460143000176], [64.12425994900008, 25.439033508000023], [64.16512298600009, 25.453292846000124], [64.13809967000003, 25.432292938000046], [64.14190673900004, 25.41123962400019], [64.08089447000015, 25.397750855000083], [64.11749267500005, 25.364866257000074], [64.09178161600016, 25.365859986000146], [64.08377075200008, 25.32941627500003], [64.22334289499997, 25.317995072000144], [64.24625396800019, 25.332477570000094], [64.23997497500017, 25.30699729900016], [64.34047699000018, 25.27678299000013], [64.40596008400018, 25.238281250000057], [64.46474456800001, 25.243442535000156], [64.49836731000005, 25.26984214800018], [64.54357147200011, 25.270481110000105], [64.60534668000014, 25.229967118000104], [64.60942840600018, 25.196483612000065], [64.58001709000013, 25.17360878000011], [64.59996795600006, 25.154615403000037], [64.69299316400009, 25.17383766200004], [64.69915771500007, 25.190572739000118], [64.6401596070001, 25.205511093000155], [64.64393615700016, 25.259107589000052], [64.70199585000012, 25.307849884000063], [64.79273223900003, 25.32389450100004], [64.78054809600008, 25.34775161800019], [64.82705688500016, 25.31893920800013], [64.99532318100006, 25.325204850000034], [65.15641784700017, 25.30608558700004], [65.22632598900003, 25.31723785400004], [65.23808528300009, 25.344420518999982], [65.20572056800017, 25.38948598700017], [65.2067873090001, 25.54107483000007], [65.17138412600013, 25.60179139500019], [64.99313283800007, 25.56044446100003], [64.50423722600004, 25.49916142000012], [64.35750454400005, 25.432489046000114], [64.27173813900015, 25.465220726000098], [64.12596038300006, 25.471879049999984], [64.12583962200011, 25.489189590000024], [64.17097762700018, 25.55973765400006], [64.11252665300003, 25.559926557000153], [64.08221488600014, 25.59831001100008], [64.05410955500003, 25.61180080000014], [63.99909562000016, 25.612087037000094], [63.780930278000085, 25.557928515000015], [63.46777425400006, 25.407425065000098], [63.41544271700013, 25.36325877900009], [63.40312244699999, 25.378309163000154], [63.43593955500012, 25.408419055000138], [63.43295347500015, 25.419950906999986], [63.41194073600019, 25.45075260200008], [63.37348599700016, 25.462012788000095], [63.354328113000065, 25.491771449], [63.04170982700015, 25.52766389400017], [62.974903795000046, 25.600309152000023], [62.86772608000018, 25.57811364300005], [62.830208076000076, 25.556035539000106], [62.79582403600017, 25.566244478000044], [62.40443782900013, 25.554124801000114], [62.11524378600012, 25.473367476000078], [62.0997928700001, 25.498655364], [62.05414628200003, 25.508891857000094], [62.06731401400009, 25.544226180000067], [62.108051779, 25.559997364000083], [62.11304903000007, 25.575153574000183], [62.072871463000126, 25.62495608500012], [62.076331989000096, 25.67901431100006], [62.05202424000015, 25.707298156000036], [62.051796606000096, 25.767525007000074], [62.027466415000106, 25.767524754000135], [62.011448833000145, 25.71401354300008], [61.970348625000156, 25.667085283000176], [61.920746432000044, 25.6655887120001], [61.89673368400008, 25.68469862000012], [61.80298150900006, 25.70303590700007], [61.77985503500008, 25.817539394]]], [[[63.85068512000004, 25.112424849999968], [63.87879180900012, 25.12677192700005], [63.8408699040001, 25.118297578000067], [63.85068512000004, 25.112424849999968]]], [[[64.08338165300017, 25.40776252800009], [64.12450409000013, 25.422712326000124], [64.10839843700006, 25.429538727000192], [64.06504821700008, 25.415588378999985], [64.08338165300017, 25.40776252800009]]]]}}, {"type": "Feature", "properties": {"adm2_name": "Harnai", "adm2_name1": null, "adm2_name2": null, "adm2_name3": null, "adm2_pcode": "PK206", "adm1_name": "Balochistan", "adm1_name1": null, "adm1_name2": null, "adm1_name3": null, "adm1_pcode": "PK2", "adm0_name": "Pakistan", "adm0_name1": null, "adm0_name2": null, "adm0_name3": null, "adm0_pcode": "PK", "valid_on": "2022-09-09", "valid_to": null, "area_sqkm": 3062.96832534, "version": "v01", "lang": "en", "lang1": null, "lang2": null, "lang3": null, "adm2_ref_name": "Harnai", "center_lat": 30.04158602, "center_lon": 68.08639528}, "geometry": {"type": "Polygon", "coordinates": [[[68.02133027600019, 30.277767235000056], [67.87379938700013, 30.34110494700019], [67.86630157000013, 30.364999533000173], [67.73856188500014, 30.383997520000037], [67.75705872300006, 30.355923000000132], [67.73753416300019, 30.32645562], [67.57848286000012, 30.27534299299998], [67.494234161, 30.314693433000173], [67.40922002700012, 30.309882438999978], [67.29607974000015, 30.339683010000044], [67.28018858700011, 30.332873971000026], [67.2892240540001, 30.29504991500005], [67.21996233800007, 30.23410781600012], [67.2461184730002, 30.228873088000057], [67.28063989600003, 30.251756296], [67.2779320510001, 30.207849149000026], [67.30435797900009, 30.176023385000065], [67.40941472900005, 30.183269772000187], [67.43211257000007, 30.051931266000054], [67.47293052600014, 30.027917574000185], [67.52870233200008, 30.034765581000045], [67.56524580200016, 30.095138863000045], [67.67323890800014, 30.126033126000152], [67.7536099840001, 30.09233049100004], [67.79145769600007, 30.062614242000052], [67.76764515200017, 30.01868787000018], [67.97251872000004, 30.021892485000023], [68.007398986, 29.97416729100007], [68.00373120800015, 29.903151049000144], [67.97645647400009, 29.83988915800012], [67.92268511800012, 29.77697180600012], [67.88456014600007, 29.699670608000133], [67.97382434300016, 29.752607509000143], [67.97032121100005, 29.79236842800003], [68.03617123400016, 29.824018444000103], [68.07235659500003, 29.892990263], [68.24796236100013, 29.928857610000193], [68.39827827800008, 29.936395105000088], [68.40943731700014, 30.016086312000027], [68.38301050100011, 30.057624932000067], [68.21726389600008, 30.146009682000113], [68.20552732900006, 30.17958830400005], [68.14061769400013, 30.212093185000185], [68.09394760100014, 30.26417581200019], [68.02133027600019, 30.277767235000056]]]}}, {"type": "Feature", "properties": {"adm2_name": "Jaffarabad", "adm2_name1": null, "adm2_name2": null, "adm2_name3": null, "adm2_pcode": "PK207", "adm1_name": "Balochistan", "adm1_name1": null, "adm1_name2": null, "adm1_name3": null, "adm1_pcode": "PK2", "adm0_name": "Pakistan", "adm0_name1": null, "adm0_name2": null, "adm0_name3": null, "adm0_pcode": "PK", "valid_on": "2022-09-09", "valid_to": null, "area_sqkm": 1701.8367009, "version": "v01", "lang": "en", "lang1": null, "lang2": null, "lang3": null, "adm2_ref_name": "Jaffarabad", "center_lat": 28.24897137, "center_lon": 68.1026514}, "geometry": {"type": "Polygon", "coordinates": [[[68.40644486700018, 28.443057538000176], [68.38258622900014, 28.56272088200012], [68.38758875700017, 28.48233049200013], [68.36731604200014, 28.439072035000038], [68.20372886700011, 28.4408808230001], [68.14189874600004, 28.422552197000073], [68.07889593300018, 28.386444685000185], [68.07096932400009, 28.33989495800006], [67.97347305300008, 28.248445587000163], [67.62830995100018, 28.148368071000164], [67.6357891770001, 28.055219467000086], [67.67492519800004, 27.987385545000052], [67.670678356, 27.93424232100017], [67.77259063700018, 27.94271659900005], [67.81238555900018, 27.985469818000126], [67.87725067100007, 28.000171661000024], [67.91296358200009, 27.99429501800006], [67.96442413300008, 28.069597244000192], [68.01778411900017, 28.092046738000136], [68.20899963400018, 28.2425174710001], [68.35343933100012, 28.28482055700016], [68.4052276610002, 28.3876152040001], [68.43421078800009, 28.40901345100019], [68.40644486700018, 28.443057538000176]]]}}, {"type": "Feature", "properties": {"adm2_name": "Jhal Magsi", "adm2_name1": null, "adm2_name2": null, "adm2_name3": null, "adm2_pcode": "PK208", "adm1_name": "Balochistan", "adm1_name1": null, "adm1_name2": null, "adm1_name3": null, "adm1_pcode": "PK2", "adm0_name": "Pakistan", "adm0_name1": null, "adm0_name2": null, "adm0_name3": null, "adm0_pcode": "PK", "valid_on": "2022-09-09", "valid_to": null, "area_sqkm": 3860.09133978, "version": "v01", "lang": "en", "lang1": null, "lang2": null, "lang3": null, "adm2_ref_name": "Jhal Magsi", "center_lat": 28.36992006, "center_lon": 67.54256595}, "geometry": {"type": "Polygon", "coordinates": [[[67.58709999500013, 28.822378509000032], [67.57464714200017, 28.847347944000035], [67.53435589800017, 28.823576446000118], [67.51697706100009, 28.711585176000085], [67.50075359900018, 28.71230682500004], [67.4769128000001, 28.744970308000177], [67.44847810600004, 28.75920640700008], [67.31791121500004, 28.701986799000053], [67.23603287600014, 28.715991921000125], [67.21003587000013, 28.55924460400007], [67.15942448000015, 28.50611714200005], [67.17369265400009, 28.490768799000136], [67.22118283200018, 28.49011192500012], [67.26492168100009, 28.434417754000094], [67.30529163800014, 28.428820653], [67.3242399560001, 28.41347131900011], [67.32659900700014, 28.369478129000186], [67.34871787100013, 28.345730000000174], [67.35264775400009, 28.30802318400015], [67.39222109100012, 28.229162627000164], [67.40232994000019, 28.087436734000107], [67.38968035800013, 28.044168259000173], [67.39122161600017, 27.945821276000174], [67.39424133300014, 27.909675598000092], [67.41996765100015, 27.892740250000088], [67.54939270000017, 27.901523590000124], [67.57958221400014, 27.919250488000102], [67.670678356, 27.93424232100017], [67.67492519800004, 27.987385545000052], [67.6357891770001, 28.055219467000086], [67.63953369100017, 28.10136018700007], [67.62660813000014, 28.145568838000088], [67.80362310100008, 28.20355844300019], [67.74261737900014, 28.426690552000082], [67.75007815300017, 28.476322062], [67.78845809500012, 28.55372641600019], [67.74781458000018, 28.700062177000177], [67.70248288600004, 28.772205134000103], [67.73611582799998, 28.818228226000087], [67.65605332700005, 28.83961123600011], [67.58709999500013, 28.822378509000032]]]}}, {"type": "Feature", "properties": {"adm2_name": "Kachhi", "adm2_name1": null, "adm2_name2": null, "adm2_name3": null, "adm2_pcode": "PK209", "adm1_name": "Balochistan", "adm1_name1": null, "adm1_name2": null, "adm1_name3": null, "adm1_pcode": "PK2", "adm0_name": "Pakistan", "adm0_name1": null, "adm0_name2": null, "adm0_name3": null, "adm0_pcode": "PK", "valid_on": "2022-09-09", "valid_to": null, "area_sqkm": 5363.91234407, "version": "v01", "lang": "en", "lang1": null, "lang2": null, "lang3": null, "adm2_ref_name": "Kachhi", "center_lat": 29.34072654, "center_lon": 67.65868567}, "geometry": {"type": "Polygon", "coordinates": [[[67.2165962430002, 29.962774101000093], [67.1809778810001, 29.97979878700005], [67.11758999400013, 29.93816787100002], [67.11503714000014, 29.922781078000128], [67.15841539600012, 29.76942683700014], [67.18513508000007, 29.743276946000037], [67.27660086700007, 29.697745398], [67.20866547600008, 29.64453914700016], [67.19229945100017, 29.586101417000066], [67.1250243240001, 29.534824019000155], [67.1236823160001, 29.511815268000078], [67.25387643800002, 29.5016135140001], [67.32981874500013, 29.526201709000134], [67.36250972600004, 29.431699338000044], [67.4413361760001, 29.38292732200017], [67.46547800600007, 29.213419128000055], [67.45190484400007, 29.142843583000115], [67.39250848300014, 29.077689768000084], [67.32245612500003, 28.882644906000166], [67.28838350200004, 28.847368645000074], [67.27804745900005, 28.857530197000074], [67.26312378600011, 28.84971844500012], [67.23137695200006, 28.807788572000163], [67.23603287600014, 28.715991921000125], [67.31791121500004, 28.701986799000053], [67.44847810600004, 28.75920640700008], [67.51262273100008, 28.710430268000096], [67.52799794900017, 28.731302402000097], [67.527695735, 28.80397636600003], [67.5514968390001, 28.841039725000087], [67.57892611, 28.84580469300016], [67.58829550000002, 28.82235156100012], [67.68481610800006, 28.838171175000014], [67.64829221600019, 28.9241293930001], [67.679069583, 29.000120167000148], [67.7365746390002, 29.07907768200016], [67.7335569650001, 29.14761764900004], [67.95427933600013, 29.089559210000175], [67.9760806770002, 29.100202799000044], [67.98325287300014, 29.17374815400018], [67.97033671399998, 29.30745902200016], [67.98382486200012, 29.375397868000164], [67.92737478300006, 29.33316072500014], [67.87516099200008, 29.33210987700005], [67.88674924800017, 29.367208885000025], [67.87611382900013, 29.429799787000036], [67.81131054200011, 29.46240427200007], [67.801996046, 29.546440396000037], [67.77904686900001, 29.596660832000055], [67.71841392800013, 29.607265509000058], [67.69857769900011, 29.59860216600009], [67.6719754070001, 29.64685831500003], [67.55174922600008, 29.675850423000043], [67.51355141000005, 29.70888511700008], [67.4868698520001, 29.813892387000067], [67.4395534730001, 29.89796041300019], [67.37629847000017, 29.921425469000155], [67.32985069000017, 29.91302711600008], [67.30963200900015, 29.946092516000192], [67.28823776800004, 29.922473659], [67.23764191700013, 29.977729408000187], [67.2165962430002, 29.962774101000093]]]}}, {"type": "Feature", "properties": {"adm2_name": "Kalat", "adm2_name1": null, "adm2_name2": null, "adm2_name3": null, "adm2_pcode": "PK210", "adm1_name": "Balochistan", "adm1_name1": null, "adm1_name2": null, "adm1_name3": null, "adm1_pcode": "PK2", "adm0_name": "Pakistan", "adm0_name1": null, "adm0_name2": null, "adm0_name3": null, "adm0_pcode": "PK", "valid_on": "2022-09-09", "valid_to": null, "area_sqkm": 10179.77029569, "version": "v01", "lang": "en", "lang1": null, "lang2": null, "lang3": null, "adm2_ref_name": "Kalat", "center_lat": 29.08847412, "center_lon": 66.76992646}, "geometry": {"type": "Polygon", "coordinates": [[[66.64470906700012, 29.44373527400012], [66.61979763700003, 29.455384876000153], [66.61456969200009, 29.473575381000046], [66.64472162600015, 29.58967553600013], [66.62928738300008, 29.619628164], [66.59545993800009, 29.628459921000058], [66.52844932100004, 29.588289525000107], [66.45095688100008, 29.508297253000023], [66.4072634850001, 29.446279659000027], [66.38838080100004, 29.369631175000052], [66.36450194800005, 29.341674803000103], [66.29919598300017, 29.340322581000123], [66.19049375200007, 29.381636820000153], [66.1065519440001, 29.176300492000166], [66.10718045100015, 29.14360351], [66.145507817, 29.07647705300019], [66.12591552300006, 28.950927730000046], [66.07521218500005, 28.835158919000037], [66.04351806500011, 28.831481937999968], [66.03247070300017, 28.81768799300005], [66.01391601600017, 28.740112306000015], [66.02130127100008, 28.725280767000072], [66.0535278320001, 28.708923339000023], [66.08650224600012, 28.726936712000054], [66.310000264, 28.682461990000093], [66.33681463700009, 28.667472940000152], [66.39994181700001, 28.570985540000038], [66.48503888500005, 28.551399142000037], [66.56665788800012, 28.555735085000038], [66.6274352690001, 28.583911911000087], [66.73562624400017, 28.768106569000167], [66.77971000200012, 28.819616113999984], [66.91276650600014, 28.836110743000063], [67.18806454800017, 28.842538935000107], [67.27804745900005, 28.857530197000074], [67.28838350200004, 28.847368645000074], [67.30480379099998, 28.859126984000113], [67.39250848300014, 29.077689768000084], [67.45190484400007, 29.142843583000115], [67.46547800600007, 29.213419128000055], [67.4413361760001, 29.38292732200017], [67.36250972600004, 29.431699338000044], [67.32981874500013, 29.526201709000134], [67.25387643800002, 29.5016135140001], [67.1236823160001, 29.511815268000078], [67.06220998499998, 29.433002257000112], [66.95088942600017, 29.44485514400003], [66.82979629800002, 29.425220261000163], [66.81611810700014, 29.44024051300005], [66.86095546100006, 29.50301187100007], [66.86850088400007, 29.533904595000138], [66.85866542600019, 29.548732586000142], [66.80320695500012, 29.566048165000154], [66.64470906700012, 29.44373527400012]]]}}, {"type": "Feature", "properties": {"adm2_name": "Kech", "adm2_name1": null, "adm2_name2": null, "adm2_name3": null, "adm2_pcode": "PK211", "adm1_name": "Balochistan", "adm1_name1": null, "adm1_name2": null, "adm1_name3": null, "adm1_pcode": "PK2", "adm0_name": "Pakistan", "adm0_name1": null, "adm0_name2": null, "adm0_name3": null, "adm0_pcode": "PK", "valid_on": "2022-09-09", "valid_to": null, "area_sqkm": 24419.26922155, "version": "v01", "lang": "en", "lang1": null, "lang2": null, "lang3": null, "adm2_ref_name": "Kech", "center_lat": 26.00788891, "center_lon": 63.09183307}, "geometry": {"type": "Polygon", "coordinates": [[[63.00191879300013, 26.651948929000127], [62.77869796800013, 26.65228080700001], [62.736843109000176, 26.638530731000117], [62.72138595600012, 26.619895935000102], [62.660850525000114, 26.616514206000033], [62.60814666700014, 26.58501243600017], [62.44122695900012, 26.570030212000063], [62.40353775, 26.539346695000177], [62.31506729100005, 26.528869629000155], [62.295864105000135, 26.498744965000014], [62.30879592900004, 26.47667884800012], [62.282592772999976, 26.44725036600005], [62.256370544000106, 26.44598197900018], [62.26471328700018, 26.412694931000033], [62.29133606000016, 26.386837006000064], [62.28250503500004, 26.35836601300008], [62.132389069, 26.38998985300009], [62.12114715600006, 26.31676292400016], [62.0611457820001, 26.31541824300018], [61.95824432400002, 26.268585205000136], [61.87075424200009, 26.246738434000065], [61.84788131700003, 26.22813987700016], [61.83303451500012, 26.171104431000117], [61.78023529100011, 25.87086868300014], [61.80086449000015, 25.70548987800015], [61.96021967700017, 25.661039135000124], [62.011448833000145, 25.71401354300008], [62.027466415000106, 25.767524754000135], [62.04875189500018, 25.770072950000156], [62.05202424000015, 25.707298156000036], [62.076331989000096, 25.67901431100006], [62.072871463000126, 25.62495608500012], [62.11304903000007, 25.575153574000183], [62.108051779, 25.559997364000083], [62.06731401400009, 25.544226180000067], [62.05414628200003, 25.508891857000094], [62.0997928700001, 25.498655364], [62.11188854000011, 25.473877290000132], [62.40443782900013, 25.554124801000114], [62.79582403600017, 25.566244478000044], [62.830208076000076, 25.556035539000106], [62.86772608000018, 25.57811364300005], [62.974903795000046, 25.600309152000023], [63.04170982700015, 25.52766389400017], [63.354328113000065, 25.491771449], [63.37348599700016, 25.462012788000095], [63.41194073600019, 25.45075260200008], [63.43295347500015, 25.419950906999986], [63.43593955500012, 25.408419055000138], [63.40312244699999, 25.378309163000154], [63.41544271700013, 25.36325877900009], [63.46777425400006, 25.407425065000098], [63.780930278000085, 25.557928515000015], [64.04604845900008, 25.61430543100016], [64.08221488600014, 25.59831001100008], [64.11252665300003, 25.559926557000153], [64.17097762700018, 25.55973765400006], [64.20740255200013, 25.60736925800012], [64.24027811300004, 25.628381960000183], [64.2672197760001, 25.61259137000019], [64.35236179800012, 25.639878681000084], [64.35180191100011, 25.6548394940001], [64.29350141000009, 25.68964195300009], [64.27369095600017, 25.742837471000087], [64.32038246000002, 25.7731417010001], [64.32639357500011, 25.84426255500017], [64.35714817700011, 25.859079762000192], [64.35355747500006, 25.922232053000187], [64.38747528900012, 26.020357085000057], [64.49140978200006, 26.054544682000028], [64.51115321700001, 26.087318853000056], [64.51475707000009, 26.124062063000167], [64.49746627899998, 26.17685159399997], [64.45638175700009, 26.223264616999984], [64.36550052000013, 26.2659535520001], [64.34132370800006, 26.218128109000077], [64.25093252400006, 26.169023651000032], [64.16348321300018, 26.16846320700006], [64.07251206000007, 26.14828898500008], [64.03305971100008, 26.164195586000176], [63.88824053800005, 26.302282124000158], [63.85130230800013, 26.31488839900004], [63.775989773000106, 26.30841425], [63.71701763300007, 26.27465062200008], [63.59749677200011, 26.2653845480001], [63.586189269000045, 26.370528981000177], [63.525912504000075, 26.369741053000155], [63.50995996900008, 26.385448123000174], [63.52977829400004, 26.393465675000073], [63.53598660100005, 26.410798454000087], [63.59745927500012, 26.415693319000127], [63.59469956200013, 26.430133680999973], [63.4107279210001, 26.504400587000077], [63.33765765400017, 26.490754623000043], [63.19509794600009, 26.439009190000093], [63.13861550900003, 26.44399145900013], [63.13622205300004, 26.45869822300017], [63.16450507500019, 26.490544227000044], [63.122729885000126, 26.48611171600004], [63.125478627, 26.50632550400013], [63.08885178600008, 26.51271415500014], [63.129008941999984, 26.561746568], [63.12942212700017, 26.579367051000133], [63.071289388000196, 26.6409225430001], [63.00191879300013, 26.651948929000127]]]}}, {"type": "Feature", "properties": {"adm2_name": "Kharan", "adm2_name1": null, "adm2_name2": null, "adm2_name3": null, "adm2_pcode": "PK212", "adm1_name": "Balochistan", "adm1_name1": null, "adm1_name2": null, "adm1_name3": null, "adm1_pcode": "PK2", "adm0_name": "Pakistan", "adm0_name1": null, "adm0_name2": null, "adm0_name3": null, "adm0_pcode": "PK", "valid_on": "2022-09-09", "valid_to": null, "area_sqkm": 8215.89960795, "version": "v01", "lang": "en", "lang1": null, "lang2": null, "lang3": null, "adm2_ref_name": "Kharan", "center_lat": 28.72929692, "center_lon": 65.4966715}, "geometry": {"type": "Polygon", "coordinates": [[[66.14348298400012, 29.323537837000117], [66.09074933300008, 29.347244637000188], [66.0522365560002, 29.29281369800003], [66.05212839800015, 29.25662777500014], [66.00937483000013, 29.197486698000034], [65.95499185800014, 29.166441237000186], [65.86079553600007, 29.127611400000035], [65.81582658400009, 29.14584720800019], [65.73043756100014, 29.141275253], [65.69458323100008, 29.120498583000085], [65.68683273800013, 29.08312051600018], [65.62771228900016, 29.060566915000038], [65.60397345600018, 29.03444913300018], [65.52475701300011, 29.03918533899997], [65.45779335200007, 29.027669503000027], [65.25311139800004, 28.895147728000097], [65.16047911000004, 28.814639459999967], [65.04084889600017, 28.79500887500012], [64.93773826500018, 28.69198997400008], [64.91210840000008, 28.682776189000037], [64.96125147800012, 28.61894465400013], [64.97927551100008, 28.494778560000157], [64.99879160900014, 28.44848062799997], [65.211236122, 28.508398812], [65.23332164400006, 28.45568478900003], [65.27811811300006, 28.40546857100003], [65.280958898, 28.208105255000135], [65.34322924200012, 28.117940036999983], [65.3590697570001, 28.110617191000188], [65.45259101400018, 28.180092538000054], [65.6736191390001, 28.29386853500006], [65.88985313600017, 28.35789253400003], [65.92968161800013, 28.4223618150001], [65.99124048300007, 28.47468143100008], [66.04942961000012, 28.560713101000147], [66.08416803600005, 28.635124138000037], [66.09111894400019, 28.72305823100004], [66.04327392400006, 28.710876469000027], [66.01391601600017, 28.740112306000015], [66.03247070300017, 28.81768799300005], [66.04351806500011, 28.831481937999968], [66.07521218500005, 28.835158919000037], [66.12591552300006, 28.950927730000046], [66.145507817, 29.07647705300019], [66.10502742300014, 29.16269514100003], [66.16305806000008, 29.329616835000024], [66.14348298400012, 29.323537837000117]]]}}, {"type": "Feature", "properties": {"adm2_name": "Khuzdar", "adm2_name1": null, "adm2_name2": null, "adm2_name3": null, "adm2_pcode": "PK213", "adm1_name": "Balochistan", "adm1_name1": null, "adm1_name2": null, "adm1_name3": null, "adm1_pcode": "PK2", "adm0_name": "Pakistan", "adm0_name1": null, "adm0_name2": null, "adm0_name3": null, "adm0_pcode": "PK", "valid_on": "2022-09-09", "valid_to": null, "area_sqkm": 30954.90112722, "version": "v01", "lang": "en", "lang1": null, "lang2": null, "lang3": null, "adm2_ref_name": "Khuzdar", "center_lat": 27.29381322, "center_lon": 66.48125071}, "geometry": {"type": "Polygon", "coordinates": [[[67.22741675600014, 28.795211539000036], [67.2746809050002, 28.85698150100012], [67.18806454800017, 28.842538935000107], [66.88967173000009, 28.83443818400019], [66.774262184, 28.81531703200011], [66.6274352690001, 28.583911911000087], [66.48718956800008, 28.531545274000052], [66.42899130600011, 28.42825316900013], [66.45209608500016, 28.356817018000072], [66.51932694500005, 28.2858355890001], [66.5200027080001, 28.214565221000157], [66.49944309500012, 28.16707437600013], [66.25871151600006, 28.052164248000167], [66.0998621600001, 27.944516804000045], [66.03284209600008, 27.932025893000116], [65.96058714800017, 27.938283651000063], [65.92817801100011, 27.916662061000068], [65.88466466400007, 27.858411420000095], [65.79468387900016, 27.794115053000098], [65.77245916400011, 27.749927777000153], [65.76991142800011, 27.70821789200005], [65.71889611100016, 27.666293940000116], [65.69125515500002, 27.58259348400003], [65.7107552060001, 27.528690691000065], [65.59296621100009, 27.41752633599998], [65.77827496100014, 27.3574219570001], [65.84624410200007, 27.278710993], [65.88090539300015, 27.17486166100008], [65.91202685900015, 27.13936433000015], [65.98524007999998, 27.13946239800009], [66.04011468000016, 27.19453429600003], [66.04910233600003, 27.189227861000177], [66.05088734800012, 27.09937295000003], [66.01947968200005, 26.91501989400018], [65.92513187800006, 26.574663226000098], [65.93315994800014, 26.54177244100015], [66.10337009400007, 26.27187192700012], [66.08190228100011, 26.408404797000173], [66.11016942200007, 26.43033626700003], [66.1050051220002, 26.48772014000008], [66.12142829200013, 26.531158559000176], [66.17729963200014, 26.57105040400012], [66.22278778700019, 26.53302028500002], [66.25183715800006, 26.47989829200003], [66.288178045, 26.497777269999972], [66.32011355200012, 26.473522706999972], [66.4020682380002, 26.460775208000143], [66.46672674200005, 26.42649689899997], [66.506852042, 26.452667701000166], [66.55546727900014, 26.46034439900012], [66.59012008500014, 26.439388283000085], [66.60617650900008, 26.406207998000014], [66.63018775000006, 26.43754540900005], [66.70310927600019, 26.443321998000044], [66.70774085500017, 26.460068708000165], [66.7532179280002, 26.46657089500019], [66.7795238870001, 26.330531617000133], [66.83456542300019, 26.241235703000143], [66.89147987500019, 26.020263482000075], [66.9367451660001, 25.921543390000124], [66.97806481900005, 25.784353205000173], [66.9749567450001, 25.735403586000075], [67.09284999500011, 25.745415013000184], [67.12054290800006, 25.779396232000067], [67.11826938000002, 25.830740382000158], [67.13496343700012, 25.861391241000035], [67.11896445100007, 26.005624597], [67.13897522000013, 26.073567945000036], [67.14907768900014, 26.199390783000183], [67.14661323300015, 26.274702182999988], [67.10685115700005, 26.296896449000144], [67.08413611200007, 26.375934822000033], [66.98585324300018, 26.506345713000087], [66.96433092500001, 26.57073428300015], [67.13307952900004, 26.663248062000036], [67.12647247300009, 26.738306046], [67.14655304000007, 26.76842880200013], [67.13338171500016, 26.940352421], [67.14596557600015, 26.956362725000076], [67.13889312700019, 26.996227264000083], [67.16060638400006, 27.065963745000033], [67.1260375980001, 27.29582977300015], [67.16111755400004, 27.354455948000123], [67.18288421600016, 27.53230476400006], [67.22908020000006, 27.574895859000037], [67.25421142600004, 27.658462524000186], [67.30992126500013, 27.698938370000178], [67.35153961200007, 27.749166489], [67.35470581100014, 27.795917511000027], [67.39274597200017, 27.889986038000075], [67.38968035800013, 28.044168259000173], [67.40233706700013, 28.09371945000015], [67.39222109100012, 28.229162627000164], [67.35264775400009, 28.30802318400015], [67.34871787100013, 28.345730000000174], [67.32659900700014, 28.369478129000186], [67.3242399560001, 28.41347131900011], [67.30529163800014, 28.428820653], [67.26492168100009, 28.434417754000094], [67.22118283200018, 28.49011192500012], [67.17369265400009, 28.490768799000136], [67.1594314890001, 28.501926732000072], [67.21003587000013, 28.55924460400007], [67.23542105700005, 28.7023084760001], [67.22741675600014, 28.795211539000036]]]}}, {"type": "Feature", "properties": {"adm2_name": "Killa Abdullah", "adm2_name1": null, "adm2_name2": null, "adm2_name3": null, "adm2_pcode": "PK214", "adm1_name": "Balochistan", "adm1_name1": null, "adm1_name2": null, "adm1_name3": null, "adm1_pcode": "PK2", "adm0_name": "Pakistan", "adm0_name1": null, "adm0_name2": null, "adm0_name3": null, "adm0_pcode": "PK", "valid_on": "2022-09-09", "valid_to": null, "area_sqkm": 2992.9600501, "version": "v01", "lang": "en", "lang1": null, "lang2": null, "lang3": null, "adm2_ref_name": "Killa Abdullah", "center_lat": 31.11628248, "center_lon": 67.02418538}, "geometry": {"type": "MultiPolygon", "coordinates": [[[[66.7730379890001, 30.732310680000182], [66.76966892300004, 30.767742105000025], [66.84041635799997, 30.876693387000046], [66.84245876400007, 30.909021090000067], [66.82624140300015, 30.930457682000053], [66.83416453900008, 30.944805087000134], [66.62502101400008, 30.810926178000045], [66.62313134300018, 30.763849090000065], [66.59607373700015, 30.722046685000123], [66.62612384100015, 30.731078103000073], [66.61309706100019, 30.69975227300006], [66.57816952300004, 30.67806822700004], [66.45936736400006, 30.65500111800003], [66.40155177899999, 30.608280242000035], [66.4250225510001, 30.57844511700017], [66.39185917800017, 30.546251042000165], [66.36542461700009, 30.544459767000035], [66.3257297240001, 30.493381295000063], [66.35437076800002, 30.421773628000153], [66.334702762, 30.383468984000046], [66.33245994800006, 30.31731088200013], [66.28644460800001, 30.16403009800007], [66.23986253500004, 30.086096101000066], [66.2623778310001, 30.086455107000063], [66.35348725300003, 30.187763448], [66.41445060000012, 30.161775574000046], [66.51219801800005, 30.163369783000064], [66.51242046500005, 30.212952958000187], [66.52357063800008, 30.222328521000122], [66.5153603930001, 30.29720392600018], [66.55017313700017, 30.37161629800005], [66.54752600700016, 30.39699091100016], [66.57329263800005, 30.470356294], [66.5423920070001, 30.534090792000143], [66.56177151400016, 30.58285930300019], [66.679314143, 30.59534916500013], [66.79583463200004, 30.58441504300015], [66.83120388700007, 30.57038529400006], [66.84897401100011, 30.58143504000003], [66.7730379890001, 30.732310680000182]]], [[[67.06015002100008, 31.230449813000064], [67.02186495500013, 31.255039600000032], [67.04773753300015, 31.27527731300006], [67.04446335200004, 31.303828171000134], [66.96912444700018, 31.312609525000028], [66.8565810230001, 31.27850892900011], [66.8019873290001, 31.219072721000146], [66.76858610300013, 31.209745956], [66.78284385600006, 31.190667842000153], [66.81782193200013, 31.18138794400005], [66.82353263900006, 31.16496966300008], [66.82353263900006, 31.074312199000076], [66.849944656, 30.989365441000075], [66.84332994800019, 30.949142828000106], [66.86330211700005, 30.95212902100019], [66.92060534600017, 30.920556431000193], [66.96169909400015, 30.939791661000072], [66.958657534, 30.95500017100005], [66.9737031790001, 30.96763430900006], [67.00841680300016, 30.97251740400003], [67.06443209600008, 30.937217772], [67.22195849400003, 31.030025432000116], [67.21063461000011, 31.07529948900003], [67.22918533000006, 31.12260733400018], [67.25288146500003, 31.13798393600007], [67.24827033800017, 31.176476331000174], [67.26201754800002, 31.20694063400009], [67.18332791800009, 31.224854925000045], [67.1663447410001, 31.24339333800009], [67.06015002100008, 31.230449813000064]]]]}}, {"type": "Feature", "properties": {"adm2_name": "Killa Saifullah", "adm2_name1": null, "adm2_name2": null, "adm2_name3": null, "adm2_pcode": "PK215", "adm1_name": "Balochistan", "adm1_name1": null, "adm1_name2": null, "adm1_name3": null, "adm1_pcode": "PK2", "adm0_name": "Pakistan", "adm0_name1": null, "adm0_name2": null, "adm0_name3": null, "adm0_pcode": "PK", "valid_on": "2022-09-09", "valid_to": null, "area_sqkm": 12403.85893109, "version": "v01", "lang": "en", "lang1": null, "lang2": null, "lang3": null, "adm2_ref_name": "Killa Saifullah", "center_lat": 31.05339652, "center_lon": 68.49933222}, "geometry": {"type": "Polygon", "coordinates": [[[68.02070453800013, 31.49614533100015], [67.86006251600014, 31.56598526500005], [67.81739364100014, 31.597376722999968], [67.71309695400004, 31.520634616000166], [67.55399470600008, 31.528800232000094], [67.59099619600005, 31.479569836999985], [67.60539277000015, 31.418535829000064], [67.6440667060001, 31.396821720000105], [67.7503211180001, 31.413637654000013], [67.77830554400009, 31.391173498000114], [67.78545308100018, 31.343917244000068], [67.6204212610001, 31.276393808000137], [67.53924449100009, 31.26356229300012], [67.4483151170001, 31.227376737000156], [67.47664475400012, 31.204353542999968], [67.55475809100005, 31.2093591310001], [67.59156412800013, 31.159335295000176], [67.82152779100005, 31.144759196000052], [67.79843070099997, 31.090979334000053], [67.75113840200004, 31.07810012700014], [67.76161443700005, 31.060253281000143], [67.74472017200014, 31.030870304000018], [67.64660162600006, 30.96132456400011], [67.61549591800014, 30.92428383700019], [67.57321959500013, 30.89797298400009], [67.47006320600019, 30.87226283399997], [67.45027135300018, 30.848617732000037], [67.4443784950002, 30.829463452000084], [67.4743634960002, 30.81714623300013], [67.479287295, 30.794413305000035], [67.462988037, 30.738594302000138], [67.42839407500014, 30.71259127500008], [67.47109993300012, 30.708011793000082], [67.48874832899998, 30.670980250000184], [67.66646687300016, 30.688177105000136], [67.68646999600008, 30.65770775900006], [67.68830054300014, 30.617782217000126], [67.81363144500006, 30.615515081000126], [67.93817069099998, 30.65672055900012], [67.94942229400004, 30.614152500999978], [67.97155597900007, 30.591652534000048], [68.06600085700012, 30.612913208000066], [68.146862919, 30.612500571999988], [68.18373012200016, 30.563172152999982], [68.23979188100003, 30.547696989000144], [68.364401396, 30.58470393200014], [68.39473779300016, 30.580545185], [68.46136379100011, 30.53436452400007], [68.50158778000014, 30.55560347500011], [68.63590133700012, 30.575549683000077], [68.69270338100006, 30.570968839000102], [68.75671574900008, 30.537675761], [68.76241941500007, 30.511573849000058], [68.79411484100012, 30.51257503200003], [68.88516359800008, 30.539015365000182], [68.9414203290001, 30.576153231999967], [69.0197826590001, 30.59381715500018], [69.08587761600006, 30.648652596000034], [69.15381636700016, 30.668136196999967], [69.12954050500008, 30.705057529000044], [69.08120726800018, 30.6916042040001], [69.05700811200006, 30.75678235500004], [69.15274750000009, 30.80852689300019], [69.2518148490002, 30.839298586000098], [69.3040005630001, 30.985997975000146], [69.35023350100005, 31.000660053000047], [69.38030822400003, 31.043329393000192], [69.38174620300009, 31.053798551000057], [69.36115308799998, 31.062181323000175], [69.31278190600005, 31.02658817800011], [69.27478152000003, 31.025694287000135], [69.20937996000004, 31.092295247000095], [69.15522596200015, 31.106944598000098], [69.096984067, 31.146383042000082], [69.00150156300009, 31.12085562700014], [68.98948672900002, 31.139386051000145], [68.92934291500018, 31.110403093000173], [68.91041648800012, 31.141688421000083], [68.86584555500013, 31.136608150000086], [68.79864502000004, 31.152935408000076], [68.75283913200008, 31.109301203000143], [68.70431769500004, 31.097659568000154], [68.66495357900016, 31.184182709000083], [68.68207575400015, 31.2098769050001], [68.65362649700018, 31.247217298000123], [68.65612112000008, 31.33225191000014], [68.57944732800013, 31.356855419000055], [68.38105726500015, 31.2834460520001], [68.22231884600018, 31.334640712000066], [68.02070453800013, 31.49614533100015]]]}}, {"type": "Feature", "properties": {"adm2_name": "Kohlu", "adm2_name1": null, "adm2_name2": null, "adm2_name3": null, "adm2_pcode": "PK216", "adm1_name": "Balochistan", "adm1_name1": null, "adm1_name2": null, "adm1_name3": null, "adm1_pcode": "PK2", "adm0_name": "Pakistan", "adm0_name1": null, "adm0_name2": null, "adm0_name3": null, "adm0_pcode": "PK", "valid_on": "2022-09-09", "valid_to": null, "area_sqkm": 7728.05262553, "version": "v01", "lang": "en", "lang1": null, "lang2": null, "lang3": null, "adm2_ref_name": "Kohlu", "center_lat": 29.64408643, "center_lon": 68.80719468}, "geometry": {"type": "Polygon", "coordinates": [[[69.45695748600008, 29.97013834400019], [69.4958712580002, 30.0697382620001], [69.41974861800003, 30.053759439000032], [69.35313217300006, 30.02810826500007], [69.35356070300003, 30.016248421], [69.334796741, 30.00864697999998], [69.17984005300008, 30.007858206000094], [69.14517106500017, 29.98939759200016], [69.07404664300003, 29.992150651000145], [69.04072451100018, 29.97614442000014], [68.98169950200008, 29.985767708000026], [68.94437273700015, 30.028266724000105], [68.85523850200013, 29.996793773000093], [68.80455766200004, 29.948944377000146], [68.75976725800007, 29.928676512000152], [68.57238179500001, 29.913924735000023], [68.47991173700018, 29.950980507000054], [68.40943731700014, 30.016086312000027], [68.39782882800006, 29.91338559100018], [68.5207218490001, 29.841031597999972], [68.573477546, 29.825502850000134], [68.56277552700016, 29.775362090000158], [68.57243505500003, 29.732542165000098], [68.54049576700004, 29.693877715000042], [68.45713959600005, 29.659450475000085], [68.42560526900013, 29.62145212000013], [68.26564223900016, 29.62848885900013], [68.22300029200005, 29.59010265699999], [68.1936791230001, 29.584565665000184], [68.09713032700006, 29.422187449000035], [68.15207736800005, 29.40300765], [68.18230289000019, 29.369647702000066], [68.34329100100013, 29.263837423000155], [68.47969849999998, 29.21744155000016], [68.66068508200004, 29.264081562000058], [68.92049579600013, 29.22274572200007], [69.01642542500014, 29.260612142000014], [69.12929405600005, 29.247394244000077], [69.18746081299997, 29.2595269360001], [69.25653101299997, 29.336872507000123], [69.32577339700003, 29.36038382700019], [69.36707916000006, 29.399371823000024], [69.45204288300016, 29.43771510100015], [69.48745871000011, 29.468442853000113], [69.49976006700012, 29.512251468000102], [69.42613392400006, 29.543697635000058], [69.4308794160001, 29.58273272300005], [69.47133531700018, 29.628229530999988], [69.54075662500009, 29.671259362000058], [69.57245631500012, 29.67846124400012], [69.62889875100018, 29.668724684000097], [69.64600486400002, 29.68526110600004], [69.59253088200012, 29.705207676000157], [69.48978350200008, 29.69914268400015], [69.34787907000003, 29.63410749900015], [69.25551740900016, 29.611339742999974], [69.19056614000016, 29.629956997000136], [69.09880121200018, 29.680983005000144], [69.06302822600009, 29.735621226000035], [69.14804531100015, 29.773249297000064], [69.19263207, 29.81749266800017], [69.28145800900012, 29.86493843500017], [69.39167012000007, 29.89739997400011], [69.40457958400009, 29.9294876780001], [69.45695748600008, 29.97013834400019]]]}}, {"type": "Feature", "properties": {"adm2_name": "Lasbela", "adm2_name1": null, "adm2_name2": null, "adm2_name3": null, "adm2_pcode": "PK217", "adm1_name": "Balochistan", "adm1_name1": null, "adm1_name2": null, "adm1_name3": null, "adm1_pcode": "PK2", "adm0_name": "Pakistan", "adm0_name1": null, "adm0_name2": null, "adm0_name3": null, "adm0_pcode": "PK", "valid_on": "2022-09-09", "valid_to": null, "area_sqkm": 14057.35277035, "version": "v01", "lang": "en", "lang1": null, "lang2": null, "lang3": null, "adm2_ref_name": "Lasbela", "center_lat": 25.77341673, "center_lon": 66.60343932}, "geometry": {"type": "MultiPolygon", "coordinates": [[[[67.33713530500012, 25.706052755000087], [67.41313934300007, 25.818359375000114], [67.39904022200011, 25.882753371999968], [67.42642211900005, 26.072959900000114], [67.38768005400004, 26.136064529000066], [67.35950470000006, 26.14996910100018], [67.26555633499999, 26.346961975000113], [67.17758178700012, 26.471496582000157], [67.11471708400012, 26.65498374600014], [66.96433092500001, 26.57073428300015], [66.98585324300018, 26.506345713000087], [67.08413611200007, 26.375934822000033], [67.10685115700005, 26.296896449000144], [67.14661323300015, 26.274702182999988], [67.13897522000013, 26.073567945000036], [67.11896445100007, 26.005624597], [67.13486822000016, 25.85681234400016], [67.11826938000002, 25.830740382000158], [67.12054290800006, 25.779396232000067], [67.09741237800006, 25.748262219000026], [66.9749567450001, 25.735403586000075], [66.97806481900005, 25.784353205000173], [66.9367451660001, 25.921543390000124], [66.89147987500019, 26.020263482000075], [66.83456542300019, 26.241235703000143], [66.7795238870001, 26.330531617000133], [66.7532179280002, 26.46657089500019], [66.70774085500017, 26.460068708000165], [66.70310927600019, 26.443321998000044], [66.63018775000006, 26.43754540900005], [66.60617650900008, 26.406207998000014], [66.59012008500014, 26.439388283000085], [66.56108184800013, 26.459514701000046], [66.506852042, 26.452667701000166], [66.46672674200005, 26.42649689899997], [66.4020682380002, 26.460775208000143], [66.32011355200012, 26.473522706999972], [66.28443723700013, 26.497760907000156], [66.23410211700002, 26.463896174000126], [66.22708909600004, 26.384824713000114], [66.17036563600004, 26.334246114000052], [66.1623468890001, 26.275356600000066], [66.16918291700011, 26.229160427000068], [66.2013311180001, 26.161245194000116], [66.26002414200013, 25.849884099000064], [66.19687061700006, 25.69254839399997], [66.06996109400018, 25.476263419000134], [66.02850383900005, 25.44997934900016], [65.97174255300013, 25.484849724000128], [65.93571518000016, 25.475357424000038], [65.90216113999998, 25.49945092300004], [65.84862437100014, 25.481403327000123], [65.73843310900003, 25.514988366000125], [65.62770785200001, 25.479521166000097], [65.54495908500007, 25.434179674], [65.50888925600003, 25.43211163800015], [65.4984973280001, 25.447946235000188], [65.53343863900005, 25.465954247000127], [65.54969913600013, 25.49718849600015], [65.53781251900011, 25.556669202000023], [65.51726416999998, 25.56904175], [65.50281186800004, 25.613200872000164], [65.53097822500007, 25.632797972000162], [65.53775856599998, 25.67979978900007], [65.52561097000017, 25.686387566000064], [65.43073418400007, 25.636619244000144], [65.35681251700004, 25.61810347000005], [65.34701650800014, 25.591113851999978], [65.3003763260001, 25.609842358000094], [65.30059703400008, 25.595571146000054], [65.27015562300011, 25.585943314000133], [65.24928143300014, 25.557962546000113], [65.22731663900015, 25.56942646600004], [65.20315449300006, 25.557271664000154], [65.20572056800017, 25.38948598700017], [65.23808528300009, 25.344420518999982], [65.255149841, 25.38218498300006], [65.31019592300015, 25.384836197000027], [65.31893158000003, 25.396753311000168], [65.31892395000011, 25.385046005000163], [65.33805084200014, 25.380525589000058], [65.3710632320001, 25.39025116000016], [65.50572967500017, 25.376098633000026], [65.5435180660001, 25.419864654000094], [65.51778411900011, 25.37038803100006], [65.63575744600013, 25.349479675999987], [65.77301025400004, 25.383459091000134], [65.83869171200013, 25.419389725000144], [65.954948425, 25.413171768000154], [66.01435089100016, 25.4209461210001], [66.00915527300015, 25.436815262000152], [66.02401733400018, 25.434106827000107], [66.02375030500019, 25.443708420000064], [66.03913116500007, 25.426599502000045], [66.125541687, 25.45072555600018], [66.27653503400006, 25.467828751000184], [66.35997009300013, 25.460126877000107], [66.51329803500016, 25.404550552000046], [66.52840423600014, 25.415794372000107], [66.492843628, 25.447839737000038], [66.51743316700004, 25.492052078000086], [66.47518920900006, 25.49959564200003], [66.42652893000013, 25.482631682999966], [66.39429473900015, 25.506635666000022], [66.39725494300012, 25.521589280000057], [66.35796356200012, 25.52482604900007], [66.33493042000003, 25.553155899000046], [66.30878448500005, 25.546459198000093], [66.31404876700003, 25.537685394000107], [66.28482055600011, 25.542142867999985], [66.25452423100012, 25.512487411000052], [66.19562530500002, 25.48895835900015], [66.12203979500003, 25.474193573000093], [66.11908721900016, 25.487026214000082], [66.091850281, 25.47961425799997], [66.13275146500007, 25.507869719999974], [66.13365936300005, 25.54427337700014], [66.19006347700008, 25.59928321800004], [66.23220825200008, 25.590358734000063], [66.29689025800013, 25.62392807000009], [66.3104782100001, 25.610057831000063], [66.36756134100011, 25.615905761000022], [66.37253570600006, 25.59896850600012], [66.39908599900008, 25.5835189820001], [66.44540405300017, 25.597265244000027], [66.45516967700013, 25.61938285800005], [66.46721649200003, 25.56991195700016], [66.47994995100015, 25.58775520300003], [66.50279235800019, 25.5773639680001], [66.53924560500019, 25.644187927000132], [66.5327072140002, 25.62157630900009], [66.54295349100005, 25.614450455000053], [66.51588440000006, 25.563455582000017], [66.52886199900007, 25.542228699000077], [66.55760955800002, 25.538118362999967], [66.560005188, 25.45295715300017], [66.59420013400012, 25.425022125000055], [66.57827758800005, 25.411457062000068], [66.57939910900018, 25.372846603000085], [66.56614685000017, 25.371082306000062], [66.55527496300004, 25.392181396000183], [66.55010223400006, 25.365238190000184], [66.6783218380001, 25.271114349000186], [66.74201202400008, 25.18325996400017], [66.73859405500019, 25.142190933], [66.70414733900003, 25.082618713000045], [66.71220398000003, 25.03153801000019], [66.69378662100002, 24.993246078000027], [66.70035553000008, 24.94963264500018], [66.67544555700005, 24.923625946000186], [66.68692779500009, 24.89273262000006], [66.69846344000018, 24.89066314700011], [66.78406524700017, 24.965326309000147], [66.85739135800014, 25.002532959000064], [66.92309570300006, 25.01765060400004], [67.00775909400016, 25.100936890000185], [67.00833129900019, 25.16232109100008], [67.03182220500014, 25.20103263900012], [67.0897216800002, 25.241214752000133], [67.13780813400018, 25.315238657000066], [67.13906097400013, 25.357315063000044], [67.16223907500006, 25.39540672300012], [67.16332244900013, 25.45248985300003], [67.20110321000004, 25.499628067000117], [67.24398803700012, 25.523412704000123], [67.25704956100014, 25.56574440000003], [67.30002594000018, 25.59184455900015], [67.33713530500012, 25.706052755000087]]], [[[66.4235305790001, 25.525558472000057], [66.41266632000008, 25.535995484000125], [66.41631317100013, 25.555782318000183], [66.39531707800012, 25.55202293399998], [66.396690368, 25.537866593000103], [66.4235305790001, 25.525558472000057]]], [[[66.34947967500011, 25.55227851799998], [66.34776306200007, 25.563911438000105], [66.343864441, 25.56354713500008], [66.34947967500011, 25.55227851799998]]], [[[66.38414001400008, 25.554502487000093], [66.38729095400004, 25.565494538000166], [66.38415527400008, 25.568504333000078], [66.37980651800018, 25.56310653700018], [66.38414001400008, 25.554502487000093]]], [[[66.19548797600015, 25.532838821000155], [66.20520019600008, 25.573156357000016], [66.16239929200009, 25.540662766000082], [66.19548797600015, 25.532838821000155]]], [[[66.37882995600017, 25.57853126500015], [66.37530517600004, 25.58465957600015], [66.37090301600011, 25.589916229000096], [66.37882995600017, 25.57853126500015]]], [[[66.35621643000019, 25.58410453800002], [66.35424804700011, 25.59133911100008], [66.35097503600008, 25.592252732000077], [66.35621643000019, 25.58410453800002]]]]}}, {"type": "Feature", "properties": {"adm2_name": "Lehri", "adm2_name1": null, "adm2_name2": null, "adm2_name3": null, "adm2_pcode": "PK218", "adm1_name": "Balochistan", "adm1_name1": null, "adm1_name2": null, "adm1_name3": null, "adm1_pcode": "PK2", "adm0_name": "Pakistan", "adm0_name1": null, "adm0_name2": null, "adm0_name3": null, "adm0_pcode": "PK", "valid_on": "2022-09-09", "valid_to": null, "area_sqkm": 3285.29198826, "version": "v01", "lang": "en", "lang1": null, "lang2": null, "lang3": null, "adm2_ref_name": "Lehri", "center_lat": 28.99352569, "center_lon": 67.98600513}, "geometry": {"type": "Polygon", "coordinates": [[[68.099507748, 29.339229429000113], [67.98382486200012, 29.375397868000164], [67.96981313000003, 29.286316436000163], [67.98378578000006, 29.152210075000085], [67.96841340700013, 29.092319768000152], [67.7335569650001, 29.14761764900004], [67.73951573700003, 29.086814651], [67.679069583, 29.000120167000148], [67.64885693999997, 28.91485165600011], [67.68481610800006, 28.838171175000014], [67.73611582799998, 28.818228226000087], [67.70248288600004, 28.772205134000103], [67.74781458000018, 28.700062177000177], [67.77594414800006, 28.608114399000158], [67.82744724800017, 28.617838099000153], [67.87069620600016, 28.608820195000078], [67.89054051900007, 28.646461168000144], [67.86569314400009, 28.660150159000068], [67.86858210100007, 28.673717395000153], [67.89630295199998, 28.693817591000027], [67.95843504100014, 28.780796359000135], [67.96943833000012, 28.776617043000044], [67.96766013700017, 28.705731248000177], [67.982872666, 28.70094696600006], [68.03289017100019, 28.729882577000126], [68.02345685000012, 28.778324148000138], [68.06875806200009, 28.783717163000063], [68.234625268, 28.855037556000127], [68.2595128100001, 28.928712818000122], [68.2301871470001, 28.953419299000075], [68.2594528520001, 28.984258415000113], [68.32331743700007, 29.005552541000043], [68.3828668020002, 29.049495270000136], [68.28248767600013, 29.170120016], [68.28936090900015, 29.22148143400011], [68.31449202900012, 29.2261178710001], [68.41231619500013, 29.20209730400012], [68.48650124100004, 29.217451012000026], [68.34329100100013, 29.263837423000155], [68.17727591800008, 29.374452673000178], [68.099507748, 29.339229429000113]]]}}, {"type": "Feature", "properties": {"adm2_name": "Loralai", "adm2_name1": null, "adm2_name2": null, "adm2_name3": null, "adm2_pcode": "PK219", "adm1_name": "Balochistan", "adm1_name1": null, "adm1_name2": null, "adm1_name3": null, "adm1_pcode": "PK2", "adm0_name": "Pakistan", "adm0_name1": null, "adm0_name2": null, "adm0_name3": null, "adm0_pcode": "PK", "valid_on": "2022-09-09", "valid_to": null, "area_sqkm": 3796.60264582, "version": "v01", "lang": "en", "lang1": null, "lang2": null, "lang3": null, "adm2_ref_name": "Loralai", "center_lat": 30.47794165, "center_lon": 68.88004311}, "geometry": {"type": "Polygon", "coordinates": [[[69.56112588400015, 30.448366792000115], [69.40901030500015, 30.54797125800019], [69.34043843100017, 30.61526490900019], [69.22461820100006, 30.627063773000145], [69.20830674500013, 30.67997900100005], [69.14124191300016, 30.691128083000024], [69.15381636700016, 30.668136196999967], [69.08587761600006, 30.648652596000034], [69.02187939400017, 30.59482492100011], [68.9414203290001, 30.576153231999967], [68.88516359800008, 30.539015365000182], [68.76769991900017, 30.509683204], [68.74906255000008, 30.54413068500014], [68.69270338100006, 30.570968839000102], [68.63590133700012, 30.575549683000077], [68.50158778000014, 30.55560347500011], [68.46136379100011, 30.53436452400007], [68.39473779300016, 30.580545185], [68.364401396, 30.58470393200014], [68.2588499520001, 30.547737679000136], [68.20602004900013, 30.554200255000183], [68.13380864900012, 30.61411632300019], [68.01172377800009, 30.605939579999983], [67.98540479899998, 30.588995740000144], [67.9504382500001, 30.612659945000132], [67.93817069099998, 30.65672055900012], [67.81363144500006, 30.615515081000126], [67.69895911300006, 30.619195467000168], [67.71773521400007, 30.563344999000094], [67.7811482140001, 30.520378193000056], [67.78000686200016, 30.503678450000052], [67.84788678700016, 30.50404737399998], [67.96260418600008, 30.480156383000065], [67.97867748800019, 30.50884238500015], [68.03421061000012, 30.542916837000064], [68.22661795200008, 30.52908162700004], [68.24107784700004, 30.457352581000123], [68.3106312480001, 30.448968419000096], [68.32158568600005, 30.427028539000048], [68.31444537700014, 30.389070773000185], [68.39036506000014, 30.378385231000152], [68.51895772700016, 30.386488442000086], [68.52345851000018, 30.379297651000115], [68.48117958300008, 30.342436133000035], [68.49650501200006, 30.30449045900008], [68.56658018000007, 30.292338932000177], [68.57177874500007, 30.276970100000085], [68.59992639300003, 30.26605697800005], [68.68505780800012, 30.265068296000095], [68.99578148100005, 30.299496119000025], [69.01990536400007, 30.324983196000062], [69.20467532600014, 30.391311219999977], [69.31336244400012, 30.344345190000126], [69.46098202100012, 30.35262484000009], [69.56112588400015, 30.448366792000115]]]}}, {"type": "Feature", "properties": {"adm2_name": "Mastung", "adm2_name1": null, "adm2_name2": null, "adm2_name3": null, "adm2_pcode": "PK220", "adm1_name": "Balochistan", "adm1_name1": null, "adm1_name2": null, "adm1_name3": null, "adm1_pcode": "PK2", "adm0_name": "Pakistan", "adm0_name1": null, "adm0_name2": null, "adm0_name3": null, "adm0_pcode": "PK", "valid_on": "2022-09-09", "valid_to": null, "area_sqkm": 4712.72577018, "version": "v01", "lang": "en", "lang1": null, "lang2": null, "lang3": null, "adm2_ref_name": "Mastung", "center_lat": 29.74562768, "center_lon": 66.73051219}, "geometry": {"type": "Polygon", "coordinates": [[[66.81968761800016, 30.02504968400001], [66.80742767000004, 30.045543232000114], [66.83503686900013, 30.069266909000078], [66.79753794800013, 30.085153308000088], [66.79266935900012, 30.116169007000167], [66.75022244900003, 30.12626424600012], [66.72164046100005, 30.152566601000046], [66.69613899900014, 30.153263360000096], [66.62312471600006, 30.022842662000187], [66.60231684600006, 29.952846094000108], [66.5667261000001, 29.911189910000132], [66.56803322600007, 29.873576703000083], [66.53135541400007, 29.814371391000066], [66.48219468800016, 29.814832922000164], [66.433610504, 29.854050996000012], [66.37957656600014, 29.846668380999972], [66.26806096100012, 29.87280659000004], [66.25804801200007, 29.86062024200004], [66.30779134000005, 29.83785629000016], [66.28022596200009, 29.789094738000074], [66.27808297500019, 29.746906290000084], [66.29179254800005, 29.660637221], [66.31245586500006, 29.63190438100014], [66.29493769900012, 29.57977696900008], [66.26373452700011, 29.545212043000106], [66.25800150000015, 29.493673061000095], [66.192780427, 29.384238274000097], [66.29919598300017, 29.340322581000123], [66.36450194800005, 29.341674803000103], [66.38838080100004, 29.369631175000052], [66.4072634850001, 29.446279659000027], [66.45095688100008, 29.508297253000023], [66.52844932100004, 29.588289525000107], [66.59545993800009, 29.628459921000058], [66.62928738300008, 29.619628164], [66.64472162600015, 29.58967553600013], [66.61456969200009, 29.473575381000046], [66.63900860500007, 29.444702096000128], [66.66280464500005, 29.447795583000072], [66.7093126200001, 29.49772371800009], [66.80831142600016, 29.56628260000008], [66.85866542600019, 29.548732586000142], [66.86850088400007, 29.533904595000138], [66.81765812000009, 29.42876224400004], [66.95088942600017, 29.44485514400003], [67.0680529770001, 29.435120020000113], [67.07423495000012, 29.46109359800016], [67.08813257200018, 29.456485274000045], [67.12307000400006, 29.501585622000107], [67.1250243240001, 29.534824019000155], [67.19229945100017, 29.586101417000066], [67.20866547600008, 29.64453914700016], [67.27681027200009, 29.701619330000085], [67.18513508000007, 29.743276946000037], [67.15841539600012, 29.76942683700014], [67.11517513600018, 29.951703177000127], [67.08001613200008, 29.966713424000147], [67.05467777000018, 29.947866425000143], [66.99529038300011, 29.98074605], [66.96068862000004, 29.980051096000068], [66.94819619300017, 30.047230219000028], [66.88756506600004, 30.056537655000056], [66.84477924200019, 30.026996639000117], [66.81968761800016, 30.02504968400001]]]}}, {"type": "Feature", "properties": {"adm2_name": "Musakhel", "adm2_name1": null, "adm2_name2": null, "adm2_name3": null, "adm2_pcode": "PK221", "adm1_name": "Balochistan", "adm1_name1": null, "adm1_name2": null, "adm1_name3": null, "adm1_pcode": "PK2", "adm0_name": "Pakistan", "adm0_name1": null, "adm0_name2": null, "adm0_name3": null, "adm0_pcode": "PK", "valid_on": "2022-09-09", "valid_to": null, "area_sqkm": 5900.70124576, "version": "v01", "lang": "en", "lang1": null, "lang2": null, "lang3": null, "adm2_ref_name": "Musakhel", "center_lat": 30.89708389, "center_lon": 69.95799643}, "geometry": {"type": "Polygon", "coordinates": [[[70.27198791500007, 31.44620704700003], [70.26078796400003, 31.50745582600007], [70.24559021000005, 31.50854682900001], [70.14958953900015, 31.433799744000055], [70.12470245400004, 31.42833328200004], [70.11384582500017, 31.44668006900008], [70.0958023070001, 31.449081421000187], [70.09504699700011, 31.412441254000157], [70.07304382300015, 31.388237000000174], [70.05242405000018, 31.398348504000126], [70.02717379700005, 31.358973805000176], [70.02812705100007, 31.301564045000077], [69.99525203600018, 31.286817180000185], [69.96151954300007, 31.288414672000158], [69.93042595900005, 31.247804590000044], [69.82719601300005, 31.286571412000058], [69.82768752500004, 31.297754431000158], [69.789959765, 31.284973667000145], [69.76206339200013, 31.253636418000156], [69.71962751800015, 31.273564397000087], [69.69426564600008, 31.242721556000106], [69.71621615300006, 31.223877122000033], [69.69622689800019, 31.181443922000085], [69.69769963300007, 31.109060356000043], [69.72426428000006, 31.096870612000032], [69.70496941500011, 31.055671873000165], [69.73150012100007, 31.038107359000094], [69.71823210900004, 30.98487444799997], [69.67462905399998, 30.930351279000035], [69.62516899600001, 30.833780106], [69.53187556400007, 30.748239646000115], [69.53035650300006, 30.663016903000084], [69.47353450500003, 30.60692764300012], [69.46084548699997, 30.56402741400018], [69.46864935600007, 30.540487291000147], [69.52783827600013, 30.538259774000096], [69.53382058800003, 30.504938770000024], [69.55802821900005, 30.495776959000068], [69.54719685100002, 30.46994780500006], [69.56112588400015, 30.448366792000115], [69.65253313000017, 30.410495854000146], [69.65181013400007, 30.37976963300008], [69.66594542700017, 30.384054055000036], [69.70461324200005, 30.36252416500014], [69.71936100700003, 30.373928156000034], [69.76070540000006, 30.35020810600014], [69.78006185400005, 30.299053604000107], [69.8245696680001, 30.29245236800017], [69.89626313000002, 30.333297510000193], [69.96117024900013, 30.322636412], [69.99344635000017, 30.381175995000092], [70.00194549600013, 30.456573486000025], [70.03894043000008, 30.495489120000116], [70.08563232400019, 30.592920303000085], [70.0948257450001, 30.628730774000132], [70.0871429440001, 30.69295501700003], [70.10349327000006, 30.732211591000066], [70.15615844700011, 30.73727226300008], [70.16819000200002, 30.774669647000167], [70.21262359600013, 30.78513908400015], [70.22398376500013, 30.840450287000124], [70.26716613800016, 30.845289230000162], [70.2695007320001, 30.86534309400014], [70.25255584700005, 30.882833481000034], [70.26607513400018, 31.019142151000153], [70.29478454600007, 31.10486030600015], [70.29273986800018, 31.15946197500017], [70.26737213100006, 31.188756943000044], [70.27024841300005, 31.213401794000163], [70.25711822500006, 31.228103638000164], [70.27179718000019, 31.25001716600019], [70.27198791500007, 31.44620704700003]]]}}, {"type": "Feature", "properties": {"adm2_name": "Nasirabad", "adm2_name1": null, "adm2_name2": null, "adm2_name3": null, "adm2_pcode": "PK222", "adm1_name": "Balochistan", "adm1_name1": null, "adm1_name2": null, "adm1_name3": null, "adm1_pcode": "PK2", "adm0_name": "Pakistan", "adm0_name1": null, "adm0_name2": null, "adm0_name3": null, "adm0_pcode": "PK", "valid_on": "2022-09-09", "valid_to": null, "area_sqkm": 3224.90352226, "version": "v01", "lang": "en", "lang1": null, "lang2": null, "lang3": null, "adm2_ref_name": "Nasirabad", "center_lat": 28.62640723, "center_lon": 68.12924434}, "geometry": {"type": "Polygon", "coordinates": [[[68.4481788820001, 28.674007623000023], [68.41442154800018, 28.887968432000093], [68.41429182899998, 28.97300680700016], [68.3828668020002, 29.049495270000136], [68.32331743700007, 29.005552541000043], [68.2594528520001, 28.984258415000113], [68.2301871470001, 28.953419299000075], [68.2595128100001, 28.928712818000122], [68.22880621500002, 28.851281832999973], [68.06875806200009, 28.783717163000063], [68.02345685000012, 28.778324148000138], [68.03289017100019, 28.729882577000126], [67.982872666, 28.70094696600006], [67.96681276100003, 28.709314132000145], [67.96885076200016, 28.780910772000084], [67.95367266500011, 28.77728873899997], [67.89630295199998, 28.693817591000027], [67.86858210100007, 28.673717395000153], [67.86569314400009, 28.660150159000068], [67.89054051900007, 28.646461168000144], [67.87069620600016, 28.608820195000078], [67.82744724800017, 28.617838099000153], [67.77594414800006, 28.608114399000158], [67.78845809500012, 28.55372641600019], [67.75007815300017, 28.476322062], [67.74261737900014, 28.426690552000082], [67.80362310100008, 28.20355844300019], [67.97347305300008, 28.248445587000163], [68.07096932400009, 28.33989495800006], [68.07889593300018, 28.386444685000185], [68.14189874600004, 28.422552197000073], [68.20372886700011, 28.4408808230001], [68.29383043700011, 28.445617886000093], [68.34826830100019, 28.435157935000177], [68.37630394500013, 28.44525181800003], [68.38758875700017, 28.48233049200013], [68.38130107400013, 28.638813407000157], [68.40373296500013, 28.66031279000009], [68.4481788820001, 28.674007623000023]]]}}, {"type": "Feature", "properties": {"adm2_name": "Nushki", "adm2_name1": null, "adm2_name2": null, "adm2_name3": null, "adm2_pcode": "PK223", "adm1_name": "Balochistan", "adm1_name1": null, "adm1_name2": null, "adm1_name3": null, "adm1_pcode": "PK2", "adm0_name": "Pakistan", "adm0_name1": null, "adm0_name2": null, "adm0_name3": null, "adm0_pcode": "PK", "valid_on": "2022-09-09", "valid_to": null, "area_sqkm": 5863.17391284, "version": "v01", "lang": "en", "lang1": null, "lang2": null, "lang3": null, "adm2_ref_name": "Nushki", "center_lat": 29.44681298, "center_lon": 65.73250908}, "geometry": {"type": "Polygon", "coordinates": [[[66.16305806000008, 29.329616835000024], [66.24247065000014, 29.462282243000175], [66.26373452700011, 29.545212043000106], [66.29493769900012, 29.57977696900008], [66.31245586500006, 29.63190438100014], [66.29179254800005, 29.660637221], [66.27808297500019, 29.746906290000084], [66.28022596200009, 29.789094738000074], [66.30779134000005, 29.83785629000016], [66.25804801200007, 29.86062024200004], [65.12930303400015, 29.551636985000016], [65.26112226300017, 29.41346916900011], [65.47623186300001, 29.032922518000078], [65.60397345600018, 29.03444913300018], [65.62771228900016, 29.060566915000038], [65.68683273800013, 29.08312051600018], [65.69458323100008, 29.120498583000085], [65.73043756100014, 29.141275253], [65.81582658400009, 29.14584720800019], [65.86079553600007, 29.127611400000035], [65.95499185800014, 29.166441237000186], [66.00937483000013, 29.197486698000034], [66.05212839800015, 29.25662777500014], [66.0522365560002, 29.29281369800003], [66.09074933300008, 29.347244637000188], [66.14392951700017, 29.323521711000183], [66.16305806000008, 29.329616835000024]]]}}, {"type": "Feature", "properties": {"adm2_name": "Panjgur", "adm2_name1": null, "adm2_name2": null, "adm2_name3": null, "adm2_pcode": "PK224", "adm1_name": "Balochistan", "adm1_name1": null, "adm1_name2": null, "adm1_name3": null, "adm1_pcode": "PK2", "adm0_name": "Pakistan", "adm0_name1": null, "adm0_name2": null, "adm0_name3": null, "adm0_pcode": "PK", "valid_on": "2022-09-09", "valid_to": null, "area_sqkm": 17582.38584234, "version": "v01", "lang": "en", "lang1": null, "lang2": null, "lang3": null, "adm2_ref_name": "Panjgur", "center_lat": 26.71466967, "center_lon": 64.20205288}, "geometry": {"type": "Polygon", "coordinates": [[[64.50102398700005, 27.161873076000177], [64.48392221100005, 27.206438929000115], [64.4569394180001, 27.226724460000185], [64.45406091200016, 27.25053104800014], [64.42626114100011, 27.28748722000006], [64.401702694, 27.298164832000168], [64.37473959700009, 27.258930926000062], [64.32843078100007, 27.23857104500007], [64.25259206500016, 27.161548449000065], [64.23856614200002, 27.174432519000106], [64.19271763700004, 27.129783770000074], [64.11270327900007, 27.110390063000068], [64.1243192500001, 27.070976025000164], [64.11596565600007, 27.033004778000134], [64.07716558200019, 26.987315750999983], [64.106080432, 27.051773309999987], [64.10208034200019, 27.074678359000075], [64.00994018500012, 27.085473966000052], [63.964930565000145, 27.107553946000166], [63.90302945600013, 27.14841993300007], [63.89614022000012, 27.185905872000035], [63.81367837600004, 27.260647244000154], [63.734660182000084, 27.23641620100011], [63.658234390000075, 27.229078415000174], [63.60492691200005, 27.239069321000102], [63.579310946000135, 27.216604322000023], [63.454715496000176, 27.207698811000114], [63.419372594000095, 27.194795387000056], [63.25591196100004, 27.214153036000084], [63.24811671900005, 27.208451272000104], [63.299243927000134, 27.17892074600013], [63.317459106000115, 27.138658524000164], [63.255905151000036, 27.082952499000044], [63.25669097900004, 26.928676605000135], [63.28139114400011, 26.87457466100011], [63.192134857000156, 26.84349250800011], [63.19973373400012, 26.737987518000125], [63.16918563800016, 26.647294998000064], [63.071289388000196, 26.6409225430001], [63.13181209500004, 26.573741540000185], [63.08992424500008, 26.508491403000164], [63.125478627, 26.50632550400013], [63.122729885000126, 26.48611171600004], [63.16148612500018, 26.493229944000177], [63.134194216000026, 26.448353239000085], [63.18648509000013, 26.438031968000075], [63.38460148900003, 26.502920350000068], [63.49196922400006, 26.478363226], [63.59835808300005, 26.427553480000086], [63.59745927500012, 26.415693319000127], [63.53598660100005, 26.410798454000087], [63.52977829400004, 26.393465675000073], [63.50995996900008, 26.385448123000174], [63.525912504000075, 26.369741053000155], [63.586189269000045, 26.370528981000177], [63.59749677200011, 26.2653845480001], [63.71701763300007, 26.27465062200008], [63.775989773000106, 26.30841425], [63.85130230800013, 26.31488839900004], [63.88824053800005, 26.302282124000158], [64.03305971100008, 26.164195586000176], [64.07251206000007, 26.14828898500008], [64.16348321300018, 26.16846320700006], [64.25093252400006, 26.169023651000032], [64.34132370800006, 26.218128109000077], [64.36550052000013, 26.2659535520001], [64.44463316700018, 26.229585477000057], [64.42008847600016, 26.332683927], [64.44540428500005, 26.365504938000015], [64.91837430800018, 26.367681276000155], [64.9328146540002, 26.393089417000056], [64.91511374900011, 26.439823287000024], [64.92215715400016, 26.461761514000045], [65.12789965600018, 26.630025638000063], [65.29002222000014, 26.791734495000128], [65.33627233700014, 26.895407212000123], [65.28085143800018, 26.888876206000134], [65.2529662340001, 26.90297329100008], [65.18119168400017, 27.02291052200019], [65.08742474600007, 27.02899735900013], [65.04770481200006, 27.153535757000043], [65.01857633000014, 27.18137882400009], [64.69377782800018, 27.0043790900001], [64.67332413200012, 27.005918884000096], [64.49509584100014, 27.112983746000168], [64.50102398700005, 27.161873076000177]]]}}, {"type": "Feature", "properties": {"adm2_name": "Pishin", "adm2_name1": null, "adm2_name2": null, "adm2_name3": null, "adm2_pcode": "PK225", "adm1_name": "Balochistan", "adm1_name1": null, "adm1_name2": null, "adm1_name3": null, "adm1_pcode": "PK2", "adm0_name": "Pakistan", "adm0_name1": null, "adm0_name2": null, "adm0_name3": null, "adm0_pcode": "PK", "valid_on": "2022-09-09", "valid_to": null, "area_sqkm": 6085.87697415, "version": "v01", "lang": "en", "lang1": null, "lang2": null, "lang3": null, "adm2_ref_name": "Pishin", "center_lat": 30.703028, "center_lon": 67.13080676}, "geometry": {"type": "Polygon", "coordinates": [[[67.47664475400012, 31.204353542999968], [67.44510204400012, 31.232998207000037], [67.39053446300005, 31.21657452100004], [67.26201754800002, 31.20694063400009], [67.24827033800017, 31.176476331000174], [67.25288146500003, 31.13798393600007], [67.22918533000006, 31.12260733400018], [67.21063461000011, 31.07529948900003], [67.22195849400003, 31.030025432000116], [67.06766306800006, 30.93797763900011], [67.03120252200011, 30.96605061700012], [66.99199626100005, 30.97323752200009], [66.96132543200014, 30.95940786000017], [66.96169909400015, 30.939791661000072], [66.92060534600017, 30.920556431000193], [66.85975824400003, 30.95342969700016], [66.83416453900008, 30.944805087000134], [66.82624140300015, 30.930457682000053], [66.84271302000013, 30.90331444300017], [66.83416668400014, 30.85651413800008], [66.76685192800011, 30.752779404000023], [66.84897401100011, 30.58143504000003], [66.83120388700007, 30.57038529400006], [66.79583463200004, 30.58441504300015], [66.679314143, 30.59534916500013], [66.56177151400016, 30.58285930300019], [66.5423920070001, 30.534090792000143], [66.57329263800005, 30.470356294], [66.54752600700016, 30.39699091100016], [66.55017313700017, 30.37161629800005], [66.5153603930001, 30.29720392600018], [66.52357063800008, 30.222328521000122], [66.59211282400008, 30.205260429000077], [66.64608052000017, 30.17312871200005], [66.702751837, 30.188716838], [66.75660461500019, 30.28682935300003], [66.79714554500009, 30.332245695000097], [66.85703664100015, 30.468723276000105], [66.87790053300017, 30.45986221300012], [66.91716484500017, 30.473527730000058], [66.96773627800013, 30.390752733000056], [67.04873685100006, 30.373516562000077], [67.12511796000001, 30.437858780000056], [67.14915277900013, 30.435809835000043], [67.18250226900011, 30.45478866700006], [67.21883307600007, 30.44375272299999], [67.22415218100008, 30.473282297000083], [67.27198033700006, 30.52989169500006], [67.39116358300004, 30.597048696000115], [67.44959361200011, 30.58496319500017], [67.49547451500018, 30.52168529300019], [67.52800214300015, 30.516242134000038], [67.56754932000018, 30.580293415000142], [67.70095077600013, 30.593492320000053], [67.68575905400007, 30.659841080000092], [67.66646687300016, 30.688177105000136], [67.50068833000017, 30.66852001], [67.47859821100019, 30.680332516000078], [67.47109993300012, 30.708011793000082], [67.43080035300011, 30.707681056000183], [67.43507308800002, 30.723437791000094], [67.462988037, 30.738594302000138], [67.479287295, 30.794413305000035], [67.4743634960002, 30.81714623300013], [67.44334084700012, 30.835001169000066], [67.47006320600019, 30.87226283399997], [67.50947792000017, 30.87619994200014], [67.60509746300016, 30.91643073700004], [67.64660162600006, 30.96132456400011], [67.74177789200007, 31.02814525100007], [67.76161443700005, 31.060253281000143], [67.75113840200004, 31.07810012700014], [67.79843070099997, 31.090979334000053], [67.82131098100007, 31.14707094199997], [67.72693064200013, 31.14342491900004], [67.63983959800015, 31.163150414000086], [67.59156412800013, 31.159335295000176], [67.55475809100005, 31.2093591310001], [67.47664475400012, 31.204353542999968]]]}}, {"type": "Feature", "properties": {"adm2_name": "Quetta", "adm2_name1": null, "adm2_name2": null, "adm2_name3": null, "adm2_pcode": "PK226", "adm1_name": "Balochistan", "adm1_name1": null, "adm1_name2": null, "adm1_name3": null, "adm1_pcode": "PK2", "adm0_name": "Pakistan", "adm0_name1": null, "adm0_name2": null, "adm0_name3": null, "adm0_pcode": "PK", "valid_on": "2022-09-09", "valid_to": null, "area_sqkm": 3759.73445787, "version": "v01", "lang": "en", "lang1": null, "lang2": null, "lang3": null, "adm2_ref_name": "Quetta", "center_lat": 30.14141302, "center_lon": 67.07743419}, "geometry": {"type": "Polygon", "coordinates": [[[66.96773627800013, 30.390752733000056], [66.91716484500017, 30.473527730000058], [66.87790053300017, 30.45986221300012], [66.85524401800006, 30.46723310400006], [66.79714554500009, 30.332245695000097], [66.6964321430001, 30.184657791000177], [66.64608052000017, 30.17312871200005], [66.59211282400008, 30.205260429000077], [66.52357063800008, 30.222328521000122], [66.51242046500005, 30.212952958000187], [66.51219801800005, 30.163369783000064], [66.41445060000012, 30.161775574000046], [66.35062930900017, 30.185903054000107], [66.2623778310001, 30.086455107000063], [66.23844184100011, 30.08408769400006], [66.24165381200004, 30.055052257000057], [66.3615052080001, 29.9720190270001], [66.31890832000005, 29.91270419], [66.26806096100012, 29.87280659000004], [66.37957656600014, 29.846668380999972], [66.433610504, 29.854050996000012], [66.48219468800016, 29.814832922000164], [66.53135541400007, 29.814371391000066], [66.56803322600007, 29.873576703000083], [66.5667261000001, 29.911189910000132], [66.60231684600006, 29.952846094000108], [66.62312471600006, 30.022842662000187], [66.68334880700007, 30.13966790300003], [66.71334819900011, 30.15423783100016], [66.75022244900003, 30.12626424600012], [66.79266935900012, 30.116169007000167], [66.79753794800013, 30.085153308000088], [66.83503686900013, 30.069266909000078], [66.80970054600016, 30.0513042070001], [66.81433643200006, 30.026566826000135], [66.84477924200019, 30.026996639000117], [66.88756506600004, 30.056537655000056], [66.94819619300017, 30.047230219000028], [66.96068862000004, 29.980051096000068], [66.99529038300011, 29.98074605], [67.04870904200016, 29.949570028000153], [67.08556513700012, 29.966954430000044], [67.12470966600017, 29.944250834], [67.1809778810001, 29.97979878700005], [67.21751238300016, 29.962347229000102], [67.23764191700013, 29.977729408000187], [67.28823776800004, 29.922473659], [67.30963200900015, 29.946092516000192], [67.32985069000017, 29.91302711600008], [67.37629847000017, 29.921425469000155], [67.3518966040001, 30.00138622200018], [67.40867714700016, 30.022041371000057], [67.41087396000012, 30.035106726000095], [67.39264597900012, 30.044699261], [67.40467048800019, 30.05481913400007], [67.43211257000007, 30.051931266000054], [67.41254232100005, 30.17646626700008], [67.39770441700017, 30.187963955000157], [67.37506815000012, 30.175456710000162], [67.30435797900009, 30.176023385000065], [67.2779320510001, 30.207849149000026], [67.28063989600003, 30.251756296], [67.2461184730002, 30.228873088000057], [67.21996233800007, 30.23410781600012], [67.29029748700003, 30.299755504000075], [67.28018858700011, 30.332873971000026], [67.25890534300004, 30.323456446000023], [67.23480244500007, 30.33250580100014], [67.19268093700009, 30.36817728699998], [67.19078646000014, 30.406003367000153], [67.21883307600007, 30.44375272299999], [67.18250226900011, 30.45478866700006], [67.14915277900013, 30.435809835000043], [67.12511796000001, 30.437858780000056], [67.04873685100006, 30.373516562000077], [66.96773627800013, 30.390752733000056]]]}}, {"type": "Feature", "properties": {"adm2_name": "Sherani", "adm2_name1": null, "adm2_name2": null, "adm2_name3": null, "adm2_pcode": "PK227", "adm1_name": "Balochistan", "adm1_name1": null, "adm1_name2": null, "adm1_name3": null, "adm1_pcode": "PK2", "adm0_name": "Pakistan", "adm0_name1": null, "adm0_name2": null, "adm0_name3": null, "adm0_pcode": "PK", "valid_on": "2022-09-09", "valid_to": null, "area_sqkm": 3050.54342514, "version": "v01", "lang": "en", "lang1": null, "lang2": null, "lang3": null, "adm2_ref_name": "Sherani", "center_lat": 31.68090077, "center_lon": 69.76356767}, "geometry": {"type": "Polygon", "coordinates": [[[69.85400390600006, 32.09807968100017], [69.67954841900018, 32.07294377500017], [69.6467590330002, 32.04623794600019], [69.62921905500019, 32.00724029500003], [69.54615239500015, 31.95668846900014], [69.60184446700009, 31.881870036000123], [69.6236272330001, 31.824548383000092], [69.53179965800018, 31.5060100230001], [69.57452196100019, 31.351971287000083], [69.623351475, 31.334232], [69.74015917600019, 31.3210221], [69.7196484550002, 31.295011657000032], [69.71962751800015, 31.273564397000087], [69.76132613000004, 31.253636418000156], [69.789959765, 31.284973667000145], [69.82842757900016, 31.29774136700013], [69.82719601300005, 31.286571412000058], [69.93042595900005, 31.247804590000044], [69.96151954300007, 31.288414672000158], [69.99525203600018, 31.286817180000185], [70.02812705100007, 31.301564045000077], [70.02717379700005, 31.358973805000176], [70.05242405000018, 31.398348504000126], [70.01813507100019, 31.508098602000132], [69.9652404790001, 31.51643371600005], [69.93971252400007, 31.545602798000175], [69.94661712600009, 31.762861252000164], [69.95767974900014, 31.781393051000066], [69.93925476100014, 31.849737167], [69.95703125000006, 31.870855331000143], [69.96328735400004, 31.936822891000077], [69.93193817100013, 31.92933082600007], [69.89898681600016, 31.888376236000056], [69.85582733200016, 31.89205551100008], [69.85331726100003, 31.92484855700019], [69.8827972410001, 31.978218079000158], [69.8003692630001, 32.02257156400009], [69.85400390600006, 32.09807968100017]]]}}, {"type": "Feature", "properties": {"adm2_name": "Sibi", "adm2_name1": null, "adm2_name2": null, "adm2_name3": null, "adm2_pcode": "PK228", "adm1_name": "Balochistan", "adm1_name1": null, "adm1_name2": null, "adm1_name3": null, "adm1_pcode": "PK2", "adm0_name": "Pakistan", "adm0_name1": null, "adm0_name2": null, "adm0_name3": null, "adm0_pcode": "PK", "valid_on": "2022-09-09", "valid_to": null, "area_sqkm": 4965.91898088, "version": "v01", "lang": "en", "lang1": null, "lang2": null, "lang3": null, "adm2_ref_name": "Sibi", "center_lat": 29.72774177, "center_lon": 68.25082253}, "geometry": {"type": "Polygon", "coordinates": [[[67.68637256100016, 30.121750019000046], [67.63370763000012, 30.120197890000156], [67.56524580200016, 30.095138863000045], [67.51944866700012, 30.030998267000086], [67.47293052600014, 30.027917574000185], [67.42982398900011, 30.05507631500012], [67.40467048800019, 30.05481913400007], [67.39264597900012, 30.044699261], [67.41087396000012, 30.035106726000095], [67.40867714700016, 30.022041371000057], [67.3518966040001, 30.00138622200018], [67.36541718100017, 29.92976795000004], [67.4395534730001, 29.89796041300019], [67.4868698520001, 29.813892387000067], [67.50872939500016, 29.71534886699999], [67.55174922600008, 29.675850423000043], [67.6719754070001, 29.64685831500003], [67.69857769900011, 29.59860216600009], [67.71841392800013, 29.607265509000058], [67.77904686900001, 29.596660832000055], [67.801996046, 29.546440396000037], [67.81131054200011, 29.46240427200007], [67.87611382900013, 29.429799787000036], [67.88674924800017, 29.367208885000025], [67.87516099200008, 29.33210987700005], [67.92737478300006, 29.33316072500014], [67.9956144350001, 29.37825733600016], [68.10121934200009, 29.33885583000017], [68.16845015000013, 29.366008899000178], [68.17727591800008, 29.374452673000178], [68.15207736800005, 29.40300765], [68.09713032700006, 29.422187449000035], [68.1936791230001, 29.584565665000184], [68.22300029200005, 29.59010265699999], [68.26564223900016, 29.62848885900013], [68.42560526900013, 29.62145212000013], [68.45713959600005, 29.659450475000085], [68.54049576700004, 29.693877715000042], [68.57243505500003, 29.732542165000098], [68.56277552700016, 29.775362090000158], [68.573477546, 29.825502850000134], [68.5207218490001, 29.841031597999972], [68.40255606900013, 29.905695316000106], [68.39827827800008, 29.936395105000088], [68.29151021200005, 29.933185435000098], [68.07235659500003, 29.892990263], [68.03617123400016, 29.824018444000103], [67.97032121100005, 29.79236842800003], [67.97382434300016, 29.752607509000143], [67.881351978, 29.700999763000084], [67.98773160000007, 29.862641916000143], [68.010192008, 29.944706064], [68.001519691, 29.988153379000153], [67.97251872000004, 30.021892485000023], [67.93662906900016, 30.028381192000154], [67.76764515200017, 30.01868787000018], [67.79145769600007, 30.062614242000052], [67.68637256100016, 30.121750019000046]]]}}, {"type": "Feature", "properties": {"adm2_name": "Sohbatpur", "adm2_name1": null, "adm2_name2": null, "adm2_name3": null, "adm2_pcode": "PK229", "adm1_name": "Balochistan", "adm1_name1": null, "adm1_name2": null, "adm1_name3": null, "adm1_pcode": "PK2", "adm0_name": "Pakistan", "adm0_name1": null, "adm0_name2": null, "adm0_name3": null, "adm0_pcode": "PK", "valid_on": "2022-09-09", "valid_to": null, "area_sqkm": 786.87408887, "version": "v01", "lang": "en", "lang1": null, "lang2": null, "lang3": null, "adm2_ref_name": "Sohbatpur", "center_lat": 28.54195553, "center_lon": 68.52141184}, "geometry": {"type": "Polygon", "coordinates": [[[69.03601349500013, 28.45935067700009], [68.77835105000008, 28.483635187000175], [68.73205533700019, 28.500610384000083], [68.46848274500007, 28.64643453700012], [68.4481788820001, 28.674007623000023], [68.40373296500013, 28.66031279000009], [68.38130107400013, 28.638813407000157], [68.40158396500016, 28.4522646960001], [68.43421078800009, 28.40901345100019], [68.47068786600016, 28.43147277800017], [68.92948913600009, 28.429452896000043], [69.12750265700004, 28.44061106099997], [69.11848275700015, 28.47269970700006], [69.0880049110001, 28.495794171000114], [69.03601349500013, 28.45935067700009]]]}}, {"type": "Feature", "properties": {"adm2_name": "Washuk", "adm2_name1": null, "adm2_name2": null, "adm2_name3": null, "adm2_pcode": "PK230", "adm1_name": "Balochistan", "adm1_name1": null, "adm1_name2": null, "adm1_name3": null, "adm1_pcode": "PK2", "adm0_name": "Pakistan", "adm0_name1": null, "adm0_name2": null, "adm0_name3": null, "adm0_pcode": "PK", "valid_on": "2022-09-09", "valid_to": null, "area_sqkm": 39031.17202285, "version": "v01", "lang": "en", "lang1": null, "lang2": null, "lang3": null, "adm2_ref_name": "Washuk", "center_lat": 27.79210581, "center_lon": 64.30761724}, "geometry": {"type": "Polygon", "coordinates": [[[64.91041551300009, 28.682780603000083], [64.81122496000006, 28.6951108450001], [64.49874858000015, 28.611610002000077], [64.4070385280001, 28.523396532000163], [64.33691406700018, 28.522705081000026], [64.28930554400017, 28.54042079500016], [64.28588867600007, 28.505676271000084], [64.27368163700004, 28.495727543999976], [64.23532578300006, 28.490804015000037], [64.20544909900002, 28.471488497000053], [64.12670898500005, 28.467712401000085], [64.07889417800004, 28.430473896000137], [64.04388427300006, 28.421081541000035], [64.00671386900018, 28.38232421900011], [63.98767089900019, 28.39392090400014], [63.973693842000046, 28.38171386500005], [63.905700682000145, 28.37127685700017], [63.82373127200009, 28.305291006], [63.81649444600015, 28.345686188000116], [63.786609264000106, 28.314508615000193], [63.702122500000144, 28.29304523100012], [63.510670232000166, 28.292801096000062], [63.36729844200005, 28.26458697400011], [63.250273773, 28.270711845], [63.22558900600012, 28.244638116000147], [63.20505115300017, 28.182953085000065], [63.14630051300014, 28.16947353200004], [62.94596894100016, 28.012550068000053], [62.86849338300016, 27.93094469700003], [62.80195701700018, 27.88882344500007], [62.830017090000126, 27.73526763900003], [62.855392456000175, 27.465137482000102], [62.807399750000116, 27.340074539000057], [62.83253097500017, 27.304943085000104], [62.781478882000044, 27.25142478900011], [62.78296661400003, 27.23427772500014], [62.82136154200015, 27.212320328000146], [62.87833023100012, 27.21713829000015], [62.95165634200009, 27.192070007000154], [63.05864715600006, 27.233188629000097], [63.18422317500011, 27.24143600499997], [63.24811671900005, 27.208451272000104], [63.40809347000015, 27.194309085000157], [63.579310946000135, 27.216604322000023], [63.60492691200005, 27.239069321000102], [63.658234390000075, 27.229078415000174], [63.734660182000084, 27.23641620100011], [63.81367837600004, 27.260647244000154], [63.89614022000012, 27.185905872000035], [63.90302945600013, 27.14841993300007], [63.964930565000145, 27.107553946000166], [64.00994018500012, 27.085473966000052], [64.10208034200019, 27.074678359000075], [64.106080432, 27.051773309999987], [64.07716558200019, 26.987315750999983], [64.11596565600007, 27.033004778000134], [64.1243192500001, 27.070976025000164], [64.11270327900007, 27.110390063000068], [64.19271763700004, 27.129783770000074], [64.23856614200002, 27.174432519000106], [64.25259206500016, 27.161548449000065], [64.32843078100007, 27.23857104500007], [64.37473959700009, 27.258930926000062], [64.39190037400004, 27.291351427000166], [64.41094336100014, 27.29856920000003], [64.45406091200016, 27.25053104800014], [64.4569394180001, 27.226724460000185], [64.48392221100005, 27.206438929000115], [64.50102586100019, 27.161873259000117], [64.49509584100014, 27.112983746000168], [64.67332413200012, 27.005918884000096], [64.73386373100016, 27.020523177000086], [65.01442116600003, 27.182373337000058], [65.04770481200006, 27.153535757000043], [65.08742474600007, 27.02899735900013], [65.18119168400017, 27.02291052200019], [65.2529662340001, 26.90297329100008], [65.28085143800018, 26.888876206000134], [65.33627233700014, 26.895407212000123], [65.34731291100007, 26.983736042000032], [65.56479485200003, 27.3006500300001], [65.5914859790002, 27.415089156000136], [65.7107552060001, 27.528690691000065], [65.69125515500002, 27.58259348400003], [65.71889611100016, 27.666293940000116], [65.76991142800011, 27.70821789200005], [65.77245916400011, 27.749927777000153], [65.80937816900007, 27.812067037000077], [65.88466466400007, 27.858411420000095], [65.92817801100011, 27.916662061000068], [65.96058714800017, 27.938283651000063], [65.97831570000011, 27.973238015000106], [65.97968940200013, 28.00993716500011], [65.95053176400006, 28.05108869999998], [65.89568315800011, 28.04753672900017], [65.88449133000012, 28.081660966000015], [65.89921504200015, 28.189267809000114], [65.88316275500006, 28.20442754000004], [65.83121579900018, 28.21472348400016], [65.88985313600017, 28.35789253400003], [65.6736191390001, 28.29386853500006], [65.45259101400018, 28.180092538000054], [65.3590697570001, 28.110617191000188], [65.34322924200012, 28.117940036999983], [65.280958898, 28.208105255000135], [65.27811811300006, 28.40546857100003], [65.23332164400006, 28.45568478900003], [65.211236122, 28.508398812], [64.99879160900014, 28.44848062799997], [64.97927551100008, 28.494778560000157], [64.96125147800012, 28.61894465400013], [64.91041551300009, 28.682780603000083]]]}}, {"type": "Feature", "properties": {"adm2_name": "Zhob", "adm2_name1": null, "adm2_name2": null, "adm2_name3": null, "adm2_pcode": "PK231", "adm1_name": "Balochistan", "adm1_name1": null, "adm1_name2": null, "adm1_name3": null, "adm1_pcode": "PK2", "adm0_name": "Pakistan", "adm0_name1": null, "adm0_name2": null, "adm0_name3": null, "adm0_pcode": "PK", "valid_on": "2022-09-09", "valid_to": null, "area_sqkm": 11936.64089288, "version": "v01", "lang": "en", "lang1": null, "lang2": null, "lang3": null, "adm2_ref_name": "Zhob", "center_lat": 31.21179421, "center_lon": 69.19694404}, "geometry": {"type": "Polygon", "coordinates": [[[69.60184446700009, 31.881870036000123], [69.51881408700018, 31.97610664400014], [69.37202453600014, 31.96657943700012], [69.34679412800017, 31.95195579500006], [69.33082580600018, 31.960212708000142], [69.31761921200007, 31.928073764000146], [69.2776807240001, 31.911522716000093], [69.26258035800004, 31.886599936000152], [69.1976073530002, 31.84839650600003], [69.11794325500011, 31.703261884000085], [69.03149505400012, 31.650229974000126], [69.02101112600008, 31.62671480600011], [68.94915881600008, 31.645753867000053], [68.91687887300009, 31.60471226700014], [68.8482980770001, 31.59741743500018], [68.8049380980001, 31.609980467000128], [68.7735129510001, 31.660975249000046], [68.71698707500008, 31.69664474600006], [68.70184396000008, 31.769878371000175], [68.63223205700012, 31.778263385000116], [68.57014330300012, 31.827965617000018], [68.4331065670001, 31.763247847000116], [68.46367675900012, 31.748124713000095], [68.58202200700009, 31.750338006000163], [68.56351308700005, 31.71977357900016], [68.53714610700018, 31.71402084300007], [68.50090092300007, 31.738298895000128], [68.44533479700004, 31.742509492000067], [68.42185510400009, 31.757217938000053], [68.28660577600016, 31.756997743000056], [68.25096958900014, 31.78534887700016], [68.25935418400007, 31.801549682000086], [68.17749041899998, 31.81449891], [68.1688760580002, 31.834235649000107], [68.05783874800005, 31.693308374000026], [67.96980256900014, 31.63958888600007], [67.868705681, 31.628797185000053], [67.81739364100014, 31.597376722999968], [67.86006251600014, 31.56598526500005], [68.02070453800013, 31.49614533100015], [68.17513882400004, 31.365972344000056], [68.26613050600014, 31.31763171000017], [68.38105726500015, 31.2834460520001], [68.57944732800013, 31.356855419000055], [68.65612112000008, 31.33225191000014], [68.65362649700018, 31.247217298000123], [68.68207575400015, 31.2098769050001], [68.66495357900016, 31.184182709000083], [68.70431769500004, 31.097659568000154], [68.75283913200008, 31.109301203000143], [68.79864502000004, 31.152935408000076], [68.86584555500013, 31.136608150000086], [68.91041648800012, 31.141688421000083], [68.92934291500018, 31.110403093000173], [68.98948672900002, 31.139386051000145], [69.00150156300009, 31.12085562700014], [69.096984067, 31.146383042000082], [69.15522596200015, 31.106944598000098], [69.20937996000004, 31.092295247000095], [69.27478152000003, 31.025694287000135], [69.31278190600005, 31.02658817800011], [69.36115308799998, 31.062181323000175], [69.37487034400004, 31.05833633499998], [69.38030822400003, 31.043329393000192], [69.35023350100005, 31.000660053000047], [69.3040005630001, 30.985997975000146], [69.2518148490002, 30.839298586000098], [69.15274750000009, 30.80852689300019], [69.05406332900003, 30.748912740000037], [69.07012864400014, 30.735315373], [69.08120726800018, 30.6916042040001], [69.12954050500008, 30.705057529000044], [69.14124191300016, 30.691128083000024], [69.20830674500013, 30.67997900100005], [69.22461820100006, 30.627063773000145], [69.34043843100017, 30.61526490900019], [69.40901030500015, 30.54797125800019], [69.46029694800018, 30.524012017000132], [69.56112588400015, 30.448366792000115], [69.54719685100002, 30.46994780500006], [69.55802821900005, 30.495776959000068], [69.53382058800003, 30.504938770000024], [69.52783827600013, 30.538259774000096], [69.46864935600007, 30.540487291000147], [69.46047068700005, 30.575578615000154], [69.47353450500003, 30.60692764300012], [69.53035650300006, 30.663016903000084], [69.53187556400007, 30.748239646000115], [69.62516899600001, 30.833780106], [69.67462905399998, 30.930351279000035], [69.71823210900004, 30.98487444799997], [69.73150012100007, 31.038107359000094], [69.70496941500011, 31.055671873000165], [69.72426428000006, 31.096870612000032], [69.69769963300007, 31.109060356000043], [69.69622689800019, 31.181443922000085], [69.71621615300006, 31.223877122000033], [69.69426564600008, 31.242721556000106], [69.7183926530002, 31.265773661000082], [69.72371800100007, 31.30118734300015], [69.74516403900014, 31.317562368000097], [69.58535122800009, 31.346138685000085], [69.55600869400001, 31.393378652000138], [69.5313105250001, 31.521211594000135], [69.56198059600013, 31.586399542000095], [69.58231177100004, 31.709200905000046], [69.6236272330001, 31.824548383000092], [69.60184446700009, 31.881870036000123]]]}}, {"type": "Feature", "properties": {"adm2_name": "Ziarat", "adm2_name1": null, "adm2_name2": null, "adm2_name3": null, "adm2_pcode": "PK232", "adm1_name": "Balochistan", "adm1_name1": null, "adm1_name2": null, "adm1_name3": null, "adm1_pcode": "PK2", "adm0_name": "Pakistan", "adm0_name1": null, "adm0_name2": null, "adm0_name3": null, "adm0_pcode": "PK", "valid_on": "2022-09-09", "valid_to": null, "area_sqkm": 3271.31573202, "version": "v01", "lang": "en", "lang1": null, "lang2": null, "lang3": null, "adm2_ref_name": "Ziarat", "center_lat": 30.38073121, "center_lon": 68.06567543}, "geometry": {"type": "Polygon", "coordinates": [[[67.49547451500018, 30.52168529300019], [67.44959361200011, 30.58496319500017], [67.3969186280001, 30.5985123480001], [67.27198033700006, 30.52989169500006], [67.22415218100008, 30.473282297000083], [67.21805498300012, 30.43811773600015], [67.19078646000014, 30.406003367000153], [67.19490901799998, 30.364234792000047], [67.25890534300004, 30.323456446000023], [67.30476240600007, 30.34025034000007], [67.40922002700012, 30.309882438999978], [67.4899355500001, 30.315366456000163], [67.57848286000012, 30.27534299299998], [67.73753416300019, 30.32645562], [67.75705872300006, 30.355923000000132], [67.73856188500014, 30.383997520000037], [67.83403764400015, 30.37419910600005], [67.87168074300013, 30.362852428000053], [67.87379938700013, 30.34110494700019], [67.9826823910002, 30.30342531400015], [68.01094713700007, 30.281221942000172], [68.09394760100014, 30.26417581200019], [68.14061769400013, 30.212093185000185], [68.20819831200015, 30.173775135000028], [68.2381962950002, 30.179056544000105], [68.31443252800005, 30.162813183000026], [68.46201469000005, 30.18930205700002], [68.50117315700004, 30.22308956300003], [68.53698878500012, 30.234418956000127], [68.53983397500014, 30.257676752000123], [68.59992639300003, 30.26605697800005], [68.57177874500007, 30.276970100000085], [68.56658018000007, 30.292338932000177], [68.49650501200006, 30.30449045900008], [68.48117958300008, 30.342436133000035], [68.52345851000018, 30.379297651000115], [68.51895772700016, 30.386488442000086], [68.39036506000014, 30.378385231000152], [68.31444537700014, 30.389070773000185], [68.32158568600005, 30.427028539000048], [68.3106312480001, 30.448968419000096], [68.24107784700004, 30.457352581000123], [68.22661795200008, 30.52908162700004], [68.03421061000012, 30.542916837000064], [67.97867748800019, 30.50884238500015], [67.96260418600008, 30.480156383000065], [67.84788678700016, 30.50404737399998], [67.78000686200016, 30.503678450000052], [67.7811482140001, 30.520378193000056], [67.73353726700009, 30.548257689000025], [67.70095077600013, 30.593492320000053], [67.56754932000018, 30.580293415000142], [67.52800214300015, 30.516242134000038], [67.49547451500018, 30.52168529300019]]]}}, {"type": "Feature", "properties": {"adm2_name": "Shaheed Sikandarabad", "adm2_name1": null, "adm2_name2": null, "adm2_name3": null, "adm2_pcode": "PK233", "adm1_name": "Balochistan", "adm1_name1": null, "adm1_name2": null, "adm1_name3": null, "adm1_pcode": "PK2", "adm0_name": "Pakistan", "adm0_name1": null, "adm0_name2": null, "adm0_name3": null, "adm0_pcode": "PK", "valid_on": "2022-09-09", "valid_to": null, "area_sqkm": 3706.43499182, "version": "v01", "lang": "en", "lang1": null, "lang2": null, "lang3": null, "adm2_ref_name": "Shaheed Sikandarabad", "center_lat": 28.32719456, "center_lon": 66.18001042}, "geometry": {"type": "Polygon", "coordinates": [[[66.310000264, 28.682461990000093], [66.09114763800005, 28.723499287000095], [66.08416803600005, 28.635124138000037], [66.04942961000012, 28.560713101000147], [65.99124048300007, 28.47468143100008], [65.92968161800013, 28.4223618150001], [65.83177138300016, 28.23014206700003], [65.84256714800017, 28.207052703999977], [65.88316275500006, 28.20442754000004], [65.89921504200015, 28.189267809000114], [65.88449133000012, 28.081660966000015], [65.89568315800011, 28.04753672900017], [65.94316049200017, 28.053508734000047], [65.97204008200009, 28.02767779300018], [65.98043730799998, 27.985666474000027], [65.96058714800017, 27.938283651000063], [66.03284209600008, 27.932025893000116], [66.11216743800003, 27.95032837700012], [66.25871151600006, 28.052164248000167], [66.49944309500012, 28.16707437600013], [66.5200027080001, 28.214565221000157], [66.51700734200006, 28.29114726300014], [66.45209608500016, 28.356817018000072], [66.42721685600003, 28.41857163400016], [66.46105040900011, 28.498499047000053], [66.51770597700005, 28.550644061000128], [66.39994181700001, 28.570985540000038], [66.33681463700009, 28.667472940000152], [66.310000264, 28.682461990000093]]]}}, {"type": "Feature", "properties": {"adm2_name": "Duki", "adm2_name1": null, "adm2_name2": null, "adm2_name3": null, "adm2_pcode": "PK234", "adm1_name": "Balochistan", "adm1_name1": null, "adm1_name2": null, "adm1_name3": null, "adm1_pcode": "PK2", "adm0_name": "Pakistan", "adm0_name1": null, "adm0_name2": null, "adm0_name3": null, "adm0_pcode": "PK", "valid_on": "2022-09-09", "valid_to": null, "area_sqkm": 4336.47095976, "version": "v01", "lang": "en", "lang1": null, "lang2": null, "lang3": null, "adm2_ref_name": "Duki", "center_lat": 30.1811, "center_lon": 68.95959024}, "geometry": {"type": "Polygon", "coordinates": [[[69.65096776700005, 30.38054568600012], [69.65253313000017, 30.410495854000146], [69.56112588400015, 30.448366792000115], [69.47715943200006, 30.358995933000074], [69.44938423200017, 30.349708496000176], [69.31336244400012, 30.344345190000126], [69.20467532600014, 30.391311219999977], [69.01990536400007, 30.324983196000062], [68.99578148100005, 30.299496119000025], [68.5495459650001, 30.261436319999973], [68.536826797, 30.253431556000066], [68.53698878500012, 30.234418956000127], [68.50117315700004, 30.22308956300003], [68.46201469000005, 30.18930205700002], [68.32964219100006, 30.162938743000097], [68.20819831200015, 30.173775135000028], [68.21726389600008, 30.146009682000113], [68.38301050100011, 30.057624932000067], [68.39238082900005, 30.03234840300007], [68.47991173700018, 29.950980507000054], [68.5553823300001, 29.91540150300017], [68.75976725800007, 29.928676512000152], [68.80455766200004, 29.948944377000146], [68.85523850200013, 29.996793773000093], [68.94437273700015, 30.028266724000105], [68.98169950200008, 29.985767708000026], [69.04072451100018, 29.97614442000014], [69.07404664300003, 29.992150651000145], [69.14517106500017, 29.98939759200016], [69.17984005300008, 30.007858206000094], [69.334796741, 30.00864697999998], [69.35356070300003, 30.016248421], [69.35313217300006, 30.02810826500007], [69.40406723800015, 30.044804149000186], [69.40331553500005, 30.061382588000072], [69.43777527600014, 30.100964921000184], [69.57813759499999, 30.2325585750001], [69.58884226800012, 30.218161548000182], [69.5627722960001, 30.189299400000095], [69.55736989000002, 30.15731529100003], [69.59423751900005, 30.13783242100004], [69.61521902200013, 30.151320538000107], [69.73954246100004, 30.358383662000108], [69.71936100700003, 30.373928156000034], [69.70461324200005, 30.36252416500014], [69.66594542700017, 30.384054055000036], [69.65096776700005, 30.38054568600012]]]}}, {"type": "Feature", "properties": {"adm2_name": "Chaman", "adm2_name1": null, "adm2_name2": null, "adm2_name3": null, "adm2_pcode": "PK235", "adm1_name": "Balochistan", "adm1_name1": null, "adm1_name2": null, "adm1_name3": null, "adm1_pcode": "PK2", "adm0_name": "Pakistan", "adm0_name1": null, "adm0_name2": null, "adm0_name3": null, "adm0_pcode": "PK", "valid_on": "2022-09-09", "valid_to": null, "area_sqkm": 1635.51326522, "version": "v01", "lang": "en", "lang1": null, "lang2": null, "lang3": null, "adm2_ref_name": "Chaman", "center_lat": 30.85581564, "center_lon": 66.52685195}, "geometry": {"type": "Polygon", "coordinates": [[[66.76858610300013, 31.209745956], [66.71816174600008, 31.20270181600017], [66.6831673000001, 31.0745929360001], [66.57964424400012, 30.98849507200009], [66.38657233800006, 30.93391774800017], [66.28105858100014, 30.569275483000183], [66.30536610000007, 30.50244290000012], [66.3257297240001, 30.493381295000063], [66.36542461700009, 30.544459767000035], [66.39185917800017, 30.546251042000165], [66.41969456800007, 30.57262815700011], [66.42607844000014, 30.5854229360001], [66.4022303960001, 30.59517439400014], [66.40155177899999, 30.608280242000035], [66.442017808, 30.64630537700009], [66.57816952300004, 30.67806822700004], [66.61309706100019, 30.69975227300006], [66.62612384100015, 30.731078103000073], [66.59607373700015, 30.722046685000123], [66.62313134300018, 30.763849090000065], [66.62502101400008, 30.810926178000045], [66.84332994800019, 30.949142828000106], [66.849944656, 30.989365441000075], [66.82353263900006, 31.074312199000076], [66.81782193200013, 31.18138794400005], [66.78284385600006, 31.190667842000153], [66.76858610300013, 31.209745956]]]}}, {"type": "Feature", "properties": {"adm2_name": "Astore", "adm2_name1": null, "adm2_name2": null, "adm2_name3": null, "adm2_pcode": "PK301", "adm1_name": "Gilgit Baltistan", "adm1_name1": null, "adm1_name2": null, "adm1_name3": null, "adm1_pcode": "PK3", "adm0_name": "Pakistan", "adm0_name1": null, "adm0_name2": null, "adm0_name3": null, "adm0_pcode": "PK", "valid_on": "2022-09-09", "valid_to": null, "area_sqkm": 5132.45856083, "version": "v01", "lang": "en", "lang1": null, "lang2": null, "lang3": null, "adm2_ref_name": "Astore", "center_lat": 35.24827674, "center_lon": 74.88360938}, "geometry": {"type": "Polygon", "coordinates": [[[74.72901702900003, 35.79005868000013], [74.74024376800014, 35.849171416000104], [74.72855864400003, 35.85192092300014], [74.65546952000005, 35.829008931000146], [74.63209926100018, 35.806097045000115], [74.62293465200014, 35.78570542600016], [74.65203277700016, 35.769666932000064], [74.62430939400019, 35.74263079600007], [74.62385102200011, 35.726176787000156], [74.6481376500002, 35.70322230100015], [74.6378273970002, 35.67297867400009], [74.61285327500008, 35.650983039000096], [74.61398052900012, 35.62587150700017], [74.63255739900006, 35.61065779900014], [74.62660038800004, 35.589808055], [74.64538840100016, 35.56918729100005], [74.65615702600007, 35.574686164000184], [74.67654839800008, 35.50113879700018], [74.70450102000007, 35.47822667499997], [74.73153726200007, 35.38428779500009], [74.71137477700012, 35.345795799000086], [74.68319302100014, 35.33525617800012], [74.67471551900002, 35.30386667100004], [74.6382855110001, 35.25895942000011], [74.59246164500007, 35.25025279600004], [74.5697787740001, 35.226424294000026], [74.48775413900017, 35.219550796000135], [74.40458363700003, 35.14554517400012], [74.45194244400017, 35.133769989000086], [74.46634674100011, 35.11059570300006], [74.50978088400007, 35.09915161100014], [74.51102447500017, 35.08488845800014], [74.5369873050002, 35.06556701700009], [74.52853393600003, 35.03599929800015], [74.55426025400004, 35.013233185], [74.57461547900016, 35.018665314000145], [74.58349609400017, 35.001644135], [74.5646896360002, 34.97313690200002], [74.57469940200008, 34.94729995700004], [74.56596374500003, 34.90750503500004], [74.5999908450001, 34.91932678200004], [74.64514923100012, 34.90180206300016], [74.66416168200016, 34.907447815000126], [74.70566558800016, 34.85757064799998], [74.72277069100011, 34.86093902600015], [74.72588348400018, 34.843296051000095], [74.76445007300009, 34.81287384000012], [74.78239440900012, 34.76396942100007], [74.86487877200005, 34.679933009000024], [74.91050643900007, 34.6832249950001], [75.01874431500005, 34.64149883200008], [75.14230208400005, 34.66240775200015], [75.20735408000013, 34.64632851900012], [75.2567669030002, 34.68816029400017], [75.26384802000018, 34.72790566600014], [75.24740164900015, 34.78660992699997], [75.17590590200012, 34.83526354300005], [75.14849540500012, 34.83366455300006], [75.1454682970001, 34.87024647500016], [75.10433402300015, 34.90066804200006], [75.21118751700016, 34.95138592500007], [75.20011190100018, 34.97796742300011], [75.22790165700019, 35.02025604500005], [75.20776415000012, 35.04623342400009], [75.21561777100004, 35.070599683000125], [75.19366789900005, 35.107048550000115], [75.21179164700004, 35.10785405200011], [75.22629064200004, 35.14631655], [75.26576002500019, 35.160211545000095], [75.24384988500009, 35.16540315600008], [75.23776401200007, 35.19461966500012], [75.21179164700004, 35.19001492000001], [75.17151677300012, 35.224852666], [75.16927027400016, 35.32987180000015], [75.09858689900017, 35.38634979600005], [75.086901775, 35.420030425000164], [75.02549764500014, 35.43629792400009], [75.00602251300012, 35.47570654800012], [74.97325839500007, 35.475477427000044], [74.94690964800003, 35.510991053000055], [74.90704289700005, 35.52359254600003], [74.86144802300015, 35.56048080800008], [74.87107114500003, 35.573540427000125], [74.8328081410001, 35.61409480000003], [74.87267490300019, 35.640672669000026], [74.87519526500017, 35.68787143000003], [74.82868389200019, 35.72063543200005], [74.80187714900006, 35.71147054100015], [74.74161852200007, 35.71765679100008], [74.74161852200007, 35.74675504500016], [74.75880251900014, 35.76531379600016], [74.72901702900003, 35.79005868000013]]]}}, {"type": "Feature", "properties": {"adm2_name": "Diamir", "adm2_name1": null, "adm2_name2": null, "adm2_name3": null, "adm2_pcode": "PK302", "adm1_name": "Gilgit Baltistan", "adm1_name1": null, "adm1_name2": null, "adm1_name3": null, "adm1_pcode": "PK3", "adm0_name": "Pakistan", "adm0_name1": null, "adm0_name2": null, "adm0_name3": null, "adm0_pcode": "PK", "valid_on": "2022-09-09", "valid_to": null, "area_sqkm": 4215.4757865, "version": "v01", "lang": "en", "lang1": null, "lang2": null, "lang3": null, "adm2_ref_name": "Diamir", "center_lat": 35.37959086, "center_lon": 74.21341466}, "geometry": {"type": "Polygon", "coordinates": [[[74.2316532750001, 35.62991380200003], [74.18743626600008, 35.67348693100013], [74.15744438900003, 35.71889291600013], [74.12780977600005, 35.66335104200016], [74.10057640100013, 35.676319428000056], [74.04827089500009, 35.66897067100018], [74.01736315400012, 35.61990730000008], [73.97781003000006, 35.61947504400018], [73.91296839400013, 35.54771716500011], [73.83159239500009, 35.51821429800003], [73.78840026000012, 35.51685564700017], [73.80677643100012, 35.50411150600007], [73.76081706500003, 35.446099349000065], [73.71499490200006, 35.420547641000155], [73.6994163490001, 35.38388008700008], [73.69886628600017, 35.30193388500004], [73.72665426100014, 35.221375935000026], [73.78109734300011, 35.24054626500009], [73.84971762800006, 35.20777171300011], [73.91554176300019, 35.20943499700007], [73.95526085300014, 35.183326678000185], [74.00821278600006, 35.16950165600008], [74.03166951000003, 35.14332470699998], [74.0949865280001, 35.145270872000026], [74.12742587800005, 35.12475189700018], [74.11591192200007, 35.12305975800007], [74.16074371300016, 35.08042144799998], [74.20619201700003, 35.092449188000046], [74.21578979500009, 35.06698226900011], [74.23604583700012, 35.06998062100007], [74.24501800500013, 35.04222488400012], [74.26624298100018, 35.039875031000065], [74.2994918820001, 35.0673942570001], [74.37507629400011, 35.06125640900012], [74.42939758300008, 35.11035919200009], [74.43762921000018, 35.131199819000074], [74.40435439800018, 35.147836426000026], [74.44193001400004, 35.18701579900011], [74.48775413900017, 35.219550796000135], [74.5697787740001, 35.226424294000026], [74.59246164500007, 35.25025279600004], [74.6382855110001, 35.25895942000011], [74.67471551900002, 35.30386667100004], [74.68319302100014, 35.33525617800012], [74.71504064100003, 35.350378044000024], [74.73153726200007, 35.38428779500009], [74.71091665100005, 35.43583966900013], [74.71572801800016, 35.45256542300007], [74.70037703000008, 35.48464217700001], [74.67792328100006, 35.49861830600008], [74.66784190300012, 35.55177430100008], [74.65615702600007, 35.574686164000184], [74.64538840100016, 35.56918729100005], [74.62660038800004, 35.589808055], [74.63255739900006, 35.61065779900014], [74.61975751600016, 35.62235742500019], [74.56979213800014, 35.629412931000104], [74.53544876900008, 35.57389117300005], [74.48593714800006, 35.576180804000046], [74.46819314100014, 35.559295308], [74.40666126899998, 35.58247705300005], [74.39864776399997, 35.5698130510001], [74.38233477200009, 35.572603307000065], [74.35979689500004, 35.59793179299999], [74.33876177200017, 35.59385329500003], [74.28230977600003, 35.64021679800004], [74.2316532750001, 35.62991380200003]]]}}, {"type": "Feature", "properties": {"adm2_name": "Ghanche", "adm2_name1": null, "adm2_name2": null, "adm2_name3": null, "adm2_pcode": "PK303", "adm1_name": "Gilgit Baltistan", "adm1_name1": null, "adm1_name2": null, "adm1_name3": null, "adm1_pcode": "PK3", "adm0_name": "Pakistan", "adm0_name1": null, "adm0_name2": null, "adm0_name3": null, "adm0_pcode": "PK", "valid_on": "2022-09-09", "valid_to": null, "area_sqkm": 8673.95162396, "version": "v01", "lang": "en", "lang1": null, "lang2": null, "lang3": null, "adm2_ref_name": "Ghanche", "center_lat": 35.22094462, "center_lon": 76.65998124}, "geometry": {"type": "Polygon", "coordinates": [[[76.72579765600017, 35.424873171000115], [76.68189865300013, 35.45858817200019], [76.65437678300009, 35.529081543000075], [76.61811665400006, 35.56551805600009], [76.56208565100007, 35.59646004000018], [76.45772864500003, 35.686780675000136], [76.42925665600018, 35.68433030200015], [76.24964264800019, 35.606745045000025], [76.15967115100017, 35.524814168000034], [76.08236964500003, 35.5025161690001], [76.01956263700004, 35.46610905000006], [76.00493364400018, 35.43856705200011], [75.99639365600018, 35.35953005300013], [75.93088977400004, 35.296016174000044], [75.91090853400004, 35.23165918000012], [75.98635764300013, 35.15137479400005], [76.10359976400002, 35.11976554900008], [76.17831277300019, 35.07953530000003], [76.26998015400017, 35.066029674000106], [76.29411814800005, 35.047351307000156], [76.33693453299998, 35.046776677000025], [76.39239464000019, 35.01545454100011], [76.4556796440001, 34.844269172000054], [76.49588364700008, 34.812785180000105], [76.48391731100014, 34.793131899000116], [76.5618068930001, 34.75834125600005], [76.67163929500003, 34.757421211000064], [76.74323908600013, 34.84009428200011], [76.73886150600015, 34.90192719000015], [76.74936835300002, 34.926598144000025], [76.81105064900004, 34.935454804000074], [76.87004156800015, 34.972426856000084], [76.97035920000008, 34.93557594800018], [76.99748906400004, 34.939151354000046], [77.01014049999998, 34.9562884180001], [77.01809676000016, 35.03846381300019], [77.07683780700006, 35.02456037000013], [77.12598358800005, 35.04298999400015], [77.83396708800012, 35.50214254700012], [77.81405343900013, 35.51947374600013], [77.80017418600005, 35.49405955300011], [77.75504287500007, 35.4981391820001], [77.73009688900015, 35.46018815000008], [77.6918577290001, 35.44947175600015], [77.64599300200013, 35.4794010440001], [77.6370151970001, 35.45602339200008], [77.53684162899998, 35.48252133900007], [77.4384295700001, 35.461812144000135], [77.38531580600011, 35.47193591200005], [77.37549653700012, 35.49287429900011], [77.35224985200017, 35.49497959800016], [77.32862008700005, 35.53154237700011], [77.30485280700009, 35.541302711000185], [77.1929183810002, 35.52008274300016], [77.09037103100013, 35.57027593800012], [77.06149275500013, 35.59643009600018], [76.99531173400015, 35.61185148900012], [76.95543548300009, 35.59354881700011], [76.90021730000007, 35.61909872400014], [76.84369464900004, 35.585366046000104], [76.72579765600017, 35.424873171000115]]]}}, {"type": "Feature", "properties": {"adm2_name": "Ghizer", "adm2_name1": null, "adm2_name2": null, "adm2_name3": null, "adm2_pcode": "PK304", "adm1_name": "Gilgit Baltistan", "adm1_name1": null, "adm1_name2": null, "adm1_name3": null, "adm1_pcode": "PK3", "adm0_name": "Pakistan", "adm0_name1": null, "adm0_name2": null, "adm0_name3": null, "adm0_pcode": "PK", "valid_on": "2022-09-09", "valid_to": null, "area_sqkm": 4323.53268454, "version": "v01", "lang": "en", "lang1": null, "lang2": null, "lang3": null, "adm2_ref_name": "Ghizer", "center_lat": 36.37672968, "center_lon": 73.88667028}, "geometry": {"type": "Polygon", "coordinates": [[[73.72509902500008, 36.90126653800013], [73.69347371000003, 36.913459588000194], [73.63954854200011, 36.90325417000008], [73.69635171500005, 36.84685619800018], [73.78080609000006, 36.82881205900014], [73.7974846190001, 36.80325392900005], [73.84027161600011, 36.79131299100004], [73.86303698400008, 36.74825388900018], [73.854704206, 36.71380002900014], [73.83076475500019, 36.70548239100009], [73.78137237400006, 36.72100977600007], [73.70692404600004, 36.72072492200016], [73.66024732100004, 36.702657991000024], [73.60314494800019, 36.706090362000054], [73.58567390000007, 36.68094930000018], [73.60650464300011, 36.643171431000155], [73.59485352800004, 36.61775079700004], [73.58073102000003, 36.601156802000105], [73.52635915600007, 36.58562191500005], [73.52141614800018, 36.56973405000002], [73.54846090300009, 36.567192058000046], [73.54761351300016, 36.55419917500012], [73.56569052200007, 36.54939755500004], [73.56625539400011, 36.51776293300003], [73.61794401700018, 36.50420530800017], [73.63404364700017, 36.488388173000146], [73.6326313850002, 36.45675342200008], [73.61822639400015, 36.44121867500019], [73.6580520080002, 36.4262486720001], [73.65381527100004, 36.40393505500015], [73.69251115300005, 36.379926682000075], [73.69477076900012, 36.33981843200013], [73.71510726500003, 36.30112266800012], [73.71256527200012, 36.27993879400009], [73.64957852200007, 36.25028142200006], [73.63912789099999, 36.23418167500017], [73.646189139, 36.20311205400009], [73.62048602200008, 36.16272155700011], [73.65963377100007, 36.08634668400015], [73.65488864700006, 36.06126492300007], [73.63410014300001, 36.063072555000076], [73.63523001599998, 36.026466928000104], [73.67951838800019, 36.00658229900017], [73.67590301900009, 35.99460641400009], [73.69804714700018, 35.975625683000146], [73.71770589500011, 35.97833717700013], [73.74549902100006, 35.94150555200014], [73.74256164600013, 35.89676518400006], [73.75747502400003, 35.872135419000074], [73.77181452300016, 35.880487045999985], [73.80989802, 35.86445280300018], [73.83272002400003, 35.878688304000036], [73.88740263700004, 35.83914504400008], [73.90909489700005, 35.85902967300018], [73.94510776200019, 35.84967192300007], [73.93656102199998, 35.90816018000015], [73.9908115200002, 35.90095204800008], [74.0061669000001, 35.947471300000075], [74.04746151799998, 35.946209047000025], [74.0856271360002, 35.965102537000064], [74.08046126500005, 36.01477804700011], [74.09714152500015, 36.05264654900003], [74.1144977720001, 36.05828179700018], [74.09330951800007, 36.12229755700014], [74.1187806480001, 36.13627292200016], [74.12238715100017, 36.15362916900011], [74.11517415700001, 36.17188729300017], [74.0874488950002, 36.18496092200019], [74.07392452700009, 36.21606729900009], [74.04349439400005, 36.235903182000015], [74.02974452100005, 36.26543154300009], [74.02906826500003, 36.31547204300017], [74.04845339700012, 36.351311919000125], [74.09894477700016, 36.39346316900003], [74.07753101800017, 36.42299168200009], [74.08992839000007, 36.45838066600004], [74.11314538900001, 36.467171559000064], [74.12216177500017, 36.51901541600006], [74.18302190100013, 36.532314549000034], [74.19172827800008, 36.56426605000007], [74.23293551500018, 36.59363942400017], [74.27108751100008, 36.589696795], [74.31688252500004, 36.62723929500015], [74.25533552700011, 36.670824050000135], [74.1856000160002, 36.68640892800016], [74.19748677000013, 36.71440880400013], [74.09288339200015, 36.72127667700005], [74.11110977499999, 36.74742755099999], [74.10529839100019, 36.78044616900013], [74.06488352700006, 36.792597040000146], [74.04525469200019, 36.82886746700012], [73.96320401700007, 36.8375084110001], [73.93554046100019, 36.86735911900013], [73.84658096300018, 36.898614451000185], [73.80017927000006, 36.889689034000185], [73.78460071600017, 36.903434046000086], [73.72509902500008, 36.90126653800013]]]}}, {"type": "Feature", "properties": {"adm2_name": "Gilgit", "adm2_name1": null, "adm2_name2": null, "adm2_name3": null, "adm2_pcode": "PK305", "adm1_name": "Gilgit Baltistan", "adm1_name1": null, "adm1_name2": null, "adm1_name3": null, "adm1_pcode": "PK3", "adm0_name": "Pakistan", "adm0_name1": null, "adm0_name2": null, "adm0_name3": null, "adm0_pcode": "PK", "valid_on": "2022-09-09", "valid_to": null, "area_sqkm": 4016.02639844, "version": "v01", "lang": "en", "lang1": null, "lang2": null, "lang3": null, "adm2_ref_name": "Gilgit", "center_lat": 35.96682929, "center_lon": 74.50875764}, "geometry": {"type": "Polygon", "coordinates": [[[74.21871389500012, 36.17710718300003], [74.2004310150001, 36.21048055200015], [74.1656066450002, 36.234277300000144], [74.14268051400012, 36.29783191600012], [74.09276552500012, 36.33091505099998], [74.07775639400018, 36.37588142900012], [74.0317732650002, 36.322234297000136], [74.02974452100005, 36.26543154300009], [74.0874488950002, 36.18496092200019], [74.11900601200011, 36.16602667000012], [74.12148551900015, 36.139879425], [74.09285876700017, 36.11237968000012], [74.11427252500005, 36.054900669], [74.09714152500015, 36.05264654900003], [74.08046126500005, 36.01477804700011], [74.0824646440002, 35.96159968000006], [74.04565839600019, 35.94584829500019], [74.0061669000001, 35.947471300000075], [73.9908115200002, 35.90095204800008], [73.93656102199998, 35.90816018000015], [73.93493801700009, 35.89517668000008], [73.94557726800014, 35.8293575400001], [73.98272452600008, 35.81312818300012], [74.02492076400017, 35.82376742200012], [74.05233051000016, 35.76930892900003], [74.09434638400006, 35.76750567700003], [74.13906751700006, 35.72368642200007], [74.16883952600006, 35.71347043200018], [74.18593377000008, 35.67520391700009], [74.21104714300009, 35.66189604700014], [74.2316532750001, 35.62991380200003], [74.28230977600003, 35.64021679800004], [74.33876177200017, 35.59385329500003], [74.35979689500004, 35.59793179299999], [74.39199377000011, 35.56938367300012], [74.40666126899998, 35.58247705300005], [74.46819314100014, 35.559295308], [74.48593714800006, 35.576180804000046], [74.53544876900008, 35.57389117300005], [74.56693027200015, 35.62798204500018], [74.61598577500013, 35.624154289000046], [74.61376976100007, 35.65602368100008], [74.6378273970002, 35.67297867400009], [74.6481376500002, 35.70322230100015], [74.62797514100004, 35.71788592500019], [74.62430939400019, 35.74263079600007], [74.65203277700016, 35.769666932000064], [74.62262614700012, 35.78823067300016], [74.6518036440001, 35.82694693000013], [74.73890601700003, 35.85086517400009], [74.72901702900003, 35.79005868000013], [74.75880251900014, 35.76531379600016], [74.7409311450001, 35.744692927000074], [74.74553977800014, 35.72073366400019], [74.830883277, 35.75842093400007], [74.83974989100017, 35.783935549000034], [74.89168364200009, 35.81596442600005], [74.89765526100012, 35.84057418000003], [74.96654177400012, 35.864725680000106], [74.95613514500013, 35.92267204600006], [74.92207690100014, 35.93544379200006], [74.93295652300009, 35.97115767500014], [74.89369501800007, 36.00426993300016], [74.87501027500014, 36.00426993300016], [74.85656201600005, 36.03809166800005], [74.74043276300006, 36.060560671000076], [74.71867340200015, 36.08657729700013], [74.67822939100017, 36.09580142100003], [74.65457764700005, 36.12252767600006], [74.60869364300004, 36.143814174000056], [74.49545614400017, 36.14401641600011], [74.42809388699999, 36.072714924000024], [74.35403489200013, 36.168440169000064], [74.30693577100004, 36.18117005100015], [74.21871389500012, 36.17710718300003]]]}}, {"type": "Feature", "properties": {"adm2_name": "Hunza", "adm2_name1": null, "adm2_name2": null, "adm2_name3": null, "adm2_pcode": "PK306", "adm1_name": "Gilgit Baltistan", "adm1_name1": null, "adm1_name2": null, "adm1_name3": null, "adm1_pcode": "PK3", "adm0_name": "Pakistan", "adm0_name1": null, "adm0_name2": null, "adm0_name3": null, "adm0_pcode": "PK", "valid_on": "2022-09-09", "valid_to": null, "area_sqkm": 11419.07593321, "version": "v01", "lang": "en", "lang1": null, "lang2": null, "lang3": null, "adm2_ref_name": "Hunza", "center_lat": 36.55148578, "center_lon": 75.20522182}, "geometry": {"type": "Polygon", "coordinates": [[[74.78982667500009, 37.02780053700019], [74.73187367100013, 37.03197184400011], [74.70625975300004, 37.08479748000019], [74.69019007300017, 37.088330322000104], [74.63007610900013, 37.06707106400006], [74.61458595900012, 37.04415179700004], [74.571618881, 37.033867595000174], [74.55842720600003, 36.96028037600013], [74.53659169300016, 36.96517200300008], [74.51735587900004, 36.998909164000054], [74.42054816900009, 36.99611628800011], [74.25232074900003, 36.900398880000125], [74.15203913200014, 36.90984816600019], [74.11966730500018, 36.84171573300006], [74.08500027600019, 36.84630286100014], [74.04525469200019, 36.82886746700012], [74.06488352700006, 36.792597040000146], [74.10529839100019, 36.78044616900013], [74.11110977499999, 36.74742755099999], [74.09288339200015, 36.72127667700005], [74.19748677000013, 36.71440880400013], [74.1856000160002, 36.68640892800016], [74.25533552700011, 36.670824050000135], [74.31397676200004, 36.63172992], [74.27875760800015, 36.588721142000054], [74.37083651800015, 36.57987955800019], [74.54906664800018, 36.51292267700012], [74.46334238700007, 36.46686667000017], [74.44185077100013, 36.441985671000054], [74.43946989400007, 36.42655054300013], [74.48473752100017, 36.37878767300009], [74.42212965400012, 36.31897479500009], [74.38940939600013, 36.256197297000085], [74.4482296450002, 36.2464021720001], [74.58895452400009, 36.257540168000105], [74.61346777300014, 36.28164018500007], [74.61223426700002, 36.29697092800012], [74.64307201899999, 36.311420672000054], [74.78386864900006, 36.30208117199999], [74.81138251000004, 36.31195916900009], [74.83694927700009, 36.305236043000036], [74.8698455190002, 36.32361266800001], [74.95991339200003, 36.30863917700003], [75.00528764700005, 36.32678892300004], [75.05406502400012, 36.316579674000025], [75.0853732670002, 36.28890142], [75.18766989300013, 36.324363928000025], [75.22421852999997, 36.306597303000046], [75.26097152200003, 36.23422541900004], [75.29726327600002, 36.219618421000064], [75.32392826800009, 36.24125842500018], [75.35418015100015, 36.24534417900003], [75.37547065300015, 36.21701154700003], [75.41715828100007, 36.20510080100007], [75.43140852000005, 36.168943178], [75.4735215230001, 36.144058304], [75.57540090000003, 36.121725674000174], [75.65765665300006, 36.12593117400013], [75.6830228930001, 36.139166424999985], [75.73321814500014, 36.10237067500003], [75.72492327300006, 36.07472079300004], [75.75470001400004, 36.063873418000185], [75.77682002100016, 36.01814478800003], [75.8095746510001, 36.011976681000135], [75.86827752700015, 36.020484293000095], [75.94932483800017, 36.073856140000146], [75.93358978100008, 36.13554692000008], [75.9720876020001, 36.14916423900013], [75.96516925700013, 36.15958595700005], [76.01350926600003, 36.16614086800013], [76.00862091400006, 36.22979094600004], [76.06203590300015, 36.230936910000025], [75.98834063600003, 36.33252165000016], [75.98816710500012, 36.35257273500014], [76.03178574400005, 36.409687548000136], [76.0075535310001, 36.45497929400017], [76.01077205100012, 36.47446394600013], [75.99653263700003, 36.478965944000095], [75.99674218500013, 36.49489156100003], [75.96012374400016, 36.52427078700009], [75.93247983400016, 36.56963456500006], [75.94334356700011, 36.60087680000004], [75.74942037300013, 36.737478907000025], [75.64529814300016, 36.771612244000096], [75.58578990300015, 36.763338388000136], [75.53434269700006, 36.77358984900019], [75.52913020000017, 36.72715868800009], [75.5017187570001, 36.744076381000184], [75.45516317700009, 36.72134701700003], [75.42040119700016, 36.78620854300016], [75.42674328600009, 36.87355387000008], [75.39179467800011, 36.910126472000115], [75.39658153000005, 36.93208640400002], [75.41442581700011, 36.93917173100016], [75.41028070400006, 36.95473064000009], [75.28559006800003, 36.97487995000017], [75.23287575400008, 36.96540119600013], [75.16524427100018, 36.99196135200003], [75.16885896700012, 37.01411118700014], [75.14496726800013, 37.02617981800012], [75.12785639800012, 37.01130193900008], [75.07170746700012, 37.00563433200017], [75.02938212900006, 37.01708741700003], [75.00264516700008, 36.994934308000154], [74.93226664600013, 36.983124337000106], [74.92515185100001, 36.972041235], [74.93586169700012, 36.9438177940001], [74.89961978700012, 36.93475813500004], [74.84135573600008, 37.01402605800013], [74.84429922499999, 37.05735656900015], [74.80402025, 37.05462590200011], [74.78982667500009, 37.02780053700019]]]}}, {"type": "Feature", "properties": {"adm2_name": "Skardu", "adm2_name1": null, "adm2_name2": null, "adm2_name3": null, "adm2_pcode": "PK307", "adm1_name": "Gilgit Baltistan", "adm1_name1": null, "adm1_name2": null, "adm1_name3": null, "adm1_pcode": "PK3", "adm0_name": "Pakistan", "adm0_name1": null, "adm0_name2": null, "adm0_name3": null, "adm0_pcode": "PK", "valid_on": "2022-09-09", "valid_to": null, "area_sqkm": 2118.9510952, "version": "v01", "lang": "en", "lang1": null, "lang2": null, "lang3": null, "adm2_ref_name": "Skardu", "center_lat": 35.25698268, "center_lon": 75.52140039}, "geometry": {"type": "Polygon", "coordinates": [[[75.69055702800006, 35.358548051000014], [75.58504377500003, 35.48254642500018], [75.4950396430001, 35.42369342500018], [75.47473464300009, 35.45869403700016], [75.45438164800015, 35.465217177000056], [75.39604065100019, 35.43085317499998], [75.38763464100009, 35.41428317200007], [75.3282686390001, 35.38684418500003], [75.30126964700014, 35.35287416800014], [75.16755815000005, 35.333510057000126], [75.17814865400004, 35.270873548], [75.1703085260001, 35.22666505300015], [75.21179164700004, 35.19001492000001], [75.23776401200007, 35.19461966500012], [75.24384988500009, 35.16540315600008], [75.26576002500019, 35.160211545000095], [75.22004801300017, 35.14087955100018], [75.21179164700004, 35.10785405200011], [75.19366789900005, 35.107048550000115], [75.20152152000003, 35.079057434000106], [75.22671810300011, 35.05969190400009], [75.31191544000018, 35.034007412000165], [75.46852819500015, 35.069088669000166], [75.58146188600006, 35.072710677000146], [75.65988739500006, 35.097943082000086], [75.69342411000014, 35.09038800400003], [75.74015589000015, 35.126473421000185], [75.81370639300002, 35.153887793000024], [75.89474789800016, 35.15099505400002], [75.94781489200011, 35.13389380000012], [75.99100890300008, 35.150512925000044], [75.93883752800019, 35.190293797000095], [75.91228388600013, 35.22843929900006], [75.87396227200003, 35.23243504200019], [75.85745089000005, 35.30612029800011], [75.83108189799998, 35.343579045000126], [75.8015091480001, 35.347768422000115], [75.78016177300009, 35.314486170000066], [75.720923513, 35.303162925000095], [75.70170127200004, 35.31844205600015], [75.6763180280002, 35.29724842400003], [75.65550926700018, 35.30007666900019], [75.65118115600012, 35.31671716700015], [75.69055702800006, 35.358548051000014]]]}}, {"type": "Feature", "properties": {"adm2_name": "Nagar", "adm2_name1": null, "adm2_name2": null, "adm2_name3": null, "adm2_pcode": "PK308", "adm1_name": "Gilgit Baltistan", "adm1_name1": null, "adm1_name2": null, "adm1_name3": null, "adm1_pcode": "PK3", "adm0_name": "Pakistan", "adm0_name1": null, "adm0_name2": null, "adm0_name3": null, "adm0_pcode": "PK", "valid_on": "2022-09-09", "valid_to": null, "area_sqkm": 3022.1555788, "version": "v01", "lang": "en", "lang1": null, "lang2": null, "lang3": null, "adm2_ref_name": "Nagar", "center_lat": 36.29820311, "center_lon": 74.84205628}, "geometry": {"type": "Polygon", "coordinates": [[[74.37083651800015, 36.57987955800019], [74.23293551500018, 36.59363942400017], [74.19172827800008, 36.56426605000007], [74.18302190100013, 36.532314549000034], [74.12216177500017, 36.51901541600006], [74.11314538900001, 36.467171559000064], [74.08992839000007, 36.45838066600004], [74.07753101800017, 36.42299168200009], [74.09894477700016, 36.396618920000094], [74.0808392670001, 36.37757792300016], [74.08434976900008, 36.3483273010001], [74.14616303200017, 36.29347880400002], [74.1656066450002, 36.234277300000144], [74.2004310150001, 36.21048055200015], [74.21871389500012, 36.17710718300003], [74.30693577100004, 36.18117005100015], [74.35403489200013, 36.168440169000064], [74.42809388699999, 36.072714924000024], [74.49545614400017, 36.14401641600011], [74.6004643920001, 36.145509047000075], [74.65457764700005, 36.12252767600006], [74.67822939100017, 36.09580142100003], [74.71867340200015, 36.08657729700013], [74.74043276300006, 36.060560671000076], [74.85064913600007, 36.04211242399998], [74.87501027500014, 36.00426993300016], [74.89369501800007, 36.00426993300016], [74.91214314800004, 36.03903766600013], [75.00108412600014, 36.06540149600016], [75.01212476500018, 36.085717671000054], [75.03622482100008, 36.06953095900013], [75.04892552800015, 36.03495779400009], [75.11239414900001, 36.04814892500002], [75.13204465300004, 36.07450804100017], [75.14441727100018, 36.068797673], [75.18851476900005, 36.15635817200001], [75.19390801300005, 36.19157267500003], [75.20786703200014, 36.20299368300016], [75.27575814400006, 36.2014074220001], [75.29726327600002, 36.219618421000064], [75.25598039000005, 36.23808216900011], [75.22421852999997, 36.306597303000046], [75.18766989300013, 36.324363928000025], [75.0853732670002, 36.28890142], [75.05406502400012, 36.316579674000025], [75.00528764700005, 36.32678892300004], [74.95991339200003, 36.30863917700003], [74.8698455190002, 36.32361266800001], [74.83694927700009, 36.305236043000036], [74.81138251000004, 36.31195916900009], [74.78386864900006, 36.30208117199999], [74.64307201899999, 36.311420672000054], [74.61223426700002, 36.29697092800012], [74.61346777300014, 36.28164018500007], [74.58895452400009, 36.257540168000105], [74.4482296450002, 36.2464021720001], [74.38940939600013, 36.256197297000085], [74.42212965400012, 36.31897479500009], [74.48473752100017, 36.37878767300009], [74.43946989400007, 36.42655054300013], [74.44185077100013, 36.441985671000054], [74.46334238700007, 36.46686667000017], [74.54906664800018, 36.51292267700012], [74.37083651800015, 36.57987955800019]]]}}, {"type": "Feature", "properties": {"adm2_name": "Kharmang", "adm2_name1": null, "adm2_name2": null, "adm2_name3": null, "adm2_pcode": "PK309", "adm1_name": "Gilgit Baltistan", "adm1_name1": null, "adm1_name2": null, "adm1_name3": null, "adm1_pcode": "PK3", "adm0_name": "Pakistan", "adm0_name1": null, "adm0_name2": null, "adm0_name3": null, "adm0_pcode": "PK", "valid_on": "2022-09-09", "valid_to": null, "area_sqkm": 5971.07699293, "version": "v01", "lang": "en", "lang1": null, "lang2": null, "lang3": null, "adm2_ref_name": "Kharmang", "center_lat": 34.8367318, "center_lon": 75.80374839}, "geometry": {"type": "Polygon", "coordinates": [[[75.85507990200017, 35.151524051000024], [75.77793401700018, 35.14218654600006], [75.69342411000014, 35.09038800400003], [75.65988739500006, 35.097943082000086], [75.58146188600006, 35.072710677000146], [75.46852819500015, 35.069088669000166], [75.32319155900012, 35.035260314000084], [75.21532202000003, 35.066644108000105], [75.20776415000012, 35.04623342400009], [75.22810301800007, 35.01079143200002], [75.20011190100018, 34.97796742300011], [75.21118751700016, 34.95138592500007], [75.10433402300015, 34.90066804200006], [75.1454682970001, 34.87024647500016], [75.14849540500012, 34.83366455300006], [75.17590590200012, 34.83526354300005], [75.24740164900015, 34.78660992699997], [75.26384802000018, 34.72790566600014], [75.2567669030002, 34.68816029400017], [75.20735408000013, 34.64632851900012], [75.25964218400014, 34.644085435000136], [75.26185553000016, 34.61088196500003], [75.37781392500005, 34.55242146300003], [75.6155620310002, 34.53853566200013], [75.74920755199997, 34.51583249000015], [75.84218447000006, 34.57386080100002], [75.91864641900014, 34.604834553000046], [75.94625103900012, 34.63117861300003], [75.99184401000014, 34.62997044100007], [76.03646127500008, 34.67026578600013], [76.07443850000004, 34.67630665000013], [76.12192394800007, 34.64664911900019], [76.15791374500009, 34.643410954000046], [76.26006164500012, 34.68437095800016], [76.31613854300008, 34.73162721300014], [76.38593426000017, 34.735955680000075], [76.49354165200003, 34.804994174000115], [76.49258164500009, 34.818494163000025], [76.4556796440001, 34.844269172000054], [76.45203013700018, 34.873292669000136], [76.41115014800005, 34.94260567200001], [76.41277264800016, 34.98256616800006], [76.3946935250001, 35.013443048000056], [76.33693453299998, 35.046776677000025], [76.29411814800005, 35.047351307000156], [76.26998015400017, 35.066029674000106], [76.17831277300019, 35.07953530000003], [76.10359976400002, 35.11976554900008], [76.00273701900005, 35.14965079800004], [75.94781489200011, 35.13389380000012], [75.85507990200017, 35.151524051000024]]]}}, {"type": "Feature", "properties": {"adm2_name": "Shigar", "adm2_name1": null, "adm2_name2": null, "adm2_name3": null, "adm2_pcode": "PK310", "adm1_name": "Gilgit Baltistan", "adm1_name1": null, "adm1_name2": null, "adm1_name3": null, "adm1_pcode": "PK3", "adm0_name": "Pakistan", "adm0_name1": null, "adm0_name2": null, "adm0_name3": null, "adm0_pcode": "PK", "valid_on": "2022-09-09", "valid_to": null, "area_sqkm": 8513.354885, "version": "v01", "lang": "en", "lang1": null, "lang2": null, "lang3": null, "adm2_ref_name": "Shigar", "center_lat": 35.73634155, "center_lon": 75.92160108}, "geometry": {"type": "Polygon", "coordinates": [[[75.41715828100007, 36.20510080100007], [75.35418015100015, 36.24534417900003], [75.33271951300014, 36.245228685000086], [75.27575814400006, 36.2014074220001], [75.20659789700017, 36.20235917400015], [75.14441727100018, 36.068797673], [75.13204465300004, 36.07450804100017], [75.08741839400005, 36.0379187960001], [75.04469552000012, 36.037072804000104], [75.03622482100008, 36.06953095900013], [75.01635477300005, 36.08614055500004], [75.00704877600003, 36.069220675000054], [74.96166765100014, 36.04737218300011], [74.91214314800004, 36.03903766600013], [74.89558714200012, 35.99764743400016], [74.93295652300009, 35.97115767500014], [74.92207690100014, 35.93544379200006], [74.95613514500013, 35.92267204600006], [74.96725139300008, 35.86780018000013], [74.89832363900018, 35.84056667500005], [74.96447239800011, 35.823523292000175], [75.05981802100018, 35.76808979600014], [75.08400714500016, 35.77554817600014], [75.15637301700019, 35.73241079000019], [75.1757243990001, 35.71487367499998], [75.15899352500008, 35.694917671000155], [75.1757243990001, 35.66306854700014], [75.22329639499998, 35.65601341700011], [75.28457551800011, 35.606022427000084], [75.44665902200018, 35.61345204800011], [75.48466815000018, 35.55291904100011], [75.54215114100003, 35.498720789000174], [75.58504377500003, 35.48254642500018], [75.69055702800006, 35.358548051000014], [75.65118115600012, 35.31671716700015], [75.65550926700018, 35.30007666900019], [75.6763180280002, 35.29724842400003], [75.70170127200004, 35.31844205600015], [75.720923513, 35.303162925000095], [75.78016177300009, 35.314486170000066], [75.8015091480001, 35.347768422000115], [75.82590665500015, 35.34505767900009], [75.85745089000005, 35.30612029800011], [75.87396227200003, 35.23243504200019], [75.91228388600013, 35.22843929900006], [75.912406896, 35.25954317500003], [75.93088977400004, 35.296016174000044], [75.99639365600018, 35.35953005300013], [76.00493364400018, 35.43856705200011], [76.01956263700004, 35.46610905000006], [76.08236964500003, 35.5025161690001], [76.15967115100017, 35.524814168000034], [76.24964264800019, 35.606745045000025], [76.42925665600018, 35.68433030200015], [76.45772864500003, 35.686780675000136], [76.56208565100007, 35.59646004000018], [76.61811665400006, 35.56551805600009], [76.65437678300009, 35.529081543000075], [76.68189865300013, 35.45858817200019], [76.7295295290001, 35.4220056800001], [76.84369464900004, 35.585366046000104], [76.90021730000007, 35.61909872400014], [76.84633649800003, 35.669005593000065], [76.75862118800012, 35.65671104300009], [76.74215860600009, 35.68870306600013], [76.69583876700017, 35.72311798300018], [76.69051494900003, 35.748443773000076], [76.59112391000008, 35.77302305000012], [76.56380414400007, 35.82024001400015], [76.58522711000018, 35.84131591700003], [76.57721846300018, 35.86745370400007], [76.594977621, 35.8966823180001], [76.57357102600014, 35.921769093000194], [76.54635603300017, 35.92007306700003], [76.53723743900008, 35.89728804200013], [76.512704, 35.88177169800008], [76.46890200700011, 35.88659129200005], [76.42889478900014, 35.85239247200019], [76.36681304299998, 35.86395360500006], [76.35548437600016, 35.8499826740001], [76.36300517000018, 35.824866432000135], [76.29599578200015, 35.84234401000009], [76.22589229200008, 35.837828914000056], [76.21876112600017, 35.824175580000144], [76.15740624700004, 35.825157834000095], [76.14380857400016, 35.84078222599999], [76.15712139400017, 35.864490570000044], [76.15988480200019, 35.9175257550001], [76.10440707900011, 35.98917793200013], [76.09429640800016, 36.02309189900018], [76.01160369300004, 36.01880927000013], [75.9658732060002, 36.042933436000055], [75.94932483800017, 36.073856140000146], [75.86572515300014, 36.01942092200011], [75.77894689200019, 36.01686841900005], [75.75470001400004, 36.063873418000185], [75.72492327300006, 36.07472079300004], [75.73321814500014, 36.10237067500003], [75.6830228930001, 36.139166424999985], [75.65765665300006, 36.12593117400013], [75.57540090000003, 36.121725674000174], [75.48139115000009, 36.14171866900017], [75.43140852000005, 36.168943178], [75.41715828100007, 36.20510080100007]]]}}, {"type": "Feature", "properties": {"adm2_name": "Darel", "adm2_name1": null, "adm2_name2": null, "adm2_name3": null, "adm2_pcode": "PK311", "adm1_name": "Gilgit Baltistan", "adm1_name1": null, "adm1_name2": null, "adm1_name3": null, "adm1_pcode": "PK3", "adm0_name": "Pakistan", "adm0_name1": null, "adm0_name2": null, "adm0_name3": null, "adm0_pcode": "PK", "valid_on": "2022-09-09", "valid_to": null, "area_sqkm": 1650.92586471, "version": "v01", "lang": "en", "lang1": null, "lang2": null, "lang3": null, "adm2_ref_name": "Darel", "center_lat": 35.69912193, "center_lon": 73.82870134}, "geometry": {"type": "Polygon", "coordinates": [[[73.6222749000001, 35.860460806], [73.54333913900018, 35.88185179400011], [73.53701226400005, 35.86136455100012], [73.52285201300003, 35.85714667300016], [73.49379989800013, 35.87314916300011], [73.49285714100017, 35.85038717900005], [73.49557201800019, 35.82595292600013], [73.52272127600014, 35.79201630699998], [73.50914663500009, 35.68206217200009], [73.57973464400015, 35.58839742499998], [73.57980676200009, 35.55360825400004], [73.78840026000012, 35.51685564700017], [73.85782388600006, 35.52568479700005], [73.91642665000012, 35.55009467100018], [73.97781003000006, 35.61947504400018], [74.01736315400012, 35.61990730000008], [74.04827089500009, 35.66897067100018], [74.10057640100013, 35.676319428000056], [74.12780977600005, 35.66335104200016], [74.15744438900003, 35.71889291600013], [74.09434638400006, 35.76750567700003], [74.05233051000016, 35.76930892900003], [74.02492076400017, 35.82376742200012], [74.00129801500003, 35.812406927000154], [73.9648721530001, 35.81763629400018], [73.94431501400015, 35.830800168999986], [73.94510776200019, 35.84967192300007], [73.9151958920001, 35.85902967300018], [73.8844651440001, 35.838919175000115], [73.83272002400003, 35.878688304000036], [73.80605665300004, 35.86445280300018], [73.77181452300016, 35.880487045999985], [73.76041251600009, 35.87168355200009], [73.76417852700018, 35.85021717200016], [73.68012102600011, 35.87883892200006], [73.63884539600019, 35.87793504800004], [73.6222749000001, 35.860460806]]]}}, {"type": "Feature", "properties": {"adm2_name": "Tangir", "adm2_name1": null, "adm2_name2": null, "adm2_name3": null, "adm2_pcode": "PK312", "adm1_name": "Gilgit Baltistan", "adm1_name1": null, "adm1_name2": null, "adm1_name3": null, "adm1_pcode": "PK3", "adm0_name": "Pakistan", "adm0_name1": null, "adm0_name2": null, "adm0_name3": null, "adm0_pcode": "PK", "valid_on": "2022-09-09", "valid_to": null, "area_sqkm": 1102.33582396, "version": "v01", "lang": "en", "lang1": null, "lang2": null, "lang3": null, "adm2_ref_name": "Tangir", "center_lat": 35.74509055, "center_lon": 73.31614423}, "geometry": {"type": "Polygon", "coordinates": [[[73.36980090100019, 35.90354404300001], [73.32942926300007, 35.947229801000105], [73.30894190200007, 35.935781174000056], [73.26254477900011, 35.93879392900004], [73.25380751700015, 35.86256967400004], [73.18842927500009, 35.84178130000009], [73.12435951200001, 35.837695530000076], [73.111648517, 35.75999491100015], [73.126084333, 35.722764371000096], [73.15721197200008, 35.69026812400011], [73.29582115200014, 35.60749682800014], [73.41442835900017, 35.5733274750001], [73.57980676200009, 35.55360825400004], [73.57973464400015, 35.58839742499998], [73.50914663500009, 35.68206217200009], [73.52272127600014, 35.79201630699998], [73.49557201800019, 35.82595292600013], [73.49379989800013, 35.87314916300011], [73.40685865300003, 35.884262052000054], [73.38486501400007, 35.90505055600005], [73.36980090100019, 35.90354404300001]]]}}, {"type": "Feature", "properties": {"adm2_name": "Gupis-Yasin", "adm2_name1": null, "adm2_name2": null, "adm2_name3": null, "adm2_pcode": "PK313", "adm1_name": "Gilgit Baltistan", "adm1_name1": null, "adm1_name2": null, "adm1_name3": null, "adm1_pcode": "PK3", "adm0_name": "Pakistan", "adm0_name1": null, "adm0_name2": null, "adm0_name3": null, "adm0_pcode": "PK", "valid_on": "2022-09-09", "valid_to": null, "area_sqkm": 7726.10957105, "version": "v01", "lang": "en", "lang1": null, "lang2": null, "lang3": null, "adm2_ref_name": "Gupis-Yasin", "center_lat": 36.28469598, "center_lon": 73.20519062}, "geometry": {"type": "Polygon", "coordinates": [[[73.41778335000004, 36.74953214100009], [73.35552911700006, 36.746260260000156], [73.24774307700005, 36.71129528100005], [73.15719560100007, 36.722984107000116], [73.10580405600007, 36.696623676000115], [73.05996552200008, 36.69079563400004], [73.04801803500015, 36.66664854900006], [73.07302950400009, 36.605277300000125], [73.03552376100004, 36.53752794600018], [72.96414334000013, 36.49840475700012], [72.95970027700008, 36.47119303900013], [72.8752427770001, 36.45289691500011], [72.85080101600005, 36.375708098000075], [72.70913702600018, 36.30326029400004], [72.67690968400018, 36.26439616300007], [72.61414976100014, 36.267172271000106], [72.56721437600004, 36.24829989200009], [72.54025149500018, 36.20247772800019], [72.54385309400016, 36.14471462700004], [72.51858623900006, 36.0905531250001], [72.56693934400005, 36.00750679700013], [72.51277129400006, 35.90026754600012], [72.54914744500007, 35.88110376500015], [72.57499710400009, 35.845824464000145], [72.67692563300017, 35.81749625000015], [72.81109502300006, 35.857215340000096], [72.97637895500003, 35.83387697800015], [73.07470588500013, 35.864441458000044], [73.12435951200001, 35.837695530000076], [73.18842927500009, 35.84178130000009], [73.25380751700015, 35.86256967400004], [73.26073703000003, 35.93698629700003], [73.30894190200007, 35.935781174000056], [73.32942926300007, 35.947229801000105], [73.36287151700009, 35.924332429], [73.36980090100019, 35.90354404300001], [73.38486501400007, 35.90505055600005], [73.40685865300003, 35.884262052000054], [73.49825160000006, 35.87327108400018], [73.51742888300004, 35.858351796000136], [73.53701226400005, 35.86136455100012], [73.54605064500015, 35.882454303000145], [73.6222749000001, 35.860460806], [73.63884539600019, 35.87793504800004], [73.68012102600011, 35.87883892200006], [73.76417852700018, 35.85021717200016], [73.74256164600013, 35.89676518400006], [73.74549902100006, 35.94150555200014], [73.71770589500011, 35.97833717700013], [73.69804714700018, 35.975625683000146], [73.67590301900009, 35.99460641400009], [73.67951838800019, 36.00658229900017], [73.63523001599998, 36.026466928000104], [73.63410014300001, 36.063072555000076], [73.65488864700006, 36.06126492300007], [73.65963377100007, 36.08634668400015], [73.6507083940001, 36.11583454200013], [73.62528776000016, 36.135888555000065], [73.62048602200008, 36.16611092800014], [73.646189139, 36.20311205400009], [73.64562426700019, 36.24632705099998], [73.7159546420001, 36.28417568400016], [73.69477076900012, 36.33981843200013], [73.6953356520001, 36.37371267000003], [73.67415177800007, 36.39941580000004], [73.65381527100004, 36.40393505500015], [73.6580520080002, 36.4262486720001], [73.61822639400015, 36.44121867500019], [73.6326313850002, 36.45675342200008], [73.63404364700017, 36.488388173000146], [73.61794401700018, 36.50420530800017], [73.56625539400011, 36.51776293300003], [73.56569052200007, 36.54939755500004], [73.54761351300016, 36.55419917500012], [73.54846090300009, 36.567192058000046], [73.52141614800018, 36.56973405000002], [73.52635915600007, 36.58562191500005], [73.58073102000003, 36.601156802000105], [73.59485352800004, 36.61775079700004], [73.60650464300011, 36.643171431000155], [73.58567390000007, 36.68094930000018], [73.60314494800019, 36.706090362000054], [73.56301787299998, 36.729034606000084], [73.48303227400004, 36.72653331900017], [73.41778335000004, 36.74953214100009]]]}}, {"type": "Feature", "properties": {"adm2_name": "Rondu", "adm2_name1": null, "adm2_name2": null, "adm2_name3": null, "adm2_pcode": "PK314", "adm1_name": "Gilgit Baltistan", "adm1_name1": null, "adm1_name2": null, "adm1_name3": null, "adm1_pcode": "PK3", "adm0_name": "Pakistan", "adm0_name1": null, "adm0_name2": null, "adm0_name3": null, "adm0_pcode": "PK", "valid_on": "2022-09-09", "valid_to": null, "area_sqkm": 1881.90223269, "version": "v01", "lang": "en", "lang1": null, "lang2": null, "lang3": null, "adm2_ref_name": "Rondu", "center_lat": 35.58728773, "center_lon": 75.15829268}, "geometry": {"type": "Polygon", "coordinates": [[[75.05981802100018, 35.76808979600014], [74.89765526100012, 35.84057418000003], [74.89168364200009, 35.81596442600005], [74.83974989100017, 35.783935549000034], [74.830883277, 35.75842093400007], [74.73909813600005, 35.72086455400017], [74.79591990300008, 35.71147054100015], [74.82868389200019, 35.72063543200005], [74.86213540000006, 35.705513413], [74.8784028980001, 35.678019175000145], [74.87267490300019, 35.640672669000026], [74.8328081410001, 35.605617298000084], [74.86992565399999, 35.57560280399997], [74.86328127800004, 35.558189544000186], [74.90704289700005, 35.52359254600003], [74.94690964800003, 35.510991053000055], [74.97325839500007, 35.475477427000044], [75.00602251300012, 35.47570654800012], [75.02549764500014, 35.43629792400009], [75.086901775, 35.420030425000164], [75.09858689900017, 35.38634979600005], [75.16755815000005, 35.333510057000126], [75.30126964700014, 35.35287416800014], [75.3282686390001, 35.38684418500003], [75.38763464100009, 35.41428317200007], [75.39604065100019, 35.43085317499998], [75.45438164800015, 35.465217177000056], [75.47473464300009, 35.45869403700016], [75.4950396430001, 35.42369342500018], [75.58504377500003, 35.48254642500018], [75.5139961480001, 35.522652173000154], [75.44665902200018, 35.61345204800011], [75.28457551800011, 35.606022427000084], [75.22329639499998, 35.65601341700011], [75.1757243990001, 35.66306854700014], [75.15899352500008, 35.69169242300006], [75.1757243990001, 35.71487367499998], [75.15637301700019, 35.73241079000019], [75.08400714500016, 35.77554817600014], [75.05981802100018, 35.76808979600014]]]}}, {"type": "Feature", "properties": {"adm2_name": "Islamabad", "adm2_name1": null, "adm2_name2": null, "adm2_name3": null, "adm2_pcode": "PK401", "adm1_name": "Islamabad", "adm1_name1": null, "adm1_name2": null, "adm1_name3": null, "adm1_pcode": "PK4", "adm0_name": "Pakistan", "adm0_name1": null, "adm0_name2": null, "adm0_name3": null, "adm0_pcode": "PK", "valid_on": "2022-09-09", "valid_to": null, "area_sqkm": 901.53277708, "version": "v01", "lang": "en", "lang1": null, "lang2": null, "lang3": null, "adm2_ref_name": "Islamabad", "center_lat": 33.65087509, "center_lon": 72.95796258}, "geometry": {"type": "Polygon", "coordinates": [[[73.16414642300015, 33.81037902800017], [73.11791229200003, 33.78636932400008], [73.08146667500012, 33.793548584000064], [73.02739715600006, 33.779888153], [73.01196166800014, 33.75814038000016], [72.99154663100006, 33.757461548000094], [72.956710815, 33.731079102000024], [72.85301971400014, 33.719345093000186], [72.81388102200009, 33.70140276200004], [72.9142150880001, 33.572631836000085], [72.98612213100012, 33.61058425900012], [72.96878051800007, 33.631464005], [72.98881530800008, 33.63386917100007], [73.00177764900013, 33.618789673000094], [73.08820092600018, 33.66418929500003], [73.15449905400015, 33.57836914100005], [73.08687591600017, 33.542419434000124], [73.19972885400006, 33.48971101600017], [73.29875183100006, 33.59128379800006], [73.30213165300012, 33.65501022300009], [73.32375335700016, 33.66658783000014], [73.35454559300007, 33.66249084499998], [73.38939666800019, 33.70362854000018], [73.34855651900011, 33.708278656000175], [73.26718902600004, 33.775764465000066], [73.16414642300015, 33.81037902800017]]]}}, {"type": "Feature", "properties": {"adm2_name": "Abbottabad", "adm2_name1": null, "adm2_name2": null, "adm2_name3": null, "adm2_pcode": "PK501", "adm1_name": "Khyber Pakhtunkhwa", "adm1_name1": null, "adm1_name2": null, "adm1_name3": null, "adm1_pcode": "PK5", "adm0_name": "Pakistan", "adm0_name1": null, "adm0_name2": null, "adm0_name3": null, "adm0_pcode": "PK", "valid_on": "2022-09-09", "valid_to": null, "area_sqkm": 1639.51651569, "version": "v01", "lang": "en", "lang1": null, "lang2": null, "lang3": null, "adm2_ref_name": "Abbottabad", "center_lat": 34.09458, "center_lon": 73.29114082}, "geometry": {"type": "Polygon", "coordinates": [[[73.39804108300018, 34.37221381400019], [73.35129999700013, 34.36644000600012], [73.32760000100006, 34.32075], [73.27296000400008, 34.305259995000085], [73.27356000000015, 34.289109999000175], [73.25374000500005, 34.27001000399997], [73.21200999600012, 34.28511000500015], [73.18777000000017, 34.22478000300015], [73.17845999800011, 34.243559995000055], [73.16001000200015, 34.23724000200019], [73.13975999400009, 34.25115000500011], [73.074169999, 34.22613000200005], [73.06505999600006, 34.250650003000146], [73.04907000100013, 34.25110999600008], [73.04937000500013, 34.26579999400019], [73.02742000400019, 34.26415999700009], [72.98582000400006, 34.20961000100016], [72.99350000200008, 34.19434000500007], [72.97160999699997, 34.183599998000034], [73.01890999700015, 34.172120005000124], [73.03984999900007, 34.15246000000013], [73.02475711800014, 34.12579961400013], [73.06003999900008, 34.11930000600006], [73.0924099240001, 34.09143288400003], [73.09599000200018, 34.06915000100008], [73.07219999400019, 34.03240999600018], [73.125449994, 34.02584999500016], [73.14584999700014, 34.008769996000126], [73.13022999600008, 33.95218999800011], [73.0905024970001, 33.933872498000085], [73.10922000300019, 33.92221000600006], [73.09453000500008, 33.89489000200018], [73.1209100010002, 33.892550003999986], [73.16650999500013, 33.91734000400015], [73.19210999500018, 33.91110000600008], [73.20267999600014, 33.92006999400007], [73.1828000050001, 33.89203000300006], [73.21360999600017, 33.889760006000074], [73.19007999399997, 33.86496000000017], [73.19526999800007, 33.84982000200017], [73.21169000500004, 33.85232000100018], [73.20933700000012, 33.81610030500008], [73.25388336200012, 33.84468841600011], [73.26731109600001, 33.83774948100006], [73.31671905500002, 33.85689926099997], [73.34662628200005, 33.91870117200017], [73.37840271000005, 33.936859131], [73.38574218700006, 33.95502853400012], [73.37428283700012, 33.955829620000145], [73.39341906800013, 33.97345031500015], [73.4235763550002, 33.95560073900015], [73.47190316500019, 34.016655625000055], [73.51200752900019, 34.01767306300002], [73.46470668299997, 34.27526858900018], [73.41415332800005, 34.316100900000094], [73.39804108300018, 34.37221381400019]]]}}, {"type": "Feature", "properties": {"adm2_name": "Bajaur", "adm2_name1": null, "adm2_name2": null, "adm2_name3": null, "adm2_pcode": "PK502", "adm1_name": "Khyber Pakhtunkhwa", "adm1_name1": null, "adm1_name2": null, "adm1_name3": null, "adm1_pcode": "PK5", "adm0_name": "Pakistan", "adm0_name1": null, "adm0_name2": null, "adm0_name3": null, "adm0_pcode": "PK", "valid_on": "2022-09-09", "valid_to": null, "area_sqkm": 1366.31035562, "version": "v01", "lang": "en", "lang1": null, "lang2": null, "lang3": null, "adm2_ref_name": "Bajaur", "center_lat": 34.74578541, "center_lon": 71.48571789}, "geometry": {"type": "Polygon", "coordinates": [[[71.6253433230001, 34.813499451000155], [71.58358001700014, 34.909481049000135], [71.51032109400006, 34.98502123800017], [71.49925194100018, 34.96376021600014], [71.35431693700019, 34.91167442700004], [71.30986010700013, 34.87882456900007], [71.27945606300017, 34.805014706], [71.2463082540001, 34.79089316300019], [71.21909981000005, 34.74809306900005], [71.17277868000008, 34.73099287100007], [71.2072195250002, 34.70498327700005], [71.23097606300007, 34.72205828900013], [71.27342088800003, 34.675887229000125], [71.26918068800006, 34.655157365000036], [71.28785469800005, 34.65164528000014], [71.3237750400001, 34.65761296800008], [71.35621185200006, 34.646762626000054], [71.43985228400015, 34.67651897500019], [71.48036260700007, 34.65888716900008], [71.52372828300014, 34.678089419000116], [71.55060429500003, 34.6729140920001], [71.56084787400016, 34.65342630600003], [71.52833254000012, 34.62812073900011], [71.53254418600011, 34.59257159200018], [71.54332314400006, 34.54428043200011], [71.58228665000019, 34.507322964000025], [71.62141705300013, 34.516904734000036], [71.62712775900013, 34.53596421599997], [71.66071319600019, 34.54806137100019], [71.67888641400015, 34.61891174300007], [71.70632934600008, 34.62601852400019], [71.72631073000008, 34.64894104000018], [71.75855397800018, 34.652307448000045], [71.76904296900017, 34.6954383850001], [71.756851934, 34.734735804000024], [71.77057647700008, 34.73487091100009], [71.7818374630001, 34.75770187400008], [71.8053665160001, 34.75923919700017], [71.731987, 34.79944992100013], [71.6253433230001, 34.813499451000155]]]}}, {"type": "Feature", "properties": {"adm2_name": "Bannu", "adm2_name1": null, "adm2_name2": null, "adm2_name3": null, "adm2_pcode": "PK503", "adm1_name": "Khyber Pakhtunkhwa", "adm1_name1": null, "adm1_name2": null, "adm1_name3": null, "adm1_pcode": "PK5", "adm0_name": "Pakistan", "adm0_name1": null, "adm0_name2": null, "adm0_name3": null, "adm0_pcode": "PK", "valid_on": "2022-09-09", "valid_to": null, "area_sqkm": 2027.75039382, "version": "v01", "lang": "en", "lang1": null, "lang2": null, "lang3": null, "adm2_ref_name": "Bannu", "center_lat": 32.98501673, "center_lon": 70.65532028}, "geometry": {"type": "Polygon", "coordinates": [[[70.69200897200005, 33.25437927200011], [70.62649167100011, 33.26000367100016], [70.61811121000011, 33.23122171199998], [70.51898762500014, 33.19124676700011], [70.48646515300004, 33.15289937400007], [70.49848248800004, 33.124876334000135], [70.45733684900011, 33.109828623000055], [70.42193047000006, 33.07099582000018], [70.41023722100005, 33.00060666700017], [70.39059477100017, 32.983070039000154], [70.40735807400011, 32.96959039300003], [70.35685768700012, 32.911960517000125], [70.32541180800018, 32.79180164100006], [70.27029465100014, 32.75675077800014], [70.26139077700009, 32.73004382500005], [70.29065867700018, 32.734463667], [70.31475592900006, 32.76301822700009], [70.38436837400008, 32.76677592000004], [70.37242126500018, 32.70676040600017], [70.49855589600008, 32.773142040000096], [70.5190338860001, 32.76044379500007], [70.53085739199997, 32.768958171000065], [70.53551351400012, 32.80644566600017], [70.56118164800012, 32.81110167100019], [70.56250584700018, 32.84430926500016], [70.61610901199998, 32.82923604500013], [70.61101601900003, 32.81536917500017], [70.68535152000004, 32.84247305700006], [70.69950201300014, 32.83686716800014], [70.70237451800006, 32.80955479700009], [70.73138014200015, 32.7929977930001], [70.79297138800001, 32.81673717600012], [70.76572315300012, 32.845129830000076], [70.78361807300018, 32.8584288350001], [70.79484368600004, 32.850693257000046], [70.77650017700012, 32.86633562000014], [70.78896000300006, 32.87363000099998], [70.83083399700013, 32.84923674700019], [70.87413500500014, 32.87845500200018], [70.88857000600012, 32.84461999700011], [70.95907000000011, 32.87647999500007], [70.96468100600003, 32.908287304000055], [70.92063810000013, 32.9805338810001], [70.91550074600013, 33.01377031100009], [70.84122999700014, 33.026560005000135], [70.8118800040001, 33.05180999900017], [70.79183960000017, 33.09986114500009], [70.8782730100001, 33.18199157700013], [70.831863403, 33.206470490000015], [70.71076202400019, 33.21738815300017], [70.67738342300004, 33.24404144300013], [70.69200897200005, 33.25437927200011]]]}}, {"type": "Feature", "properties": {"adm2_name": "Batagram", "adm2_name1": null, "adm2_name2": null, "adm2_name3": null, "adm2_pcode": "PK504", "adm1_name": "Khyber Pakhtunkhwa", "adm1_name1": null, "adm1_name2": null, "adm1_name3": null, "adm1_pcode": "PK5", "adm0_name": "Pakistan", "adm0_name1": null, "adm0_name2": null, "adm0_name3": null, "adm0_pcode": "PK", "valid_on": "2022-09-09", "valid_to": null, "area_sqkm": 1485.17921251, "version": "v01", "lang": "en", "lang1": null, "lang2": null, "lang3": null, "adm2_ref_name": "Batagram", "center_lat": 34.76181944, "center_lon": 73.13743152}, "geometry": {"type": "Polygon", "coordinates": [[[73.05452627000017, 34.96559954900016], [72.92366277100012, 34.939200682000035], [72.88984038900014, 34.91433129700016], [72.87805735800015, 34.91853311500017], [72.86406289899998, 34.89892428700011], [73.00420976700008, 34.83641955400003], [72.99542614600011, 34.814186920000054], [72.93348321200011, 34.80327660699999], [72.92765326500012, 34.77347192200017], [72.87103477300008, 34.761616792000154], [72.89867482700015, 34.72799142100001], [72.90529284900003, 34.59565874200018], [72.93909358400015, 34.56498736100019], [72.96583002700015, 34.58030004300008], [72.98946002200012, 34.57514004300003], [72.99994002300014, 34.589460049000024], [73.02372952000019, 34.58859235500017], [73.03469384100009, 34.56258583300007], [73.0505560740001, 34.55638000900018], [73.08876065200013, 34.566906845], [73.11058001900005, 34.643676679000066], [73.19495114600016, 34.69341992300002], [73.19491089100012, 34.71064380000007], [73.2199403940001, 34.7392516700001], [73.25162864800006, 34.71138004000005], [73.28259613800014, 34.70781054000014], [73.31147789500017, 34.66459929000007], [73.32790851800013, 34.65909479100003], [73.3628257650002, 34.700864916000114], [73.36152040200011, 34.75014067400008], [73.3948875230002, 34.77600217200006], [73.385505641, 34.789871297], [73.39921139500018, 34.80267967000009], [73.4370656420001, 34.80137454200013], [73.44114477300019, 34.82739917700019], [73.49719127100013, 34.86900823700017], [73.48422027200013, 34.90212854499998], [73.43812613500018, 34.90196542000007], [73.39864026400011, 34.92676642400011], [73.22449353300016, 34.91674421400006], [73.21540651900006, 34.93859580100019], [73.1986821390002, 34.939982545000134], [73.18024258600013, 34.928322030000174], [73.12158676100006, 34.92537954000011], [73.05452627000017, 34.96559954900016]]]}}, {"type": "Feature", "properties": {"adm2_name": "Buner", "adm2_name1": null, "adm2_name2": null, "adm2_name3": null, "adm2_pcode": "PK505", "adm1_name": "Khyber Pakhtunkhwa", "adm1_name1": null, "adm1_name2": null, "adm1_name3": null, "adm1_pcode": "PK5", "adm0_name": "Pakistan", "adm0_name1": null, "adm0_name2": null, "adm0_name3": null, "adm0_pcode": "PK", "valid_on": "2022-09-09", "valid_to": null, "area_sqkm": 1774.04750615, "version": "v01", "lang": "en", "lang1": null, "lang2": null, "lang3": null, "adm2_ref_name": "Buner", "center_lat": 34.43074675, "center_lon": 72.55625697}, "geometry": {"type": "Polygon", "coordinates": [[[72.53077631400015, 34.70542173500007], [72.48757999800011, 34.707370001000186], [72.47157000100015, 34.67441999800013], [72.42728000200015, 34.68924000100003], [72.40572, 34.68240999800008], [72.37355000200017, 34.663769999000124], [72.34876999900007, 34.62278999800003], [72.29199264400012, 34.61100066900008], [72.26242999800013, 34.581590000000176], [72.2176999990001, 34.56884999700003], [72.23566999900015, 34.53542000099998], [72.20224999900006, 34.50309999800004], [72.2243099980002, 34.49245999700014], [72.22116000100004, 34.46228000500008], [72.23793999600014, 34.44517999600015], [72.27622872500007, 34.42822481900015], [72.3237433320001, 34.44078666700017], [72.37170000400005, 34.43401001100011], [72.3960100130002, 34.4096899970001], [72.42337000300017, 34.406860002000144], [72.44135996799997, 34.372626026000034], [72.47590000400004, 34.37245000200005], [72.48239000400002, 34.33223999800015], [72.45164830300013, 34.307154856000125], [72.44608500900006, 34.28582002900009], [72.46374000800006, 34.26976003800007], [72.41794664700018, 34.22166507600008], [72.41471699700008, 34.186583652000024], [72.4717300150001, 34.18258005400003], [72.53969913300011, 34.14998843100017], [72.54758254199999, 34.17242565099997], [72.5702921890001, 34.16965033600013], [72.58813001900018, 34.18770005600004], [72.56830225800019, 34.21874814000017], [72.62869001700005, 34.269180053000184], [72.68266999800016, 34.30050000400013], [72.78768539900005, 34.297931574000074], [72.79770999800019, 34.32835999600013], [72.76585126900005, 34.364984788000186], [72.74167549300012, 34.354690341000094], [72.7535360280001, 34.41493005000012], [72.71280589400016, 34.44615991900014], [72.72067889100009, 34.460803920000046], [72.74303851800016, 34.45802204800009], [72.7720530200001, 34.4755506730001], [72.72866451800013, 34.520092546], [72.7295863940002, 34.56584753900012], [72.6962972720001, 34.62295530000006], [72.71957238800013, 34.67209879500001], [72.68329626300005, 34.67970641900013], [72.65190501900008, 34.668335179], [72.64766089600005, 34.64775468300019], [72.57725376299999, 34.63361033500013], [72.55653026200014, 34.66537218100018], [72.53691077100012, 34.670016795000095], [72.53077631400015, 34.70542173500007]]]}}, {"type": "Feature", "properties": {"adm2_name": "Charsadda", "adm2_name1": null, "adm2_name2": null, "adm2_name3": null, "adm2_pcode": "PK506", "adm1_name": "Khyber Pakhtunkhwa", "adm1_name1": null, "adm1_name2": null, "adm1_name3": null, "adm1_pcode": "PK5", "adm0_name": "Pakistan", "adm0_name1": null, "adm0_name2": null, "adm0_name3": null, "adm0_pcode": "PK", "valid_on": "2022-09-09", "valid_to": null, "area_sqkm": 999.13569191, "version": "v01", "lang": "en", "lang1": null, "lang2": null, "lang3": null, "adm2_ref_name": "Charsadda", "center_lat": 34.24785874, "center_lon": 71.6993962}, "geometry": {"type": "Polygon", "coordinates": [[[71.757539995, 34.452929995000034], [71.65904235800014, 34.416801453000176], [71.65807342500017, 34.390571594000164], [71.62552642800006, 34.377918243000124], [71.62522888200016, 34.35348129300007], [71.59248352100019, 34.367061615000125], [71.56263732899998, 34.3436813350001], [71.56041717500017, 34.32825851400008], [71.53344726600005, 34.30868911700014], [71.53835296600005, 34.263141632000156], [71.51496887200005, 34.24161148100012], [71.49075317400013, 34.24877929700011], [71.4988403320001, 34.228908538999974], [71.48527999900017, 34.20403000500016], [71.50127999900008, 34.18084000400012], [71.57439000200014, 34.17505999800011], [71.60144013600006, 34.153062738000074], [71.64891999400015, 34.143909995000115], [71.68234424500014, 34.10915177000004], [71.724790004, 34.08957999600017], [71.77687500200011, 34.089529999000035], [71.81655999600008, 34.07470999700007], [71.82714999500007, 34.04155999700009], [71.84754000500016, 34.038820002000136], [71.89635999800004, 34.12660999800005], [71.94367440400009, 34.1407697300001], [71.9303100050002, 34.145239995000054], [71.89206, 34.23956999500018], [71.87889431000013, 34.23994438100004], [71.88219000000015, 34.256620002000034], [71.8418100020001, 34.26435000200013], [71.8229399970001, 34.292729995], [71.82532000500004, 34.33468000100015], [71.84219686100005, 34.34598746100016], [71.83237810600002, 34.36437170500017], [71.79895999600006, 34.405499998000096], [71.76871211600007, 34.41343684000003], [71.757539995, 34.452929995000034]]]}}, {"type": "Feature", "properties": {"adm2_name": "Chitral Lower", "adm2_name1": null, "adm2_name2": null, "adm2_name3": null, "adm2_pcode": "PK507", "adm1_name": "Khyber Pakhtunkhwa", "adm1_name1": null, "adm1_name2": null, "adm1_name3": null, "adm1_pcode": "PK5", "adm0_name": "Pakistan", "adm0_name1": null, "adm0_name2": null, "adm0_name3": null, "adm0_pcode": "PK", "valid_on": "2022-09-09", "valid_to": null, "area_sqkm": 6077.26981283, "version": "v01", "lang": "en", "lang1": null, "lang2": null, "lang3": null, "adm2_ref_name": "Chitral Lower", "center_lat": 35.84739867, "center_lon": 71.82643755}, "geometry": {"type": "Polygon", "coordinates": [[[71.74797326400011, 36.389204542000186], [71.81215555300008, 36.39711444400007], [71.72447292400005, 36.44838182000018], [71.65619642700011, 36.47822270500018], [71.63595544000003, 36.47205414800004], [71.61390055700014, 36.40912111500006], [71.55613745500006, 36.36914009100013], [71.57217439400011, 36.347091756000054], [71.56873980200015, 36.32948660700009], [71.52421419000007, 36.32085901700003], [71.52055365600006, 36.29970780800011], [71.48515997600009, 36.29598181300008], [71.44164261900005, 36.269516585000076], [71.41906043000006, 36.22789506300012], [71.35907104799998, 36.198696049000034], [71.34744437100017, 36.17255891000008], [71.24544386999997, 36.12276779200005], [71.24236946700006, 36.0926815360001], [71.20809201300005, 36.071048828000016], [71.19900616100006, 36.04921658900008], [71.20141595800004, 36.03577935000004], [71.25361622600008, 35.997085079000044], [71.3193290390002, 35.96488350900006], [71.37672511000017, 35.956121891000066], [71.38072320700013, 35.90171800900009], [71.42965584299998, 35.88175205300013], [71.4898614830002, 35.803466385000036], [71.48537580800019, 35.753882277000116], [71.54666852499997, 35.72022674500005], [71.49948102700012, 35.62641832000003], [71.52626710200013, 35.60489385400007], [71.61223727300018, 35.5732357980001], [71.59339763500014, 35.49751708800011], [71.65067943200006, 35.445005773], [71.55354430400018, 35.29634813200016], [71.63540537800014, 35.22700752700007], [71.67329378500006, 35.215421930000105], [71.71896976600004, 35.22920667000005], [71.73430001500003, 35.251673548000156], [71.7498946400001, 35.248501661000034], [71.75650251800005, 35.28947042900012], [71.78055514000016, 35.30612217700019], [71.7808530640001, 35.33285544900019], [71.80962976700016, 35.362916805], [71.86084052400014, 35.35465691600007], [71.8772891500002, 35.40976829699997], [71.89034790000017, 35.4168973030001], [71.875090516, 35.43508630700012], [71.87956889300011, 35.45058591700007], [71.93269693900015, 35.475765649000095], [71.91289539400003, 35.49735992700016], [71.91796649800006, 35.54237871200013], [71.97137039300009, 35.60532442199997], [72.04059389500014, 35.6462994260001], [72.06781252500019, 35.63916380800015], [72.0986187260001, 35.65987923200015], [72.11066414600003, 35.685570925000036], [72.09537202000007, 35.70557091899997], [72.08191252200004, 35.702411175], [72.08823163500017, 35.7198516790001], [72.12305714400014, 35.7857239220001], [72.15272389800003, 35.78308242900016], [72.16416538600009, 35.83790855500018], [72.1907973910001, 35.839747177000106], [72.1993385180001, 35.86602329200019], [72.25333551800014, 35.90853355000013], [72.23237652300014, 35.954460175000065], [72.23812989600003, 35.97717728900011], [72.28617250000013, 36.01532534100011], [72.28512829700014, 36.040770186000145], [72.29954477000007, 36.043933056000185], [72.29455901600016, 36.06782329200013], [72.25391126100004, 36.118442427], [72.21098938600005, 36.07678017500007], [72.16300814000004, 36.05928929300006], [72.14882651600016, 36.097106924000116], [72.0644452790001, 36.12570692600002], [72.04884526400014, 36.08883442299998], [72.02426364600018, 36.073707296000066], [71.9845548890001, 36.09852529200009], [71.9843185220002, 36.11294329500009], [71.91246451300015, 36.11767054600017], [71.88055564000013, 36.15477942700005], [71.88504651200009, 36.16707017200014], [71.85471801600016, 36.19204680700017], [71.83900226000014, 36.25581588100016], [71.80812602600014, 36.25480579800012], [71.76786726400019, 36.298060674000055], [71.77071776300005, 36.32400192000006], [71.75183426500007, 36.343354922000174], [71.77097850900009, 36.36169493200009], [71.74797326400011, 36.389204542000186]]]}}, {"type": "Feature", "properties": {"adm2_name": "Chitral Upper", "adm2_name1": null, "adm2_name2": null, "adm2_name3": null, "adm2_pcode": "PK508", "adm1_name": "Khyber Pakhtunkhwa", "adm1_name1": null, "adm1_name2": null, "adm1_name3": null, "adm1_pcode": "PK5", "adm0_name": "Pakistan", "adm0_name1": null, "adm0_name2": null, "adm0_name3": null, "adm0_pcode": "PK", "valid_on": "2022-09-09", "valid_to": null, "area_sqkm": 8615.41708009, "version": "v01", "lang": "en", "lang1": null, "lang2": null, "lang3": null, "adm2_ref_name": "Chitral Upper", "center_lat": 36.32803282, "center_lon": 72.26885597}, "geometry": {"type": "Polygon", "coordinates": [[[73.66302382700007, 36.88824512000008], [73.59762533500015, 36.90756933600011], [73.52777068300009, 36.88556356600009], [73.4031292740001, 36.89913175100014], [73.30660303000013, 36.873151145000065], [73.26194647500017, 36.89025219300015], [73.18937752700003, 36.8832028810001], [73.14413489300017, 36.89410917800018], [73.07174602499998, 36.889040746000035], [73.02684057700014, 36.860702713000194], [72.95339115700017, 36.87212307000004], [72.92413284800006, 36.84595252400004], [72.88263587800009, 36.84108054200016], [72.63159787100017, 36.84842780500014], [72.54540178200006, 36.82285972500006], [72.49522495800011, 36.77755815600017], [72.41116363400016, 36.776667579000105], [72.39006808600016, 36.76178315200002], [72.30255250200003, 36.745009523000135], [72.24136442500003, 36.753482911000106], [72.19689795400012, 36.69355904200006], [72.21446066100015, 36.664235477000034], [72.1029125880001, 36.64854560200013], [72.1062326080002, 36.60573568500013], [72.09676367600008, 36.597324314000105], [72.0591597070001, 36.59564465900013], [72.01294791600003, 36.56772899200007], [71.93530384400015, 36.56087917400015], [71.90912691100004, 36.505300182000155], [71.83206906000004, 36.5054573430001], [71.81861872500014, 36.44214123100011], [71.86167758300019, 36.42941731900004], [71.86502041800009, 36.41504410800013], [71.8437349670001, 36.39474746000013], [71.74797326400011, 36.389204542000186], [71.77097850900009, 36.36169493200009], [71.75183426500007, 36.343354922000174], [71.77071776300005, 36.32400192000006], [71.76786726400019, 36.298060674000055], [71.78534251600013, 36.270529668000165], [71.81077664300017, 36.25372692600007], [71.83900226000014, 36.25581588100016], [71.85471801600016, 36.19204680700017], [71.88504651200009, 36.16707017200014], [71.88055564000013, 36.15477942700005], [71.91246451300015, 36.11767054600017], [71.9843185220002, 36.11294329500009], [71.9845548890001, 36.09852529200009], [72.02426364600018, 36.073707296000066], [72.04884526400014, 36.08883442299998], [72.0644452790001, 36.12570692600002], [72.14882651600016, 36.097106924000116], [72.16300814000004, 36.05928929300006], [72.21098938600005, 36.07678017500007], [72.25391126100004, 36.118442427], [72.29455901600016, 36.06782329200013], [72.29954477000007, 36.043933056000185], [72.28512829700014, 36.040770186000145], [72.28617250000013, 36.01532534100011], [72.23812989600003, 35.97717728900011], [72.23237652300014, 35.954460175000065], [72.25333551800014, 35.90853355000013], [72.1993385180001, 35.86602329200019], [72.1907973910001, 35.839747177000106], [72.16416538600009, 35.83790855500018], [72.16256389400007, 35.80439605300006], [72.14896505300015, 35.79065114300005], [72.18940489300019, 35.75118216300018], [72.21738989100004, 35.77428391400019], [72.29210589600007, 35.76532054799998], [72.30715989800007, 35.779855419000114], [72.31584626500018, 35.75711892900006], [72.36173489600014, 35.76009492800017], [72.40718001700014, 35.79355003900008], [72.4200757750001, 35.83032230300006], [72.45371026500004, 35.83161005100004], [72.48861313900005, 35.854809047000174], [72.56455901500016, 35.999999100000025], [72.563858326, 36.0258324130001], [72.52664072500005, 36.06471983600005], [72.51858623900006, 36.0905531250001], [72.54385309400016, 36.14471462700004], [72.5394133050001, 36.197196474], [72.55276541500012, 36.231352731000015], [72.59637423200013, 36.264405588000045], [72.67690968400018, 36.26439616300007], [72.70913702600018, 36.30326029400004], [72.85080101600005, 36.375708098000075], [72.8752427770001, 36.45289691500011], [72.95970027700008, 36.47119303900013], [72.96414334000013, 36.49840475700012], [73.03552376100004, 36.53752794600018], [73.07302950400009, 36.605277300000125], [73.04801803500015, 36.66664854900006], [73.05996552200008, 36.69079563400004], [73.10580405600007, 36.696623676000115], [73.15719560100007, 36.722984107000116], [73.24774307700005, 36.71129528100005], [73.40721206400002, 36.75153496600012], [73.48303227400004, 36.72653331900017], [73.56301787299998, 36.729034606000084], [73.58609039500016, 36.70737608600018], [73.66024732100004, 36.702657991000024], [73.70692404600004, 36.72072492200016], [73.78137237400006, 36.72100977600007], [73.83076475500019, 36.70548239100009], [73.854704206, 36.71380002900014], [73.86303698400008, 36.74825388900018], [73.84027161600011, 36.79131299100004], [73.7974846190001, 36.80325392900005], [73.78080609000006, 36.82881205900014], [73.69635171500005, 36.84685619800018], [73.66302382700007, 36.88824512000008]]]}}, {"type": "Feature", "properties": {"adm2_name": "D. I. Khan", "adm2_name1": null, "adm2_name2": null, "adm2_name3": null, "adm2_pcode": "PK509", "adm1_name": "Khyber Pakhtunkhwa", "adm1_name1": null, "adm1_name2": null, "adm1_name3": null, "adm1_pcode": "PK5", "adm0_name": "Pakistan", "adm0_name1": null, "adm0_name2": null, "adm0_name3": null, "adm0_pcode": "PK", "valid_on": "2022-09-09", "valid_to": null, "area_sqkm": 9028.55237085, "version": "v01", "lang": "en", "lang1": null, "lang2": null, "lang3": null, "adm2_ref_name": "D. I. Khan", "center_lat": 31.84997228, "center_lon": 70.62503697}, "geometry": {"type": "Polygon", "coordinates": [[[71.32841491700003, 32.526546478000114], [71.29878997800017, 32.53222656200006], [71.29998016400003, 32.516716003], [71.27664947500011, 32.51342010500019], [71.265419006, 32.49026107800006], [71.23196256400007, 32.51204092400019], [71.17904439500006, 32.44600629100006], [71.14176795000003, 32.46137066699998], [71.08198220000014, 32.404151833000014], [71.04024926500011, 32.38356854800003], [70.84893101500018, 32.32498654500017], [70.816618387, 32.29882554900013], [70.76738407700009, 32.30156286100009], [70.70503335600017, 32.26270925400013], [70.67290560300012, 32.27452022199998], [70.60674501600005, 32.24047204500005], [70.57001451200017, 32.19976654800013], [70.57181889000003, 32.13685841900008], [70.53185169700009, 32.09733982600011], [70.4901846350001, 32.10696555000004], [70.39510876600019, 32.075853547], [70.26831251400017, 32.087571669000056], [70.2450587150002, 32.10234342100017], [70.23904501600009, 32.08947617000018], [70.25732126100019, 32.06943304300012], [70.18298480300018, 32.006410805000144], [70.17923736600017, 31.986520767], [70.22061157200011, 31.846349716000134], [70.21197701200009, 31.81543270200018], [70.15376850800016, 31.849222747000113], [70.09630452600015, 31.843119429000126], [70.05029764800008, 31.856789433000188], [70.01917429900004, 31.890375524000092], [69.95645312800019, 31.89450556600019], [69.95703125000006, 31.870855331000143], [69.93893432600015, 31.843406677000075], [69.95767974900014, 31.781393051000066], [69.94661712600009, 31.762861252000164], [69.93971252400007, 31.545602798000175], [69.9652404790001, 31.51643371600005], [70.01813507100019, 31.508098602000132], [70.05308532700008, 31.395511627000133], [70.06939697300004, 31.387723923000067], [70.0973663330002, 31.416099548000147], [70.0958023070001, 31.449081421000187], [70.11384582500017, 31.44668006900008], [70.12470245400004, 31.42833328200004], [70.14958953900015, 31.433799744000055], [70.24559021000005, 31.50854682900001], [70.26078796400003, 31.50745582600007], [70.2786254880001, 31.39752769500018], [70.2663421630001, 31.326622009000175], [70.27179718000019, 31.25001716600019], [70.25711822500006, 31.228103638000164], [70.2875137330002, 31.165496826000094], [70.40454101600005, 31.199834824000106], [70.45021820100015, 31.294050217000063], [70.52481079100016, 31.306089401], [70.55841827400008, 31.340154648000123], [70.60768890399999, 31.320035934000146], [70.67509460400015, 31.316049576000182], [70.69123840300017, 31.33257484400002], [70.72547912600004, 31.337705612000036], [70.77474212700014, 31.305744934000018], [70.78650665300012, 31.350130081000145], [70.83486175500013, 31.381795883000052], [70.82701110800008, 31.39283371000016], [70.84296417200005, 31.398696899000072], [70.84248352100013, 31.42483139000018], [70.89264679000013, 31.43734359700011], [70.8843765260001, 31.448474884000177], [70.89738464400011, 31.484104156000114], [70.87989044199998, 31.490386963000105], [70.86930084200009, 31.51249694800009], [70.90220642100019, 31.51839256300019], [70.86936187700007, 31.547248840000123], [70.89940643300014, 31.587926865000043], [70.88327026400003, 31.612384796000185], [70.88413238500004, 31.643217087000153], [70.90770721400014, 31.68209266700012], [70.94289398200004, 31.686241150000058], [70.93193054200009, 31.696624756000176], [70.93864440900006, 31.720689774], [70.98235321000016, 31.775148392], [71.00073242200011, 31.779909134000093], [71.03546142600015, 31.86792755099998], [71.06228637700019, 31.88302803], [71.07214355500008, 31.998908997000058], [71.06320953400012, 32.03002929700017], [71.08840942400008, 32.039474487000064], [71.11359405500008, 32.10797500600006], [71.10239410400004, 32.13320541400009], [71.1121597290001, 32.16091537500017], [71.14657592800012, 32.16020965600012], [71.17298126200012, 32.19093704200003], [71.17077636700003, 32.24804306000004], [71.21823883100012, 32.30739212000003], [71.28580474900019, 32.36611557000015], [71.33910369900019, 32.37155532800011], [71.32712554900013, 32.404701233000026], [71.34533691400014, 32.416477203000056], [71.33451843300003, 32.42649078400018], [71.35302734400017, 32.49854660000011], [71.33837890600017, 32.502052307000156], [71.32841491700003, 32.526546478000114]]]}}, {"type": "Feature", "properties": {"adm2_name": "Hangu", "adm2_name1": null, "adm2_name2": null, "adm2_name3": null, "adm2_pcode": "PK510", "adm1_name": "Khyber Pakhtunkhwa", "adm1_name1": null, "adm1_name2": null, "adm1_name3": null, "adm1_pcode": "PK5", "adm0_name": "Pakistan", "adm0_name1": null, "adm0_name2": null, "adm0_name3": null, "adm0_pcode": "PK", "valid_on": "2022-09-09", "valid_to": null, "area_sqkm": 1372.01617391, "version": "v01", "lang": "en", "lang1": null, "lang2": null, "lang3": null, "adm2_ref_name": "Hangu", "center_lat": 33.41216501, "center_lon": 70.80415868}, "geometry": {"type": "Polygon", "coordinates": [[[71.19700000299997, 33.596359997000036], [71.17377999900009, 33.609519996000074], [71.066482544, 33.58282089200003], [71.01352691700009, 33.55081939700017], [70.98137664800015, 33.5455207820001], [70.91796112100008, 33.564300537000065], [70.83262634300007, 33.56021118200016], [70.80663299600013, 33.57839965799997], [70.74980163600003, 33.584449768000184], [70.73169708299997, 33.52505874600007], [70.7405943030002, 33.48280255399999], [70.70346832300004, 33.49145126299999], [70.67707061800019, 33.471008301000154], [70.62621307400008, 33.47541046100008], [70.59158325200002, 33.42721939100011], [70.50121307400019, 33.41608047500006], [70.49987030000011, 33.386650084999985], [70.54396820100004, 33.35824966399997], [70.53764343300003, 33.33462142900015], [70.55699920700016, 33.32971954300007], [70.57888031000005, 33.287181854000096], [70.62988281200012, 33.273128510000106], [70.62694785900004, 33.26024923200009], [70.69200897200005, 33.25437927200011], [70.67738342300004, 33.24404144300013], [70.70391845699999, 33.21979904200009], [70.75038107000006, 33.21720888800019], [70.76836000100019, 33.27942999700008], [70.75800842100006, 33.313176409000164], [70.76834999600015, 33.33657000400018], [70.88343999800003, 33.308389998000166], [70.88057000600008, 33.32228000200013], [70.89305999700014, 33.32228000200013], [70.90491065100008, 33.35433236100016], [71.04872999600002, 33.36379000300019], [71.05734000300004, 33.37645000099997], [71.0437099990001, 33.389590001000045], [71.07171000500011, 33.4057499970001], [71.10434000500004, 33.40543], [71.11959600000012, 33.455876002000025], [71.09467999700013, 33.47173000200013], [71.13381000200008, 33.47798999900016], [71.14965999500009, 33.50860000300014], [71.21507868900011, 33.50668623800016], [71.19008999600015, 33.52834000300004], [71.19056249900007, 33.54981000300012], [71.20973119600006, 33.55135178300014], [71.22980874000007, 33.586627900999986], [71.18929999500006, 33.58858999900019], [71.19700000299997, 33.596359997000036]]]}}, {"type": "Feature", "properties": {"adm2_name": "Haripur", "adm2_name1": null, "adm2_name2": null, "adm2_name3": null, "adm2_pcode": "PK511", "adm1_name": "Khyber Pakhtunkhwa", "adm1_name1": null, "adm1_name2": null, "adm1_name3": null, "adm1_pcode": "PK5", "adm0_name": "Pakistan", "adm0_name1": null, "adm0_name2": null, "adm0_name3": null, "adm0_pcode": "PK", "valid_on": "2022-09-09", "valid_to": null, "area_sqkm": 1953.89967495, "version": "v01", "lang": "en", "lang1": null, "lang2": null, "lang3": null, "adm2_ref_name": "Haripur", "center_lat": 34.047845, "center_lon": 72.87563655}, "geometry": {"type": "Polygon", "coordinates": [[[72.82073530600019, 34.36612056700011], [72.77967527600015, 34.341633799000135], [72.79770999800019, 34.32835999600013], [72.78768539900005, 34.297931574000074], [72.74875215100013, 34.293455468000104], [72.77170826700007, 34.2487247360001], [72.75572999900015, 34.20240999500004], [72.76621000000017, 34.18129000400006], [72.75283999600003, 34.16664999600005], [72.74249000500015, 34.104870002000155], [72.70154999600004, 34.08887999500007], [72.63772000200015, 34.01746000300017], [72.58447999500015, 33.993600005000076], [72.54876709000013, 33.99332046500018], [72.55375671400014, 33.95547103900009], [72.60685730000006, 33.95281982400019], [72.65288201800001, 33.93067939500014], [72.62802887000015, 33.915409088000104], [72.60601043700007, 33.87712097200006], [72.63377380400016, 33.88021087600009], [72.64414215100015, 33.85750961300005], [72.69334905500011, 33.871562844000096], [72.70889282200005, 33.88232040400004], [72.70511627200005, 33.905689240000186], [72.73451995800019, 33.90628814700011], [72.72389221200012, 33.919689178], [72.76226806600016, 33.95365905800014], [72.78381347700014, 33.93976974500015], [72.78903961200012, 33.9201507570001], [72.77014923100006, 33.91527175900018], [72.7942276, 33.887058258000025], [72.83274078400018, 33.88729095499997], [72.83614349400017, 33.845268250000174], [72.81796264600013, 33.844509125000116], [72.82256317100018, 33.82757186900011], [72.8718338010001, 33.82590866100014], [72.85537719700005, 33.79710006700003], [72.84174346900016, 33.80281066900005], [72.83016204800015, 33.7909088130001], [72.82166290300012, 33.77830886800018], [72.82940673799999, 33.763328552000075], [72.8887329100001, 33.76644897500006], [72.8887329100001, 33.751251221000075], [72.923866272, 33.7456016540001], [72.9164199830002, 33.72937011700009], [72.956710815, 33.731079102000024], [73.04192352300004, 33.78443908700018], [73.08146667500012, 33.793548584000064], [73.11791229200003, 33.78636932400008], [73.15260314900002, 33.81095123299997], [73.20933700000012, 33.81610030500008], [73.21169000500004, 33.85232000100018], [73.19526999800007, 33.84982000200017], [73.19007999399997, 33.86496000000017], [73.21360999600017, 33.889760006000074], [73.1828000050001, 33.89203000300006], [73.20267999600014, 33.92006999400007], [73.19210999500018, 33.91110000600008], [73.16650999500013, 33.91734000400015], [73.1209100010002, 33.892550003999986], [73.09453000500008, 33.89489000200018], [73.10922000300019, 33.92221000600006], [73.0905024970001, 33.933872498000085], [73.13022999600008, 33.95218999800011], [73.14643999900011, 34.00051000100018], [73.125449994, 34.02584999500016], [73.07219999400019, 34.03240999600018], [73.09599000200018, 34.06915000100008], [73.0924099240001, 34.09143288400003], [73.06003999900008, 34.11930000600006], [73.02475711800014, 34.12579961400013], [73.03984999900007, 34.15246000000013], [73.01890999700015, 34.172120005000124], [72.97480000400009, 34.17775999600019], [72.99404000100009, 34.19709999900016], [72.97509999600004, 34.22827000100011], [72.91269000200003, 34.24892000500017], [72.885012877, 34.28649788300004], [72.85452673900005, 34.29406484000009], [72.85539803800009, 34.3298250090001], [72.82073530600019, 34.36612056700011]]]}}, {"type": "Feature", "properties": {"adm2_name": "Karak", "adm2_name1": null, "adm2_name2": null, "adm2_name3": null, "adm2_pcode": "PK512", "adm1_name": "Khyber Pakhtunkhwa", "adm1_name1": null, "adm1_name2": null, "adm1_name3": null, "adm1_pcode": "PK5", "adm0_name": "Pakistan", "adm0_name1": null, "adm0_name2": null, "adm0_name3": null, "adm0_pcode": "PK", "valid_on": "2022-09-09", "valid_to": null, "area_sqkm": 2648.38621723, "version": "v01", "lang": "en", "lang1": null, "lang2": null, "lang3": null, "adm2_ref_name": "Karak", "center_lat": 33.10125923, "center_lon": 71.11055422}, "geometry": {"type": "Polygon", "coordinates": [[[71.06754999800006, 33.38931167200002], [71.0437099990001, 33.389590001000045], [71.05734000300004, 33.37645000099997], [71.0410363900001, 33.36197621700006], [70.90491065100008, 33.35433236100016], [70.89305999700014, 33.32228000200013], [70.88057000600008, 33.32228000200013], [70.88343999800003, 33.308389998000166], [70.76834999600015, 33.33657000400018], [70.75800842100006, 33.313176409000164], [70.76836000100019, 33.27942999700008], [70.75038107000006, 33.21720888800019], [70.831863403, 33.206470490000015], [70.8782730100001, 33.18199157700013], [70.79183960000017, 33.09986114500009], [70.8118800040001, 33.05180999900017], [70.84122999700014, 33.026560005000135], [70.91550074600013, 33.01377031100009], [70.92063810000013, 32.9805338810001], [70.96468100600003, 32.908287304000055], [70.95488305499998, 32.87117169900017], [70.96904000500001, 32.841799994999974], [71.00002999500015, 32.813620001], [71.12557220500014, 32.80649185200008], [71.14391326900017, 32.92559051500007], [71.16887664800015, 32.96335983299997], [71.23773956300016, 32.997020721000126], [71.31823730500014, 33.016700745000094], [71.31754303000014, 33.00231933600003], [71.3405838010001, 32.99158096300016], [71.4055023190001, 33.01036071800013], [71.43221283000008, 33.004001617000085], [71.4760971070001, 33.04814910900012], [71.45968627900015, 33.069869994999976], [71.4443206790001, 33.06698989900008], [71.4278717040001, 33.082790375], [71.42397215900013, 33.0950091950001], [71.45229339600013, 33.13019943200004], [71.43311309800015, 33.15882110600012], [71.43599700900012, 33.181018829000095], [71.4070434570001, 33.19380950900006], [71.41599273700018, 33.22549057000009], [71.45112, 33.24855999800019], [71.44819, 33.29851000500008], [71.4171600000002, 33.285690006000095], [71.38465000400004, 33.28996000000012], [71.38334999600016, 33.31133000300014], [71.31916999600008, 33.31054000299997], [71.31680999900016, 33.350099997000086], [71.22460000100011, 33.354809997000075], [71.22024757800017, 33.36848003900013], [71.20315000200003, 33.37154999500012], [71.09935918000014, 33.368770288000064], [71.06555999500017, 33.38069999600003], [71.06754999800006, 33.38931167200002]]]}}, {"type": "Feature", "properties": {"adm2_name": "Khyber", "adm2_name1": null, "adm2_name2": null, "adm2_name3": null, "adm2_pcode": "PK513", "adm1_name": "Khyber Pakhtunkhwa", "adm1_name1": null, "adm1_name2": null, "adm1_name3": null, "adm1_pcode": "PK5", "adm0_name": "Pakistan", "adm0_name1": null, "adm0_name2": null, "adm0_name3": null, "adm0_pcode": "PK", "valid_on": "2022-09-09", "valid_to": null, "area_sqkm": 2747.42682026, "version": "v01", "lang": "en", "lang1": null, "lang2": null, "lang3": null, "adm2_ref_name": "Khyber", "center_lat": 34.03999341, "center_lon": 71.20540631}, "geometry": {"type": "Polygon", "coordinates": [[[71.17832919100005, 34.33971426000005], [71.12205635900006, 34.26720755500003], [71.13531351700004, 34.22531768300007], [71.12607639900011, 34.162426692], [71.07275388900013, 34.105689098000084], [71.076286487, 34.062508939000054], [71.06535869800013, 34.05187359800016], [70.91793779500006, 34.009811221000064], [70.88494999200009, 33.97675823100013], [70.82411971400012, 33.98175006900016], [70.7679373110002, 33.954857233999974], [70.59387857400009, 33.96431961700017], [70.53913754100006, 33.94578447900011], [70.44437690500018, 33.95201369400007], [70.44708829300015, 33.90209982600004], [70.4990557210001, 33.884425190000115], [70.49971901900011, 33.84948159600009], [70.52567417900019, 33.852908020000086], [70.54163560300015, 33.83343451200017], [70.57021768800007, 33.842457427], [70.58529395300008, 33.778754499], [70.60881382800017, 33.77546115900003], [70.60292115100015, 33.78640638800016], [70.61488508000019, 33.79768503300011], [70.63992652700006, 33.79797056900014], [70.6585719840001, 33.76119361999997], [70.6983184990001, 33.7392074010001], [70.84454113400011, 33.78295141100017], [70.88842791200011, 33.77161565900019], [70.96914874600003, 33.78831947500004], [70.98459620699998, 33.795943268000144], [70.97188988500011, 33.83794551300008], [71.030738714, 33.8444842720001], [71.08664652800002, 33.84456993200013], [71.14812228200014, 33.811876139000105], [71.20865576900019, 33.83591821200014], [71.25468406100009, 33.81967125300008], [71.32884061300012, 33.75412735100019], [71.34151838100013, 33.76626260199998], [71.41824905200008, 33.748680958000136], [71.50300980300005, 33.75118738800006], [71.51892089799998, 33.8082313540001], [71.43488311800007, 33.87145996100003], [71.44772338900009, 33.91501998900014], [71.41192627000004, 33.96062851000005], [71.40554809600008, 33.99679946900011], [71.38031005900007, 33.99946975700004], [71.38948338900019, 34.03797712400018], [71.36966705300017, 34.08699035600017], [71.38208007800006, 34.117919922000056], [71.41217804000007, 34.14464950600012], [71.41230773900008, 34.16588974000018], [71.31818438900018, 34.17161962000017], [71.30801933200013, 34.16322488200018], [71.30699140399997, 34.192206716000044], [71.2880604130001, 34.19874547500007], [71.3136729310001, 34.26967244700006], [71.24106130000013, 34.32900668600013], [71.17832919100005, 34.33971426000005]]]}}, {"type": "Feature", "properties": {"adm2_name": "Kohat", "adm2_name1": null, "adm2_name2": null, "adm2_name3": null, "adm2_pcode": "PK514", "adm1_name": "Khyber Pakhtunkhwa", "adm1_name1": null, "adm1_name2": null, "adm1_name3": null, "adm1_pcode": "PK5", "adm0_name": "Pakistan", "adm0_name1": null, "adm0_name2": null, "adm0_name3": null, "adm0_pcode": "PK", "valid_on": "2022-09-09", "valid_to": null, "area_sqkm": 3438.4986077, "version": "v01", "lang": "en", "lang1": null, "lang2": null, "lang3": null, "adm2_ref_name": "Kohat", "center_lat": 33.4122454, "center_lon": 71.48822723}, "geometry": {"type": "Polygon", "coordinates": [[[71.35408926600007, 33.76421408000016], [71.35271477900017, 33.727667751000126], [71.38480894800006, 33.71638910600012], [71.38026893700004, 33.69720113200003], [71.41204901700019, 33.67767051700008], [71.40668221800013, 33.65128895000015], [71.36097717300004, 33.64873886100008], [71.35027313199998, 33.62255096400003], [71.26367187500017, 33.6623001100001], [71.22457122800012, 33.69237136800007], [71.21217346200018, 33.72216033900003], [71.14156341600017, 33.74596023600009], [71.1238937380001, 33.73865890500019], [71.13863372800006, 33.705249786000024], [71.13429260300012, 33.680271149000134], [71.17859649700017, 33.64392089800015], [71.1337203980001, 33.65317153900003], [71.08329010000017, 33.61808013900003], [71.13298000400016, 33.59637999500006], [71.17465999900003, 33.609429996000074], [71.19700000299997, 33.596359997000036], [71.18929999500006, 33.58858999900019], [71.22950000600008, 33.586930003000134], [71.22828999800015, 33.57719], [71.20973119600006, 33.55135178300014], [71.19056249900007, 33.54981000300012], [71.19008999600015, 33.52834000300004], [71.21507868900011, 33.50668623800016], [71.14965999500009, 33.50860000300014], [71.13381000200008, 33.47798999900016], [71.09467999700013, 33.47173000200013], [71.11959600000012, 33.455876002000025], [71.11017999500007, 33.43883999600018], [71.11822000400014, 33.4267300030001], [71.10350000200009, 33.404960002000166], [71.0619900010002, 33.401159995000114], [71.06555999500017, 33.38069999600003], [71.10740170500003, 33.36799746400004], [71.21708238200011, 33.37034525200016], [71.22460000100011, 33.354809997000075], [71.27740000100005, 33.359420004000185], [71.31680999900016, 33.350099997000086], [71.32017, 33.30977999400005], [71.38334999600016, 33.31133000300014], [71.38037000500003, 33.293309996000175], [71.40953999900006, 33.284760002999974], [71.44819, 33.29851000500008], [71.4493713380001, 33.220970154000156], [71.49191284199998, 33.215869904000044], [71.49997711200001, 33.19961166400009], [71.51782226600005, 33.19713974000018], [71.51614379900019, 33.21722030600006], [71.55597686800019, 33.227340698000035], [71.6025314330002, 33.18421936000016], [71.60301208499999, 33.13325882000004], [71.63382720900006, 33.088069916000165], [71.71848297100013, 33.05982971200018], [71.71385955800014, 33.112018585000044], [71.7478866580002, 33.144100189000085], [71.76141357400013, 33.18547058100006], [71.70847320600018, 33.25537109400011], [71.70509338400012, 33.28490829499998], [71.7303619380001, 33.315921783000135], [71.71531677200011, 33.3408317570001], [71.73564910900012, 33.36545181300005], [71.8153381350001, 33.402050018000125], [71.85720062300015, 33.404479980000076], [71.87008667000009, 33.416519165000125], [71.86942291300011, 33.449981689000026], [71.95346069300007, 33.51398086500018], [71.96708679200015, 33.53659057600015], [71.95198822000003, 33.57049942000003], [71.97837066700004, 33.586799622000115], [71.98121643100012, 33.659370422], [72.00798000100013, 33.719599995000124], [71.94074999600008, 33.733489999000085], [71.85905999600004, 33.69366000500003], [71.81193365300015, 33.69848744300015], [71.77934658400017, 33.68011351500007], [71.74508721800004, 33.69177675200007], [71.74199420000008, 33.67088085299997], [71.6898789650001, 33.65718414800011], [71.680227871, 33.68031250900003], [71.7020713230001, 33.70878038000012], [71.58428800500013, 33.67905615400008], [71.54752533300018, 33.701556337000056], [71.54356957100009, 33.727919279000105], [71.50300980300005, 33.75118738800006], [71.41824905200008, 33.748680958000136], [71.35408926600007, 33.76421408000016]]]}}, {"type": "Feature", "properties": {"adm2_name": "Kohistan Lower", "adm2_name1": null, "adm2_name2": null, "adm2_name3": null, "adm2_pcode": "PK515", "adm1_name": "Khyber Pakhtunkhwa", "adm1_name1": null, "adm1_name2": null, "adm1_name3": null, "adm1_pcode": "PK5", "adm0_name": "Pakistan", "adm0_name1": null, "adm0_name2": null, "adm0_name3": null, "adm0_pcode": "PK", "valid_on": "2022-09-09", "valid_to": null, "area_sqkm": 823.48391275, "version": "v01", "lang": "en", "lang1": null, "lang2": null, "lang3": null, "adm2_ref_name": "Kohistan Lower", "center_lat": 35.14968862, "center_lon": 72.92296094}, "geometry": {"type": "Polygon", "coordinates": [[[73.0513729020002, 35.306495165000115], [72.97944563900012, 35.32718166700005], [72.9380970260001, 35.31132954900011], [72.88669717400006, 35.2430655120001], [72.80595951800012, 35.24503955300008], [72.76051580300003, 35.26619463700001], [72.72399950400012, 35.25955280400018], [72.7245700260001, 35.23990005700011], [72.70075002500016, 35.22787004700018], [72.6863100280001, 35.17982004400011], [72.7547900140001, 35.15438005700008], [72.75760935900007, 35.135386032000156], [72.77573013500012, 35.1345300590001], [72.79776002400007, 35.112490046], [72.78392002200019, 35.080840052000156], [72.82439026700018, 34.980391420000046], [72.87911371500007, 34.98262052300004], [72.90585538900007, 34.970705517000056], [72.90945939900018, 34.98981753800018], [72.88778926200018, 35.02435905000016], [72.9051688900002, 35.03948442800004], [72.94603676000014, 35.04072054100004], [72.95359952500019, 35.06377243000003], [72.98341413800011, 35.07911592700009], [72.99773963900014, 35.10565829600017], [73.02071876800011, 35.11962016800004], [73.0484245240001, 35.11729317000004], [73.09532801400013, 35.15074379700013], [73.13392276400009, 35.20525167000005], [73.17858007899997, 35.23860336900009], [73.15232201800012, 35.234642166000185], [73.12338289600007, 35.25113754100016], [73.06113351400006, 35.25769780100006], [73.04338178000017, 35.278628174000175], [73.0513729020002, 35.306495165000115]]]}}, {"type": "Feature", "properties": {"adm2_name": "Kohistan Upper", "adm2_name1": null, "adm2_name2": null, "adm2_name3": null, "adm2_pcode": "PK516", "adm1_name": "Khyber Pakhtunkhwa", "adm1_name1": null, "adm1_name2": null, "adm1_name3": null, "adm1_pcode": "PK5", "adm0_name": "Pakistan", "adm0_name1": null, "adm0_name2": null, "adm0_name3": null, "adm0_pcode": "PK", "valid_on": "2022-09-09", "valid_to": null, "area_sqkm": 5484.72716458, "version": "v01", "lang": "en", "lang1": null, "lang2": null, "lang3": null, "adm2_ref_name": "Kohistan Upper", "center_lat": 35.42281309, "center_lon": 73.22132139}, "geometry": {"type": "Polygon", "coordinates": [[[73.12497184900019, 35.83509669700004], [73.07470588500013, 35.864441458000044], [72.97637895500003, 35.83387697800015], [72.81109502300006, 35.857215340000096], [72.73244885300016, 35.83179175000009], [72.73809202200016, 35.813874922000025], [72.71399751200016, 35.80797592200008], [72.70781052200005, 35.76263267000019], [72.74463026300015, 35.748354799000026], [72.76370377700016, 35.70538668000012], [72.78148003100017, 35.697239303], [72.78001114400007, 35.680808421000165], [72.80018352800005, 35.674642052000024], [72.80476414200018, 35.63553067200013], [72.82079640000006, 35.61509379500018], [72.8152467610002, 35.57853679700003], [72.75525801600008, 35.55880479400014], [72.78230139700008, 35.53783967300018], [72.75222575000004, 35.498617759000126], [72.75833439600007, 35.49115191700008], [72.73547376800008, 35.474631176000116], [72.76022896200016, 35.464287855000066], [72.75538827200006, 35.44910428900005], [72.7209866340001, 35.41751505400015], [72.74355267400006, 35.38893132900006], [72.78639940000016, 35.376187802000175], [72.76051580300003, 35.26619463700001], [72.80595951800012, 35.24503955300008], [72.88669717400006, 35.2430655120001], [72.9380970260001, 35.31132954900011], [73.00728214500009, 35.324945303000106], [73.05062152500011, 35.30758805800002], [73.04338178000017, 35.278628174000175], [73.05836364400005, 35.259009799000125], [73.18339232700009, 35.23489095200017], [73.17090014500013, 35.18949517700008], [73.19774263500011, 35.16709217100009], [73.20477764900005, 35.10726016300009], [73.2978117740002, 35.108685048000154], [73.33496576200014, 35.08777880700006], [73.37552826200005, 35.08891504400003], [73.39700263900005, 35.06584992100005], [73.45108601900012, 35.09425517300019], [73.50062452000009, 35.10391292600019], [73.62668277000012, 35.02710605600009], [73.62977870500004, 35.00079442400016], [73.65403046000017, 34.980286324000076], [73.67755040300011, 34.996246415000144], [73.68288885900006, 35.01706551000012], [73.71081771200011, 35.027419670000086], [73.76280765500007, 35.0149709210001], [73.78017014300013, 35.02166604000007], [73.81730183600013, 35.00352104900003], [73.8439557710002, 35.034473684000034], [73.84476342900007, 35.08309012100011], [73.86035889200019, 35.10222929100007], [73.89325964300008, 35.111329677000185], [73.91101039000017, 35.09822905100003], [73.93771115200013, 35.10982968200017], [73.9353645000001, 35.12328653700007], [73.95656376400018, 35.1403311790001], [73.94910684300004, 35.15871880500009], [73.95973787900016, 35.18190189700016], [73.93026575600015, 35.20304707000008], [73.84971762800006, 35.20777171300011], [73.79386992300016, 35.239158012000075], [73.73054398800019, 35.219712651000066], [73.72137300700012, 35.229430420000085], [73.69886628600017, 35.30193388500004], [73.70193419400016, 35.39471435200011], [73.71499490200006, 35.420547641000155], [73.76081706500003, 35.446099349000065], [73.80677643100012, 35.50411150600007], [73.78027224900006, 35.52249254100008], [73.41442835900017, 35.5733274750001], [73.28109716000012, 35.61388475500013], [73.15721197200008, 35.69026812400011], [73.126084333, 35.722764371000096], [73.111648517, 35.75999491100015], [73.12497184900019, 35.83509669700004]]]}}, {"type": "Feature", "properties": {"adm2_name": "Kolai Palas Kohistan", "adm2_name1": null, "adm2_name2": null, "adm2_name3": null, "adm2_pcode": "PK517", "adm1_name": "Khyber Pakhtunkhwa", "adm1_name1": null, "adm1_name2": null, "adm1_name3": null, "adm1_pcode": "PK5", "adm0_name": "Pakistan", "adm0_name1": null, "adm0_name2": null, "adm0_name3": null, "adm0_pcode": "PK", "valid_on": "2022-09-09", "valid_to": null, "area_sqkm": 1229.71554569, "version": "v01", "lang": "en", "lang1": null, "lang2": null, "lang3": null, "adm2_ref_name": "Kolai Palas Kohistan", "center_lat": 35.06743769, "center_lon": 73.17507477}, "geometry": {"type": "Polygon", "coordinates": [[[73.20283928700007, 35.115629447000174], [73.19774263500011, 35.16709217100009], [73.17090014500013, 35.18949517700008], [73.18722415200011, 35.22822180300017], [73.17858007899997, 35.23860336900009], [73.13392276400009, 35.20525167000005], [73.09532801400013, 35.15074379700013], [73.0484245240001, 35.11729317000004], [73.02071876800011, 35.11962016800004], [72.99773963900014, 35.10565829600017], [72.98341413800011, 35.07911592700009], [72.95359952500019, 35.06377243000003], [72.94603676000014, 35.04072054100004], [72.9051688900002, 35.03948442800004], [72.88778926200018, 35.02435905000016], [72.90960476800007, 34.98712705300005], [72.90039052100013, 34.958684058000074], [72.88233477800003, 34.947226552000075], [72.87805735800015, 34.91853311500017], [72.88984038900014, 34.91433129700016], [72.9219218880001, 34.9384545420001], [72.97949452600017, 34.95648493100009], [73.04979439300007, 34.96763916800006], [73.12158676100006, 34.92537954000011], [73.18024258600013, 34.928322030000174], [73.1986821390002, 34.939982545000134], [73.21540651900006, 34.93859580100019], [73.22449353300016, 34.91674421400006], [73.37914213900018, 34.92839804900018], [73.43812613500018, 34.90196542000007], [73.48956471700006, 34.8961284180001], [73.50540314800008, 34.91685080200017], [73.54043539600013, 34.92737230300003], [73.56403044900014, 34.980982704000155], [73.63253801500008, 35.006937793000134], [73.62668277000012, 35.02710605600009], [73.50062452000009, 35.10391292600019], [73.39348027600005, 35.06596366600013], [73.37552826200005, 35.08891504400003], [73.33496576200014, 35.08777880700006], [73.2978117740002, 35.108685048000154], [73.21470011300005, 35.1027741100001], [73.20283928700007, 35.115629447000174]]]}}, {"type": "Feature", "properties": {"adm2_name": "Kurram", "adm2_name1": null, "adm2_name2": null, "adm2_name3": null, "adm2_pcode": "PK518", "adm1_name": "Khyber Pakhtunkhwa", "adm1_name1": null, "adm1_name2": null, "adm1_name3": null, "adm1_pcode": "PK5", "adm0_name": "Pakistan", "adm0_name1": null, "adm0_name2": null, "adm0_name3": null, "adm0_pcode": "PK", "valid_on": "2022-09-09", "valid_to": null, "area_sqkm": 3398.38065188, "version": "v01", "lang": "en", "lang1": null, "lang2": null, "lang3": null, "adm2_ref_name": "Kurram", "center_lat": 33.68964227, "center_lon": 70.38436706}, "geometry": {"type": "Polygon", "coordinates": [[[70.0964999730001, 34.00934376100008], [70.01196186300012, 34.0486033360001], [69.91347605200014, 34.03793678200003], [69.89753885200008, 34.027743778000115], [69.90065914600018, 33.98474723300012], [69.86120526500002, 33.939926969], [69.90390058500003, 33.89027074000006], [69.92596529100013, 33.8402183340001], [69.95568830700006, 33.81670644000019], [69.96979675300014, 33.76262024400006], [69.991845088, 33.74043111900011], [70.13696996500016, 33.71506919700005], [70.15009935300009, 33.6953096310001], [70.14928408200018, 33.65351471000008], [70.19702153600008, 33.633597963], [70.17357523100003, 33.52505549200015], [70.21481354100007, 33.479626231], [70.24009021800009, 33.47335944800011], [70.25849766400006, 33.433021538000105], [70.29781374300012, 33.42623105200016], [70.31539965600012, 33.39556490700005], [70.32415989200018, 33.33288862], [70.38167763900009, 33.35292246900019], [70.41669140700009, 33.3423576620001], [70.44870705400007, 33.35242278200013], [70.46416165300008, 33.333006381000075], [70.53757992100014, 33.34606962100003], [70.54396820100004, 33.35824966399997], [70.49987030000011, 33.386650084999985], [70.50121307400019, 33.41608047500006], [70.59158325200002, 33.42721939100011], [70.62830352800017, 33.47616958600008], [70.67707061800019, 33.471008301000154], [70.70346832300004, 33.49145126299999], [70.74192047100013, 33.48397064200003], [70.73169708299997, 33.52505874600007], [70.75061964100013, 33.584550606000164], [70.73355472100002, 33.59418781700009], [70.75359930000002, 33.623597954000104], [70.7504013050002, 33.645983923000074], [70.701403444, 33.647211725000034], [70.62048273600004, 33.68307496100016], [70.61805568600016, 33.71451239900017], [70.58524767800003, 33.74001070200006], [70.60906132300016, 33.775017332000175], [70.5770419820002, 33.78657816600014], [70.58303822400018, 33.80513796200012], [70.57173102500013, 33.81227634500004], [70.57056033000003, 33.84214333900013], [70.54163560300015, 33.83343451200017], [70.52567417900019, 33.852908020000086], [70.49612127400007, 33.85247971700005], [70.4990557210001, 33.884425190000115], [70.44677420400018, 33.90264234300008], [70.44437690500018, 33.95201369400007], [70.32626338800014, 33.96321621800007], [70.27912164500003, 33.980277964000095], [70.23882311000006, 33.97314353500019], [70.1543034010001, 34.00831151400007], [70.0964999730001, 34.00934376100008]]]}}, {"type": "Feature", "properties": {"adm2_name": "Lakki Marwat", "adm2_name1": null, "adm2_name2": null, "adm2_name3": null, "adm2_pcode": "PK519", "adm1_name": "Khyber Pakhtunkhwa", "adm1_name1": null, "adm1_name2": null, "adm1_name3": null, "adm1_pcode": "PK5", "adm0_name": "Pakistan", "adm0_name1": null, "adm0_name2": null, "adm0_name3": null, "adm0_pcode": "PK", "valid_on": "2022-09-09", "valid_to": null, "area_sqkm": 3339.82422522, "version": "v01", "lang": "en", "lang1": null, "lang2": null, "lang3": null, "adm2_ref_name": "Lakki Marwat", "center_lat": 32.57034302, "center_lon": 70.87971831}, "geometry": {"type": "Polygon", "coordinates": [[[70.87511599300012, 32.87676552000016], [70.85526000400006, 32.87398000700017], [70.83083399700013, 32.84923674700019], [70.78959999600016, 32.87363000099998], [70.7795368840001, 32.86823105400015], [70.79484368600004, 32.850693257000046], [70.78361807300018, 32.8584288350001], [70.76572315300012, 32.845129830000076], [70.79297138800001, 32.81673717600012], [70.73138014200015, 32.7929977930001], [70.70237451800006, 32.80955479700009], [70.69950201300014, 32.83686716800014], [70.68535152000004, 32.84247305700006], [70.61101601900003, 32.81536917500017], [70.61448227300014, 32.830197167999984], [70.5619708820002, 32.84410595500003], [70.56118164800012, 32.81110167100019], [70.53551351400012, 32.80644566600017], [70.52475701900016, 32.76294767000019], [70.49962902600004, 32.773499668], [70.37242126500018, 32.70676040600017], [70.346103782, 32.705522066000185], [70.28391186600015, 32.63926180300007], [70.32488389400004, 32.58215553500003], [70.41225770000011, 32.58029955600017], [70.48316563700007, 32.60388001400008], [70.54882049600019, 32.57452011100008], [70.61569475900012, 32.46453878400001], [70.59740515100009, 32.43504279900014], [70.6569981500001, 32.391777295000054], [70.68175765300015, 32.396546046000026], [70.70663413100016, 32.376137048000146], [70.69851127400017, 32.361617291000016], [70.71150789000012, 32.34963592100007], [70.66918092400005, 32.32217008600014], [70.66177185400005, 32.27865993400002], [70.67568845100016, 32.27070056300005], [70.70503335600017, 32.26270925400013], [70.76738407700009, 32.30156286100009], [70.816618387, 32.29882554900013], [70.84893101500018, 32.32498654500017], [71.04024926500011, 32.38356854800003], [71.08198220000014, 32.404151833000014], [71.14176795000003, 32.46137066699998], [71.176931147, 32.44482841200005], [71.24886322000009, 32.54135894799998], [71.16274261500007, 32.601139069000055], [71.16760253899997, 32.61880111700003], [71.14782714800009, 32.654491425], [71.15724182100018, 32.67510986300016], [71.13401794400005, 32.69483947800006], [71.14396667500012, 32.72241973900003], [71.12167358400006, 32.75220871], [71.10963089100011, 32.81113553800009], [70.99536999800017, 32.8151100020001], [70.95488305499998, 32.87117169900017], [70.88777680400005, 32.84469988200004], [70.87511599300012, 32.87676552000016]]]}}, {"type": "Feature", "properties": {"adm2_name": "Lower Dir", "adm2_name1": null, "adm2_name2": null, "adm2_name3": null, "adm2_pcode": "PK520", "adm1_name": "Khyber Pakhtunkhwa", "adm1_name1": null, "adm1_name2": null, "adm1_name3": null, "adm1_pcode": "PK5", "adm0_name": "Pakistan", "adm0_name1": null, "adm0_name2": null, "adm0_name3": null, "adm0_pcode": "PK", "valid_on": "2022-09-09", "valid_to": null, "area_sqkm": 1604.74402536, "version": "v01", "lang": "en", "lang1": null, "lang2": null, "lang3": null, "adm2_ref_name": "Lower Dir", "center_lat": 34.84093998, "center_lon": 71.82022236}, "geometry": {"type": "Polygon", "coordinates": [[[71.82558291600003, 35.06964767000011], [71.74999788600013, 35.05027967500013], [71.72567697900013, 35.02737108300005], [71.63631539000016, 35.02616768000007], [71.6211967640001, 35.03813417100014], [71.55458510300008, 35.02953756600016], [71.51761016700016, 35.00417004100012], [71.51032109400006, 34.98502123800017], [71.58623504600018, 34.90549850500014], [71.61504524700018, 34.820475744000134], [71.731987, 34.79944992100013], [71.80372619600007, 34.76203918500005], [71.756851934, 34.734735804000024], [71.76904296900017, 34.6954383850001], [71.76008537500013, 34.656014923999976], [71.834600002, 34.61342000500008], [71.88240999800007, 34.62435000500005], [72.01112000500007, 34.62151999800011], [72.01063871100001, 34.641143416000034], [72.09256999700011, 34.66617999600015], [72.12331939300009, 34.74841267300019], [72.19283206200015, 34.80189385400007], [72.12879027100013, 34.86693779800004], [72.06917851800011, 34.83349979500014], [72.0153087710001, 34.84866217600012], [71.96888201900009, 34.88567879200008], [71.94944313900004, 34.917858921000175], [71.91755951400012, 34.925503924000054], [71.9264592670001, 34.987296671000024], [71.90802727200008, 34.99479442600017], [71.8991236440001, 35.02048980500018], [71.86193139700003, 35.05469867900001], [71.82558291600003, 35.06964767000011]]]}}, {"type": "Feature", "properties": {"adm2_name": "Malakand", "adm2_name1": null, "adm2_name2": null, "adm2_name3": null, "adm2_pcode": "PK521", "adm1_name": "Khyber Pakhtunkhwa", "adm1_name1": null, "adm1_name2": null, "adm1_name3": null, "adm1_pcode": "PK5", "adm0_name": "Pakistan", "adm0_name1": null, "adm0_name2": null, "adm0_name3": null, "adm0_pcode": "PK", "valid_on": "2022-09-09", "valid_to": null, "area_sqkm": 905.69548855, "version": "v01", "lang": "en", "lang1": null, "lang2": null, "lang3": null, "adm2_ref_name": "Malakand", "center_lat": 34.51663484, "center_lon": 71.82362875}, "geometry": {"type": "Polygon", "coordinates": [[[72.09666000300012, 34.66477000100008], [72.01063871100001, 34.641143416000034], [72.01112000500007, 34.62151999800011], [71.92116999800004, 34.61664999700014], [71.88576999900016, 34.62446999700006], [71.83093000400015, 34.61400000100008], [71.76008537500013, 34.656014923999976], [71.72631073000008, 34.64894104000018], [71.70632934600008, 34.62601852400019], [71.67888641400015, 34.61891174300007], [71.67051696800007, 34.56126022299998], [71.63909149200015, 34.540000916000054], [71.65776062000015, 34.51890182500017], [71.66036987300009, 34.46796035800014], [71.70619686600014, 34.44664999800011], [71.75460000200002, 34.45626999700016], [71.76871211600007, 34.41343684000003], [71.79895999600006, 34.405499998000096], [71.83237810600002, 34.36437170500017], [71.85058000400005, 34.38487000400005], [71.88981999600014, 34.3908499960001], [71.89204999500004, 34.40941000400011], [71.91566999700018, 34.43019000500004], [71.9533100000001, 34.43929999599999], [71.9658200020001, 34.46678000200018], [71.95748999400013, 34.48860000500014], [72.00044999900007, 34.52767999500014], [72.01815999800016, 34.52943999700011], [72.07338999600006, 34.49759000400013], [72.08107000500019, 34.46915999700019], [72.07858000000016, 34.48720999700009], [72.13197999600015, 34.531590000999984], [72.20285336300003, 34.51318698600011], [72.23142000400014, 34.52616001400003], [72.21657792600007, 34.56788835900005], [72.13614000299998, 34.582990000000166], [72.11540969000009, 34.621854400000075], [72.13510777500005, 34.66421029600008], [72.10283000100014, 34.65411000000012], [72.09666000300012, 34.66477000100008]]]}}, {"type": "Feature", "properties": {"adm2_name": "Mansehra", "adm2_name1": null, "adm2_name2": null, "adm2_name3": null, "adm2_pcode": "PK522", "adm1_name": "Khyber Pakhtunkhwa", "adm1_name1": null, "adm1_name2": null, "adm1_name3": null, "adm1_pcode": "PK5", "adm0_name": "Pakistan", "adm0_name1": null, "adm0_name2": null, "adm0_name3": null, "adm0_pcode": "PK", "valid_on": "2022-09-09", "valid_to": null, "area_sqkm": 4032.01335155, "version": "v01", "lang": "en", "lang1": null, "lang2": null, "lang3": null, "adm2_ref_name": "Mansehra", "center_lat": 34.69573444, "center_lon": 73.51194286}, "geometry": {"type": "Polygon", "coordinates": [[[74.03166951000003, 35.14332470699998], [74.00821278600006, 35.16950165600008], [73.95973787900016, 35.18190189700016], [73.94910684300004, 35.15871880500009], [73.95656376400018, 35.1403311790001], [73.9353645000001, 35.12328653700007], [73.93771115200013, 35.10982968200017], [73.91101039000017, 35.09822905100003], [73.89325964300008, 35.111329677000185], [73.86340814400006, 35.104079046000095], [73.84635839000015, 35.08627860700011], [73.84430590600016, 35.03532379900008], [73.81516427200017, 35.00259751700003], [73.78017014300013, 35.02166604000007], [73.76280765500007, 35.0149709210001], [73.71364002100017, 35.02773192200016], [73.68288885900006, 35.01706551000012], [73.6624873930001, 34.980869545000076], [73.62977870500004, 35.00079442400016], [73.5857301800001, 34.99649137900019], [73.57882766699998, 34.98075470000009], [73.56249455800014, 34.979763991000084], [73.54043539600013, 34.92737230300003], [73.49958464800005, 34.91036067300007], [73.48956471700006, 34.8961284180001], [73.49719127100013, 34.86900823700017], [73.44114477300019, 34.82739917700019], [73.43910514300018, 34.80284280700016], [73.39921139500018, 34.80267967000009], [73.385505641, 34.789871297], [73.3948875230002, 34.77600217200006], [73.36152040200011, 34.75014067400008], [73.3628257650002, 34.700864916000114], [73.32790851800013, 34.65909479100003], [73.31147789500017, 34.66459929000007], [73.28259613800014, 34.70781054000014], [73.25162864800006, 34.71138004000005], [73.2199403940001, 34.7392516700001], [73.19491089100012, 34.71064380000007], [73.19495114600016, 34.69341992300002], [73.11058001900005, 34.643676679000066], [73.08876065200013, 34.566906845], [73.0505560740001, 34.55638000900018], [73.03469384100009, 34.56258583300007], [73.02372952000019, 34.58859235500017], [72.99994002300014, 34.589460049000024], [72.98946002200012, 34.57514004300003], [72.96583002700015, 34.58030004300008], [72.93909358400015, 34.56498736100019], [72.94139002000009, 34.54457004800008], [72.89245952400006, 34.50066955400001], [72.88671377300005, 34.465841555000054], [72.86815627900012, 34.44850230100013], [72.8466317050001, 34.45360148300017], [72.81682430500013, 34.426580617000184], [72.82050490900002, 34.366615784000146], [72.85539803800009, 34.3298250090001], [72.85344625100015, 34.29550500300013], [72.885012877, 34.28649788300004], [72.91269000200003, 34.24892000500017], [72.97281, 34.22967000300014], [72.99100000200019, 34.209989999000186], [73.00928999800004, 34.23134999700005], [73.0044300020001, 34.24069999600016], [73.03526999700017, 34.266929996000044], [73.06505999600006, 34.250650003000146], [73.074169999, 34.22613000200005], [73.13975999400009, 34.25115000500011], [73.16001000200015, 34.23724000200019], [73.17845999800011, 34.243559995000055], [73.18777000000017, 34.22478000300015], [73.21200999600012, 34.28511000500015], [73.25374000500005, 34.27001000399997], [73.27356000000015, 34.289109999000175], [73.27296000400008, 34.305259995000085], [73.32760000100006, 34.32075], [73.35129999700013, 34.36644000600012], [73.39815751800012, 34.374062244000186], [73.44831940700016, 34.563049455000055], [73.58166370300017, 34.58776952200003], [73.6249843920001, 34.56388109700015], [73.64109695200011, 34.566939556000136], [73.67442452500012, 34.64582729900002], [73.66360335700006, 34.6944357910001], [73.69802809600009, 34.71776433000019], [73.73970187200013, 34.78721625800017], [73.79942293400018, 34.80360353400016], [73.83387714100013, 34.82694189600011], [73.90775903500014, 34.826660317000176], [73.98637539600014, 34.87054416500007], [74.05164946800011, 34.95555172700017], [74.05581742000004, 34.9961022010001], [74.08953829100005, 35.02407051299997], [74.06219560500006, 35.06054816400007], [74.065810301, 35.089989599000035], [74.12742587800005, 35.12475189700018], [74.08027563300016, 35.1510989140001], [74.03166951000003, 35.14332470699998]]]}}, {"type": "Feature", "properties": {"adm2_name": "Mardan", "adm2_name1": null, "adm2_name2": null, "adm2_name3": null, "adm2_pcode": "PK523", "adm1_name": "Khyber Pakhtunkhwa", "adm1_name1": null, "adm1_name2": null, "adm1_name3": null, "adm1_pcode": "PK5", "adm0_name": "Pakistan", "adm0_name1": null, "adm0_name2": null, "adm0_name3": null, "adm0_pcode": "PK", "valid_on": "2022-09-09", "valid_to": null, "area_sqkm": 1636.40851631, "version": "v01", "lang": "en", "lang1": null, "lang2": null, "lang3": null, "adm2_ref_name": "Mardan", "center_lat": 34.30337073, "center_lon": 72.08078636}, "geometry": {"type": "Polygon", "coordinates": [[[72.20271999700003, 34.51359000400004], [72.11315000000019, 34.52237], [72.07858000000016, 34.48720999700009], [72.08298999600015, 34.48432999900018], [72.08107000500019, 34.46915999700019], [72.07338999600006, 34.49759000400013], [72.01815999800016, 34.52943999700011], [72.00044999900007, 34.52767999500014], [71.95748999400013, 34.48860000500014], [71.9658200020001, 34.46678000200018], [71.9533100000001, 34.43929999599999], [71.91566999700018, 34.43019000500004], [71.89204999500004, 34.40941000400011], [71.88981999600014, 34.3908499960001], [71.83021000500014, 34.37344000100012], [71.84219686100005, 34.34598746100016], [71.82802999600017, 34.34198999400007], [71.82262184200016, 34.29559339500014], [71.84017999800005, 34.2658100000001], [71.88219000000015, 34.256620002000034], [71.87889431000013, 34.23994438100004], [71.89206, 34.23956999500018], [71.9303100050002, 34.145239995000054], [72.01978152300012, 34.13098524800017], [72.02811999700015, 34.101029997000126], [72.042240004, 34.09838999500005], [72.0360739960002, 34.079173003], [72.14613998800007, 34.07558999800011], [72.15153000200019, 34.09155999400008], [72.19990958400012, 34.090938959000084], [72.20555999800007, 34.205569997000055], [72.21984739000004, 34.21297169400003], [72.22853654800014, 34.24228031300004], [72.26927000000012, 34.258729997000046], [72.32686500100004, 34.247045], [72.33222000500007, 34.25879999900019], [72.31682414300008, 34.28008031100018], [72.33790678700007, 34.30180874200005], [72.3361800020001, 34.32777000600015], [72.37853999900011, 34.34027000200001], [72.43185336700009, 34.380565273000116], [72.42337000300017, 34.406860002000144], [72.3960100130002, 34.4096899970001], [72.37170000400005, 34.43401001100011], [72.3237433320001, 34.44078666700017], [72.27622872500007, 34.42822481900015], [72.23793999600014, 34.44517999600015], [72.22116000100004, 34.46228000500008], [72.2243099980002, 34.49245999700014], [72.20271999700003, 34.51359000400004]]]}}, {"type": "Feature", "properties": {"adm2_name": "Mohmand", "adm2_name1": null, "adm2_name2": null, "adm2_name3": null, "adm2_pcode": "PK524", "adm1_name": "Khyber Pakhtunkhwa", "adm1_name1": null, "adm1_name2": null, "adm1_name3": null, "adm1_pcode": "PK5", "adm0_name": "Pakistan", "adm0_name1": null, "adm0_name2": null, "adm0_name3": null, "adm0_pcode": "PK", "valid_on": "2022-09-09", "valid_to": null, "area_sqkm": 2261.95277866, "version": "v01", "lang": "en", "lang1": null, "lang2": null, "lang3": null, "adm2_ref_name": "Mohmand", "center_lat": 34.44608498, "center_lon": 71.36649295}, "geometry": {"type": "Polygon", "coordinates": [[[71.20841877300012, 34.705040384000085], [71.17277868000008, 34.73099287100007], [71.13667230300018, 34.70951012000006], [71.11452574200018, 34.710462907000135], [71.09567300800012, 34.67552412100014], [71.11057380600005, 34.6299835370001], [71.08708810500008, 34.59045762400007], [71.00373727900012, 34.56673945700004], [70.99283753100013, 34.52763591300004], [71.00681173500016, 34.461117651000166], [71.076018099, 34.395771547000095], [71.16947304800016, 34.36360926700013], [71.16901696400004, 34.33522042100009], [71.24040456900002, 34.32929222100006], [71.29999578899998, 34.28383499900019], [71.31558601700016, 34.26144903000005], [71.2880604130001, 34.19874547500007], [71.30699140399997, 34.192206716000044], [71.30801933200013, 34.16322488200018], [71.31818438900018, 34.17161962000017], [71.41230773900008, 34.16588974000018], [71.46964263900003, 34.21955871600005], [71.4988403320001, 34.228908538999974], [71.49075317400013, 34.24877929700011], [71.51496887200005, 34.24161148100012], [71.53673454100016, 34.260589298000184], [71.53344726600005, 34.30868911700014], [71.56041717500017, 34.32825851400008], [71.56263732899998, 34.3436813350001], [71.59248352100019, 34.367061615000125], [71.62522888200016, 34.35348129300007], [71.62552642800006, 34.377918243000124], [71.65807342500017, 34.390571594000164], [71.65904235800014, 34.416801453000176], [71.70755767800011, 34.445919037000124], [71.66036987300009, 34.46796035800014], [71.65776062000015, 34.51890182500017], [71.64180319600018, 34.53634362000014], [71.62712775900013, 34.53596421599997], [71.62141705300013, 34.516904734000036], [71.58228665000019, 34.507322964000025], [71.54332314400006, 34.54428043200011], [71.52808269700017, 34.627335517000176], [71.56084787400016, 34.65342630600003], [71.55060429500003, 34.6729140920001], [71.52372828300014, 34.678089419000116], [71.48036260700007, 34.65888716900008], [71.43985228400015, 34.67651897500019], [71.35621185200006, 34.646762626000054], [71.3237750400001, 34.65761296800008], [71.28785469800005, 34.65164528000014], [71.26918068800006, 34.655157365000036], [71.27342088800003, 34.675887229000125], [71.22897731600017, 34.72337175100006], [71.20841877300012, 34.705040384000085]]]}}, {"type": "Feature", "properties": {"adm2_name": "North Waziristan", "adm2_name1": null, "adm2_name2": null, "adm2_name3": null, "adm2_pcode": "PK525", "adm1_name": "Khyber Pakhtunkhwa", "adm1_name1": null, "adm1_name2": null, "adm1_name3": null, "adm1_pcode": "PK5", "adm0_name": "Pakistan", "adm0_name1": null, "adm0_name2": null, "adm0_name3": null, "adm0_pcode": "PK", "valid_on": "2022-09-09", "valid_to": null, "area_sqkm": 4929.68007597, "version": "v01", "lang": "en", "lang1": null, "lang2": null, "lang3": null, "adm2_ref_name": "North Waziristan", "center_lat": 32.95705063, "center_lon": 69.94281704}, "geometry": {"type": "Polygon", "coordinates": [[[70.44324619100007, 33.35213724700009], [70.40916041300011, 33.34242904600018], [70.38167763900009, 33.35292246900019], [70.33545661000016, 33.33165008800006], [70.29142646400004, 33.32781888400012], [70.20826845300013, 33.250417189000075], [70.13111237700008, 33.21348442700014], [70.0672830760002, 33.21351561600011], [70.02307750000011, 33.14326961500012], [69.94589850500006, 33.12873552500014], [69.91669584300018, 33.10398594900016], [69.85645442800018, 33.096330956000145], [69.78653101900017, 33.127543723000144], [69.70459077300006, 33.09049978400009], [69.58005461500017, 33.09756859600003], [69.50710269600006, 33.02903680400016], [69.49962763300005, 33.002466734000166], [69.4920348070001, 32.942686737000145], [69.5345761850001, 32.86640499100014], [69.50078669300018, 32.84813166400011], [69.463906318, 32.847083926000096], [69.39237201100013, 32.77417446300018], [69.40277735800004, 32.749228478000134], [69.44121624300016, 32.727753124000174], [69.43697173400005, 32.68622518800015], [69.451231963, 32.66317645200019], [69.41038628100011, 32.606323407], [69.46043852300005, 32.59390510600008], [69.48845667600006, 32.56303160000016], [69.54086160900005, 32.56244974500004], [69.61163867500005, 32.5911103520001], [69.60335815100007, 32.64846725900003], [69.64104881300005, 32.662244338000164], [69.64975764000002, 32.68976280400011], [69.73519462400014, 32.717144169000164], [69.7562891010001, 32.6959685810001], [69.80762818700015, 32.696522054000184], [69.8532322280002, 32.65572959600007], [69.87262875400012, 32.65981423799997], [69.88305570000006, 32.68509261000003], [69.943822183, 32.67893503700009], [69.97841232200005, 32.70365888200001], [70.0509211970001, 32.668511887000136], [70.06528225300013, 32.68856777500008], [70.15672178900019, 32.73343331600012], [70.19952910500018, 32.71942000700017], [70.22897414200014, 32.73091309500006], [70.25537729700005, 32.72076375600005], [70.27029465100014, 32.75675077800014], [70.32541180800018, 32.79180164100006], [70.35685768700012, 32.911960517000125], [70.40735807400011, 32.96959039300003], [70.39059477100017, 32.983070039000154], [70.41023722100005, 33.00060666700017], [70.42193047000006, 33.07099582000018], [70.45733684900011, 33.109828623000055], [70.49848248800004, 33.124876334000135], [70.48646515300004, 33.15289937400007], [70.51898762500014, 33.19124676700011], [70.61866800399997, 33.23156435400011], [70.63034820600006, 33.27061080900006], [70.56983184800015, 33.29441070600012], [70.55699920700016, 33.32971954300007], [70.53764343300003, 33.33462142900015], [70.54089439300009, 33.348336681000035], [70.46416165300008, 33.333006381000075], [70.44324619100007, 33.35213724700009]]]}}, {"type": "Feature", "properties": {"adm2_name": "Nowshera", "adm2_name1": null, "adm2_name2": null, "adm2_name3": null, "adm2_pcode": "PK526", "adm1_name": "Khyber Pakhtunkhwa", "adm1_name1": null, "adm1_name2": null, "adm1_name3": null, "adm1_pcode": "PK5", "adm0_name": "Pakistan", "adm0_name1": null, "adm0_name2": null, "adm0_name3": null, "adm0_pcode": "PK", "valid_on": "2022-09-09", "valid_to": null, "area_sqkm": 1725.7120937, "version": "v01", "lang": "en", "lang1": null, "lang2": null, "lang3": null, "adm2_ref_name": "Nowshera", "center_lat": 33.91709153, "center_lon": 72.00280899}, "geometry": {"type": "Polygon", "coordinates": [[[72.01978152300012, 34.13098524800017], [71.94367440400009, 34.1407697300001], [71.89635999800004, 34.12660999800005], [71.84754000500016, 34.038820002000136], [71.83030000400004, 34.03889000300012], [71.81655999600008, 34.07470999700007], [71.78636999900016, 34.086859999000126], [71.7302299970001, 34.09626000100019], [71.6977099950002, 34.08563999800015], [71.70969000300005, 34.05405000000013], [71.69742896100001, 34.044646393], [71.72229604800009, 34.020710172000065], [71.70527250100008, 34.006396251000126], [71.71999999700006, 33.999730006], [71.70472745900014, 33.988964689000056], [71.70830504200012, 33.97741613200009], [71.72522999800003, 33.97049773800018], [71.77881863700009, 33.98363242], [71.76814294100012, 33.88590464200013], [71.779026139, 33.87340930700003], [71.7495727540001, 33.849590302000024], [71.7505874630001, 33.81938934300007], [71.79367065400015, 33.78413009600007], [71.84236405500019, 33.78189540300019], [71.86092376700014, 33.749820709], [71.8148268330001, 33.70690120000006], [71.81696000500006, 33.69366000500003], [71.85905999600004, 33.69366000500003], [71.94074999600008, 33.733489999000085], [72.00485999500012, 33.72514000400014], [72.01210784900007, 33.713798523000094], [72.0365524290001, 33.751770020000095], [72.07627105700016, 33.7646598820001], [72.07911682100007, 33.78709030200008], [72.18273925800014, 33.76285934400016], [72.21222686800013, 33.773548126000094], [72.24478912400014, 33.76295089700017], [72.23429870600012, 33.78630828900009], [72.2344600150002, 33.93575005100013], [72.20859563500017, 33.97973021700017], [72.23427000800001, 34.00676002300003], [72.24667999400009, 34.08680000300012], [72.22673999600016, 34.080540006000035], [72.17323000100004, 34.09549001100004], [72.17390001000012, 34.08727999500002], [72.15153000200019, 34.09155999400008], [72.14613998800007, 34.07558999800011], [72.0360739960002, 34.079173003], [72.042240004, 34.09838999500005], [72.02811999700015, 34.101029997000126], [72.01978152300012, 34.13098524800017]]]}}, {"type": "Feature", "properties": {"adm2_name": "Orakzai", "adm2_name1": null, "adm2_name2": null, "adm2_name3": null, "adm2_pcode": "PK527", "adm1_name": "Khyber Pakhtunkhwa", "adm1_name1": null, "adm1_name2": null, "adm1_name3": null, "adm1_pcode": "PK5", "adm0_name": "Pakistan", "adm0_name1": null, "adm0_name2": null, "adm0_name3": null, "adm0_pcode": "PK", "valid_on": "2022-09-09", "valid_to": null, "area_sqkm": 1369.8914274, "version": "v01", "lang": "en", "lang1": null, "lang2": null, "lang3": null, "adm2_ref_name": "Orakzai", "center_lat": 33.69490257, "center_lon": 70.87820005}, "geometry": {"type": "Polygon", "coordinates": [[[71.09646894300016, 33.83948740400001], [70.9742312750002, 33.8389163330001], [70.98459620699998, 33.795943268000144], [70.97206120600015, 33.78934740200009], [70.88842791200011, 33.77161565900019], [70.84454113400011, 33.78295141100017], [70.69888957, 33.7392074010001], [70.6585719840001, 33.76119361999997], [70.64272477400004, 33.79631446400015], [70.61611288200015, 33.79814189000018], [70.58524767800003, 33.74001070200006], [70.61805568600016, 33.71451239900017], [70.61882663100005, 33.68515936800003], [70.63170427400019, 33.67310977800014], [70.701403444, 33.647211725000034], [70.7504013050002, 33.645983923000074], [70.75359930000002, 33.623597954000104], [70.73663850200018, 33.59001900100009], [70.80663299600013, 33.57839965799997], [70.83262634300007, 33.56021118200016], [70.91796112100008, 33.564300537000065], [70.98715210000017, 33.54607009900013], [71.066482544, 33.58282089200003], [71.12911987300004, 33.59503936800007], [71.13262176500007, 33.60374069200009], [71.08219909700006, 33.62060928300019], [71.1337203980001, 33.65317153900003], [71.17859649700017, 33.64392089800015], [71.13429260300012, 33.680271149000134], [71.13863372800006, 33.705249786000024], [71.1229524150001, 33.73699791900009], [71.14156341600017, 33.74596023600009], [71.21217346200018, 33.72216033900003], [71.22585296600016, 33.69089889500003], [71.33309024300019, 33.624832113000025], [71.35793304400016, 33.626140594], [71.36461024900012, 33.650378906000185], [71.40668221800013, 33.65128895000015], [71.41162071400015, 33.68009756700019], [71.38026893700004, 33.69720113200003], [71.38429498500011, 33.7168174090001], [71.35271477900017, 33.727667751000126], [71.34945093600004, 33.76407331000007], [71.32835520300006, 33.75429867200006], [71.25468406100009, 33.81967125300008], [71.20865576900019, 33.83591821200014], [71.14812228200014, 33.811876139000105], [71.09646894300016, 33.83948740400001]]]}}, {"type": "Feature", "properties": {"adm2_name": "Peshawar", "adm2_name1": null, "adm2_name2": null, "adm2_name3": null, "adm2_pcode": "PK528", "adm1_name": "Khyber Pakhtunkhwa", "adm1_name1": null, "adm1_name2": null, "adm1_name3": null, "adm1_pcode": "PK5", "adm0_name": "Pakistan", "adm0_name1": null, "adm0_name2": null, "adm0_name3": null, "adm0_pcode": "PK", "valid_on": "2022-09-09", "valid_to": null, "area_sqkm": 1539.07126618, "version": "v01", "lang": "en", "lang1": null, "lang2": null, "lang3": null, "adm2_ref_name": "Peshawar", "center_lat": 33.94172579, "center_lon": 71.60001124}, "geometry": {"type": "Polygon", "coordinates": [[[71.50127999900008, 34.18084000400012], [71.48527999900017, 34.20403000500016], [71.49008752500004, 34.22332254100019], [71.46964263900003, 34.21955871600005], [71.41230773900008, 34.16588974000018], [71.41217804000007, 34.14464950600012], [71.38208007800006, 34.117919922000056], [71.36966705300017, 34.08699035600017], [71.38948338900019, 34.03797712400018], [71.38031005900007, 33.99946975700004], [71.40554809600008, 33.99679946900011], [71.41192627000004, 33.96062851000005], [71.44961420900006, 33.91020535600012], [71.43354797400008, 33.87382888800016], [71.51892089799998, 33.8082313540001], [71.50341796900005, 33.75032043500016], [71.54356957100009, 33.727919279000105], [71.54752533300018, 33.701556337000056], [71.58428800500013, 33.67905615400008], [71.70279943800006, 33.708509121000134], [71.6803770030001, 33.68091726600005], [71.6898789650001, 33.65718414800011], [71.74199420000008, 33.67088085299997], [71.74508721800004, 33.69177675200007], [71.77934658400017, 33.68011351500007], [71.81321716300016, 33.69805908200016], [71.86092376700014, 33.749820709], [71.84236405500019, 33.78189540300019], [71.79367065400015, 33.78413009600007], [71.7505874630001, 33.81938934300007], [71.7495727540001, 33.849590302000024], [71.779026139, 33.87340930700003], [71.76814294100012, 33.88590464200013], [71.77881863700009, 33.98363242], [71.72522999800003, 33.97049773800018], [71.70830504200012, 33.97741613200009], [71.70472745900014, 33.988964689000056], [71.71999999700006, 33.999730006], [71.70527250100008, 34.006396251000126], [71.72229604800009, 34.020710172000065], [71.69742896100001, 34.044646393], [71.70969000300005, 34.05405000000013], [71.69669999800004, 34.07891000200004], [71.7011700020002, 34.09142000300011], [71.72105403300009, 34.092898187], [71.68234424500014, 34.10915177000004], [71.64891999400015, 34.143909995000115], [71.60144013600006, 34.153062738000074], [71.57933000500003, 34.17311999700007], [71.50127999900008, 34.18084000400012]]]}}, {"type": "Feature", "properties": {"adm2_name": "Shangla", "adm2_name1": null, "adm2_name2": null, "adm2_name3": null, "adm2_pcode": "PK529", "adm1_name": "Khyber Pakhtunkhwa", "adm1_name1": null, "adm1_name2": null, "adm1_name3": null, "adm1_pcode": "PK5", "adm0_name": "Pakistan", "adm0_name1": null, "adm0_name2": null, "adm0_name3": null, "adm0_pcode": "PK", "valid_on": "2022-09-09", "valid_to": null, "area_sqkm": 1384.20588591, "version": "v01", "lang": "en", "lang1": null, "lang2": null, "lang3": null, "adm2_ref_name": "Shangla", "center_lat": 34.84665636, "center_lon": 72.78985421}, "geometry": {"type": "Polygon", "coordinates": [[[72.73167993300012, 35.15839972700013], [72.69931351400004, 35.14279354100012], [72.6992771460001, 35.11655229100012], [72.67115688900014, 35.07837493000011], [72.62404683200003, 35.060930945], [72.60310214800006, 35.014297049000106], [72.57732226500019, 35.01048680100013], [72.57667451000015, 34.98697779600019], [72.59975140000012, 34.961522672000115], [72.57677839000019, 34.75296216700002], [72.52850238900004, 34.69348016600014], [72.53691077100012, 34.670016795000095], [72.55653026200014, 34.66537218100018], [72.57725376299999, 34.63361033500013], [72.64766089600005, 34.64775468300019], [72.65190501900008, 34.668335179], [72.68329626300005, 34.67970641900013], [72.71845126400007, 34.67289966900006], [72.6962972720001, 34.62295530000006], [72.726844884, 34.574072046000026], [72.72895850200013, 34.537350328000116], [72.759222394, 34.533699733000105], [72.77829227300003, 34.545179174000054], [72.78561002000004, 34.53644605800008], [72.81573426800009, 34.56278305600017], [72.8145877090002, 34.57963049300014], [72.777238183, 34.619747719000145], [72.80162252899999, 34.650808175000066], [72.79844915100017, 34.70493155200012], [72.8314851360002, 34.768204050000065], [72.90166926199998, 34.762116795000054], [72.92765326500012, 34.77347192200017], [72.93471176500003, 34.80421279300003], [72.99542614600011, 34.814186920000054], [73.00458203000005, 34.83439091700012], [72.95276753100006, 34.866768555000135], [72.8644325200001, 34.89254779200019], [72.88233477800003, 34.947226552000075], [72.90554313400008, 34.97188405500003], [72.81703401800019, 34.98669067500015], [72.80903502800004, 35.03533941700016], [72.78392002200019, 35.080840052000156], [72.79776002400007, 35.112490046], [72.77573013500012, 35.1345300590001], [72.75760935900007, 35.135386032000156], [72.7547900140001, 35.15438005700008], [72.73167993300012, 35.15839972700013]]]}}, {"type": "Feature", "properties": {"adm2_name": "South Waziristan", "adm2_name1": null, "adm2_name2": null, "adm2_name3": null, "adm2_pcode": "PK530", "adm1_name": "Khyber Pakhtunkhwa", "adm1_name1": null, "adm1_name2": null, "adm1_name3": null, "adm1_pcode": "PK5", "adm0_name": "Pakistan", "adm0_name1": null, "adm0_name2": null, "adm0_name3": null, "adm0_pcode": "PK", "valid_on": "2022-09-09", "valid_to": null, "area_sqkm": 6224.4073654, "version": "v01", "lang": "en", "lang1": null, "lang2": null, "lang3": null, "adm2_ref_name": "South Waziristan", "center_lat": 32.29148104, "center_lon": 69.67752489}, "geometry": {"type": "Polygon", "coordinates": [[[70.3856999300001, 32.76561141700006], [70.31368208000009, 32.762500293000016], [70.29065867700018, 32.734463667], [70.25347372800007, 32.72004991800014], [70.23330721399998, 32.73071003600006], [70.19952910500018, 32.71942000700017], [70.17057652900007, 32.73427036600009], [70.1462764060002, 32.73127305700018], [70.06528225300013, 32.68856777500008], [70.0509211970001, 32.668511887000136], [69.97841232200005, 32.70365888200001], [69.943822183, 32.67893503700009], [69.88305570000006, 32.68509261000003], [69.87262875400012, 32.65981423799997], [69.8532322280002, 32.65572959600007], [69.80024162500001, 32.70006768900015], [69.75755474200014, 32.69569810500013], [69.73519462400014, 32.717144169000164], [69.71796488800004, 32.71378346200004], [69.65061424600003, 32.69033387400009], [69.64104881300005, 32.662244338000164], [69.60335815100007, 32.64846725900003], [69.61013961500004, 32.589968210999984], [69.50284972000009, 32.55984423500013], [69.46043852300005, 32.59390510600008], [69.41038628100011, 32.606323407], [69.38523757100012, 32.56655209600012], [69.28520806600017, 32.53298191800019], [69.23877690500007, 32.444304], [69.28083703500005, 32.35638569100007], [69.27284148500019, 32.15100613800013], [69.30034787900007, 31.99193332800013], [69.32092065800003, 31.951890790000107], [69.37202453600014, 31.96657943700012], [69.51881408700018, 31.97610664400014], [69.5487594600001, 31.95611381499998], [69.62921905500019, 32.00724029500003], [69.6467590330002, 32.04623794600019], [69.67954841900018, 32.07294377500017], [69.85248565700016, 32.10061645500008], [69.79998016400015, 32.02415847800012], [69.8827972410001, 31.978218079000158], [69.85331726100003, 31.92484855700019], [69.85582733200016, 31.89205551100008], [69.89898681600016, 31.888376236000056], [69.93193817100013, 31.92933082600007], [69.96328735400004, 31.936822891000077], [69.95645312800019, 31.89450556600019], [70.01917429900004, 31.890375524000092], [70.05029764800008, 31.856789433000188], [70.09630452600015, 31.843119429000126], [70.15376850800016, 31.849222747000113], [70.21197701200009, 31.81543270200018], [70.22061157200011, 31.846349716000134], [70.17923736600017, 31.986520767], [70.18800354000018, 31.994340897000143], [70.18298480300018, 32.006410805000144], [70.16635131800012, 31.998979568000152], [70.12436676000016, 32.024391174000016], [70.10565185500008, 32.12306976300016], [70.07427215600012, 32.14809036300005], [70.0670166020002, 32.17675018300008], [70.09731746500006, 32.22087053100006], [70.05884158100014, 32.23840715800003], [70.05417783800016, 32.26341529299998], [70.07435566700019, 32.27132700100003], [70.07511709400018, 32.31464508700003], [70.09862616900017, 32.34225873200012], [70.08520600900016, 32.344079019], [70.08908453000015, 32.35545284300014], [70.1141164600001, 32.376463483000066], [70.08875140600014, 32.405254961000026], [70.098150277, 32.40971645000013], [70.112022534, 32.52448974900017], [70.19915839400016, 32.625712019], [70.22585594600002, 32.60948409500003], [70.25796854800018, 32.62333548400011], [70.30646196300017, 32.65826597100005], [70.33618143000007, 32.6993830560001], [70.372558863, 32.707601800000134], [70.3856999300001, 32.76561141700006]]]}}, {"type": "Feature", "properties": {"adm2_name": "Swabi", "adm2_name1": null, "adm2_name2": null, "adm2_name3": null, "adm2_pcode": "PK531", "adm1_name": "Khyber Pakhtunkhwa", "adm1_name1": null, "adm1_name2": null, "adm1_name3": null, "adm1_pcode": "PK5", "adm0_name": "Pakistan", "adm0_name1": null, "adm0_name2": null, "adm0_name3": null, "adm0_pcode": "PK", "valid_on": "2022-09-09", "valid_to": null, "area_sqkm": 1480.46280927, "version": "v01", "lang": "en", "lang1": null, "lang2": null, "lang3": null, "adm2_ref_name": "Swabi", "center_lat": 34.14118681, "center_lon": 72.47676184}, "geometry": {"type": "Polygon", "coordinates": [[[72.47590000400004, 34.37245000200005], [72.43185336700009, 34.380565273000116], [72.37853999900011, 34.34027000200001], [72.3361800020001, 34.32777000600015], [72.33790678700007, 34.30180874200005], [72.31682414300008, 34.28008031100018], [72.33222000500007, 34.25879999900019], [72.32686500100004, 34.247045], [72.26927000000012, 34.258729997000046], [72.24309999600018, 34.25221000500011], [72.20555999800007, 34.205569997000055], [72.19990958400012, 34.090938959000084], [72.24852000200013, 34.080440001000056], [72.23427000800001, 34.00676002300003], [72.20859563500017, 33.97973021700017], [72.23390001600018, 33.937980039000024], [72.23399001600012, 33.90056005600019], [72.32187652600004, 33.947879791000105], [72.375022888, 33.95740890500019], [72.37866973900003, 33.97079086300005], [72.40249633800016, 33.97774887100019], [72.40518188500005, 34.006561279000096], [72.44876861600017, 33.99147033700007], [72.48966217000009, 34.0014495850001], [72.58447999500015, 33.993600005000076], [72.63772000200015, 34.01746000300017], [72.70154999600004, 34.08887999500007], [72.74249000500015, 34.104870002000155], [72.75108703100005, 34.12148702900009], [72.77156000500008, 34.25457000200004], [72.73773999600019, 34.30606999400004], [72.68266999800016, 34.30050000400013], [72.62869001700005, 34.269180053000184], [72.56830225800019, 34.21874814000017], [72.58813001900018, 34.18770005600004], [72.5702921890001, 34.16965033600013], [72.54758254199999, 34.17242565099997], [72.53969913300011, 34.14998843100017], [72.4717300150001, 34.18258005400003], [72.41512002500002, 34.186230053000145], [72.41769001700004, 34.22122502299999], [72.46374000800006, 34.26976003800007], [72.44608500900006, 34.28582002900009], [72.45096501500007, 34.306115024000064], [72.48316747100017, 34.33491760200019], [72.47590000400004, 34.37245000200005]]]}}, {"type": "Feature", "properties": {"adm2_name": "Swat", "adm2_name1": null, "adm2_name2": null, "adm2_name3": null, "adm2_pcode": "PK532", "adm1_name": "Khyber Pakhtunkhwa", "adm1_name1": null, "adm1_name2": null, "adm1_name3": null, "adm1_pcode": "PK5", "adm0_name": "Pakistan", "adm0_name1": null, "adm0_name2": null, "adm0_name3": null, "adm0_pcode": "PK", "valid_on": "2022-09-09", "valid_to": null, "area_sqkm": 5348.32937554, "version": "v01", "lang": "en", "lang1": null, "lang2": null, "lang3": null, "adm2_ref_name": "Swat", "center_lat": 35.2330758, "center_lon": 72.5118498}, "geometry": {"type": "Polygon", "coordinates": [[[72.67692563300017, 35.81749625000015], [72.57499710400009, 35.845824464000145], [72.54914744500007, 35.88110376500015], [72.51447132500016, 35.89881364800004], [72.48773409800009, 35.85404779200019], [72.45371026500004, 35.83161005100004], [72.4200757750001, 35.83032230300006], [72.40718001700014, 35.79355003900008], [72.37716839200004, 35.769015360000026], [72.31584626500018, 35.75711892900006], [72.31340639200016, 35.77888642900007], [72.2982659000001, 35.77383368000005], [72.25126926300015, 35.65164392300005], [72.20782505699998, 35.62293235500016], [72.31534187100016, 35.523613355000066], [72.36871051300005, 35.503884417000165], [72.34056114500015, 35.47575292200003], [72.37160689200016, 35.442169057000115], [72.3499871460001, 35.39256454700012], [72.36817201600019, 35.36428680300003], [72.36034689600001, 35.347969172000035], [72.32064227300015, 35.343123045000084], [72.30668115100013, 35.28821229700014], [72.28182689200008, 35.265581179000094], [72.32934726400015, 35.19078592000005], [72.26991114300017, 35.179902916], [72.25261538600006, 35.132550929000104], [72.20655289700005, 35.125437048000094], [72.19010189900013, 35.1078301660001], [72.21282189000016, 35.04069266300007], [72.18125389900007, 35.005834296000046], [72.18714720399998, 34.968922859000145], [72.16760413700013, 34.953369165000026], [72.15817965100013, 34.90483055100009], [72.1253013880002, 34.891762171000096], [72.1279234920001, 34.86684938400015], [72.1929555100001, 34.80138554600012], [72.12331939300009, 34.74841267300019], [72.11068901200014, 34.696488464000026], [72.08991957400013, 34.675437883000086], [72.10283000100014, 34.65411000000012], [72.13510777500005, 34.66421029600008], [72.11591999900014, 34.61918000000014], [72.15266999700009, 34.57285000100006], [72.23480999900005, 34.56999999800007], [72.29199264400012, 34.61100066900008], [72.34876999900007, 34.62278999800003], [72.37355000200017, 34.663769999000124], [72.40572, 34.68240999800008], [72.42728000200015, 34.68924000100003], [72.47157000100015, 34.67441999800013], [72.48757999800011, 34.707370001000186], [72.53077631400015, 34.70542173500007], [72.57634990200012, 34.75031713100003], [72.59975140000012, 34.961522672000115], [72.57667451000015, 34.98697779600019], [72.57732226500019, 35.01048680100013], [72.60310214800006, 35.014297049000106], [72.62404683200003, 35.060930945], [72.67115688900014, 35.07837493000011], [72.6992771460001, 35.11655229100012], [72.69931351400004, 35.14279354100012], [72.72283767400012, 35.158827129000144], [72.68563002600013, 35.18575004600012], [72.70075002500016, 35.22787004700018], [72.7245700260001, 35.23990005700011], [72.71964001700013, 35.255150042000025], [72.76510965000006, 35.27453166300006], [72.76193702300003, 35.300489290000144], [72.78639940000016, 35.376187802000175], [72.74355267400006, 35.38893132900006], [72.7209866340001, 35.41751505400015], [72.75538827200006, 35.44910428900005], [72.76022896200016, 35.464287855000066], [72.73547376800008, 35.474631176000116], [72.75833439600007, 35.49115191700008], [72.75222575000004, 35.498617759000126], [72.78230139700008, 35.53783967300018], [72.75525801600008, 35.55880479400014], [72.8152467610002, 35.57853679700003], [72.82132489200012, 35.60663717200009], [72.80018352800005, 35.674642052000024], [72.78001114400007, 35.680808421000165], [72.78148003100017, 35.697239303], [72.76370377700016, 35.70538668000012], [72.74463026300015, 35.748354799000026], [72.70781052200005, 35.76263267000019], [72.71399751200016, 35.80797592200008], [72.7390833950002, 35.81538192800019], [72.73244885300016, 35.83179175000009], [72.67692563300017, 35.81749625000015]]]}}, {"type": "Feature", "properties": {"adm2_name": "Tank", "adm2_name1": null, "adm2_name2": null, "adm2_name3": null, "adm2_pcode": "PK533", "adm1_name": "Khyber Pakhtunkhwa", "adm1_name1": null, "adm1_name2": null, "adm1_name3": null, "adm1_pcode": "PK5", "adm0_name": "Pakistan", "adm0_name1": null, "adm0_name2": null, "adm0_name3": null, "adm0_pcode": "PK", "valid_on": "2022-09-09", "valid_to": null, "area_sqkm": 2818.77858181, "version": "v01", "lang": "en", "lang1": null, "lang2": null, "lang3": null, "adm2_ref_name": "Tank", "center_lat": 32.31868422, "center_lon": 70.37376025}, "geometry": {"type": "Polygon", "coordinates": [[[70.32029153400003, 32.58441602300019], [70.27969302700006, 32.638873364000176], [70.22585594600002, 32.60948409500003], [70.19959579300019, 32.62598290100004], [70.11549654700013, 32.530414607000125], [70.098150277, 32.40971645000013], [70.08875140600014, 32.405254961000026], [70.1141164600001, 32.376463483000066], [70.08908453000015, 32.35545284300014], [70.08520600900016, 32.344079019], [70.09862616900017, 32.34225873200012], [70.07511709400018, 32.31464508700003], [70.07435566700019, 32.27132700100003], [70.05417783800016, 32.26341529299998], [70.05884158100014, 32.23840715800003], [70.09731746500006, 32.22087053100006], [70.0670166020002, 32.17675018300008], [70.07427215600012, 32.14809036300005], [70.10565185500008, 32.12306976300016], [70.12436676000016, 32.024391174000016], [70.16940307600004, 31.99826049800015], [70.2186363940001, 32.02619005100013], [70.25732126100019, 32.06943304300012], [70.23875564000014, 32.09048854000008], [70.24978145400007, 32.103885172000105], [70.26831251400017, 32.087571669000056], [70.39510876600019, 32.075853547], [70.4901846350001, 32.10696555000004], [70.53649514000017, 32.09968766300017], [70.5723935210001, 32.13824867400007], [70.57659276200013, 32.213282919000164], [70.67290560300012, 32.27452022199998], [70.66063845700012, 32.29138975500018], [70.66918092400005, 32.32217008600014], [70.71150789000012, 32.34963592100007], [70.69851127400017, 32.361617291000016], [70.70663413100016, 32.376137048000146], [70.68175765300015, 32.396546046000026], [70.65781850600013, 32.39139267000013], [70.59740515100009, 32.43504279900014], [70.61569475900012, 32.46453878400001], [70.5458526610002, 32.57682037400008], [70.48316563700007, 32.60388001400008], [70.35760148200012, 32.57470782300015], [70.32029153400003, 32.58441602300019]]]}}, {"type": "Feature", "properties": {"adm2_name": "Tor Ghar", "adm2_name1": null, "adm2_name2": null, "adm2_name3": null, "adm2_pcode": "PK534", "adm1_name": "Khyber Pakhtunkhwa", "adm1_name1": null, "adm1_name2": null, "adm1_name3": null, "adm1_pcode": "PK5", "adm0_name": "Pakistan", "adm0_name1": null, "adm0_name2": null, "adm0_name3": null, "adm0_pcode": "PK", "valid_on": "2022-09-09", "valid_to": null, "area_sqkm": 454.38119883, "version": "v01", "lang": "en", "lang1": null, "lang2": null, "lang3": null, "adm2_ref_name": "Tor Ghar", "center_lat": 34.55859259, "center_lon": 72.87595298}, "geometry": {"type": "Polygon", "coordinates": [[[72.87640756600007, 34.76522618500013], [72.8314851360002, 34.768204050000065], [72.81237663900004, 34.742394680000075], [72.79632933700009, 34.69313452100005], [72.80400251300011, 34.65812454400009], [72.777238183, 34.619747719000145], [72.8145877090002, 34.57963049300014], [72.813808435, 34.559182777000046], [72.78561002000004, 34.53644605800008], [72.77829227300003, 34.545179174000054], [72.72827688300009, 34.533528391000175], [72.7720530200001, 34.4755506730001], [72.74303851800016, 34.45802204800009], [72.72067889100009, 34.460803920000046], [72.71280589400016, 34.44615991900014], [72.7535360280001, 34.41493005000012], [72.74278551100008, 34.3539456690001], [72.76409025700019, 34.365457170000184], [72.79014783200012, 34.34817073100015], [72.82050490900002, 34.366615784000146], [72.81715502000009, 34.42707705700002], [72.8466317050001, 34.45360148300017], [72.86815627900012, 34.44850230100013], [72.88578714000005, 34.46491492200005], [72.89759627200016, 34.48400780100013], [72.89245952400006, 34.50066955400001], [72.94139002000009, 34.54457004800008], [72.93909358400015, 34.56498736100019], [72.90529284900003, 34.59565874200018], [72.89867482700015, 34.72799142100001], [72.87640756600007, 34.76522618500013]]]}}, {"type": "Feature", "properties": {"adm2_name": "Upper Dir", "adm2_name1": null, "adm2_name2": null, "adm2_name3": null, "adm2_pcode": "PK535", "adm1_name": "Khyber Pakhtunkhwa", "adm1_name1": null, "adm1_name2": null, "adm1_name3": null, "adm1_pcode": "PK5", "adm0_name": "Pakistan", "adm0_name1": null, "adm0_name2": null, "adm0_name3": null, "adm0_pcode": "PK", "valid_on": "2022-09-09", "valid_to": null, "area_sqkm": 3731.82160953, "version": "v01", "lang": "en", "lang1": null, "lang2": null, "lang3": null, "adm2_ref_name": "Upper Dir", "center_lat": 35.3105344, "center_lon": 72.0481809}, "geometry": {"type": "Polygon", "coordinates": [[[72.16969150300014, 35.780890795000175], [72.12305714400014, 35.7857239220001], [72.08165964400007, 35.70348542000016], [72.09658568500004, 35.70485347800002], [72.11066414600003, 35.685570925000036], [72.0986187260001, 35.65987923200015], [72.06781252500019, 35.63916380800015], [72.04059389500014, 35.6462994260001], [71.97137039300009, 35.60532442199997], [71.91796649800006, 35.54237871200013], [71.91289539400003, 35.49735992700016], [71.93269693900015, 35.475765649000095], [71.87956889300011, 35.45058591700007], [71.875090516, 35.43508630700012], [71.89034790000017, 35.4168973030001], [71.8772891500002, 35.40976829699997], [71.86084052400014, 35.35465691600007], [71.80962976700016, 35.362916805], [71.7808530640001, 35.33285544900019], [71.78055514000016, 35.30612217700019], [71.75650251800005, 35.28947042900012], [71.7498946400001, 35.248501661000034], [71.73430001500003, 35.251673548000156], [71.71896976600004, 35.22920667000005], [71.67329378500006, 35.215421930000105], [71.67489527500004, 35.196541272], [71.62883082200011, 35.14887901900005], [71.53576602700014, 35.09041906600015], [71.53006842600007, 35.07234831200009], [71.55458510300008, 35.02953756600016], [71.6211967640001, 35.03813417100014], [71.63631539000016, 35.02616768000007], [71.7193633980001, 35.02647779500006], [71.74999788600013, 35.05027967500013], [71.8343176370002, 35.06902655200008], [71.89154789100002, 35.02931530500018], [71.90669951500013, 34.996356414000104], [71.9264592670001, 34.987296671000024], [71.91755951400012, 34.925503924000054], [71.94944313900004, 34.917858921000175], [71.96888201900009, 34.88567879200008], [72.03071327300012, 34.839991299000076], [72.090855525, 34.84018742200004], [72.1279234920001, 34.86684938400015], [72.12584493600002, 34.892849489000184], [72.15817965100013, 34.90483055100009], [72.16760413700013, 34.953369165000026], [72.18714720399998, 34.968922859000145], [72.18125389900007, 35.005834296000046], [72.2131776510002, 35.042070799000044], [72.19010189900013, 35.1078301660001], [72.20655289700005, 35.125437048000094], [72.25261538600006, 35.132550929000104], [72.26991114300017, 35.179902916], [72.32934726400015, 35.19078592000005], [72.28182689200008, 35.265581179000094], [72.30668115100013, 35.28821229700014], [72.32064227300015, 35.343123045000084], [72.36034689600001, 35.347969172000035], [72.36839438600009, 35.36971117700017], [72.3499871460001, 35.39256454700012], [72.35238802100008, 35.41230567400004], [72.37174676600017, 35.441120412000146], [72.34056114500015, 35.474863551000055], [72.36871051300005, 35.503884417000165], [72.31534187100016, 35.523613355000066], [72.20815722900011, 35.6215831670001], [72.25126926300015, 35.65164392300005], [72.29152095300009, 35.76532471399997], [72.25417702100003, 35.77283042200003], [72.23967877700017, 35.76431530700006], [72.22304697100003, 35.775217781000094], [72.1901744050001, 35.75110334600015], [72.16969150300014, 35.780890795000175]]]}}, {"type": "Feature", "properties": {"adm2_name": "Attock", "adm2_name1": null, "adm2_name2": null, "adm2_name3": null, "adm2_pcode": "PK601", "adm1_name": "Punjab", "adm1_name1": null, "adm1_name2": null, "adm1_name3": null, "adm1_pcode": "PK6", "adm0_name": "Pakistan", "adm0_name1": null, "adm0_name2": null, "adm0_name3": null, "adm0_pcode": "PK", "valid_on": "2022-09-09", "valid_to": null, "area_sqkm": 6910.04970309, "version": "v01", "lang": "en", "lang1": null, "lang2": null, "lang3": null, "adm2_ref_name": "Attock", "center_lat": 33.50337417, "center_lon": 72.42512196}, "geometry": {"type": "Polygon", "coordinates": [[[72.44876861600017, 33.99147033700007], [72.40384674100005, 34.006000519000054], [72.40249633800016, 33.97774887100019], [72.37866973900003, 33.97079086300005], [72.375022888, 33.95740890500019], [72.32187652600004, 33.947879791000105], [72.23375701900011, 33.89976882899998], [72.24371190300013, 33.76174945100007], [72.21222686800013, 33.773548126000094], [72.18273925800014, 33.76285934400016], [72.08612823500005, 33.78757095300011], [72.07176146100005, 33.782669348000184], [72.07627105700016, 33.7646598820001], [72.0365524290001, 33.751770020000095], [71.98216247600016, 33.66304016100014], [71.97837066700004, 33.586799622000115], [71.95198822000003, 33.57049942000003], [71.96708679200015, 33.53659057600015], [71.95346069300007, 33.51398086500018], [71.86942291300011, 33.449981689000026], [71.87008667000009, 33.416519165000125], [71.85720062300015, 33.404479980000076], [71.83235168500005, 33.409141541000054], [71.72064209000018, 33.35110855100004], [71.71465301500018, 33.33898925800014], [71.7303619380001, 33.315921783000135], [71.70509338400012, 33.28490829499998], [71.70847320600018, 33.25537109400011], [71.76141357400013, 33.18547058100006], [71.7478866580002, 33.144100189000085], [71.71385955800014, 33.112018585000044], [71.72754000400016, 33.03230000200017], [71.71922465600016, 33.02085796000006], [71.74437999600013, 33.02948], [71.74584000500005, 33.00287000200012], [71.7978800680001, 33.000930025000116], [71.84643000200009, 33.03392], [71.85015999600012, 33.04988999700009], [71.90715499900017, 33.04444999800006], [71.96468001900001, 33.0966300450001], [72.0330200140001, 33.100360051000166], [72.06429002200014, 33.12315004300001], [72.09277001900017, 33.123180047], [72.09617001800018, 33.108070053000176], [72.1136000240001, 33.11583992100003], [72.17141989200007, 33.10325004200007], [72.19646001100006, 33.13166991500009], [72.1904237710001, 33.16479362700005], [72.23039989500018, 33.134510044000024], [72.27740002000013, 33.14518005000019], [72.29452989300017, 33.1287400440001], [72.35040002500011, 33.13978005500002], [72.37444002300003, 33.13030003500012], [72.44396001100012, 33.15056992299998], [72.48866001800013, 33.14991992500006], [72.51413002100014, 33.19643992900012], [72.53934001800013, 33.212550045000114], [72.57248001300007, 33.21099004300015], [72.58898002700016, 33.18916004600004], [72.63626990400007, 33.19018004900016], [72.6331369770001, 33.21521160600014], [72.64446976200014, 33.2201199270001], [72.65025740500005, 33.25326696800005], [72.66296457600009, 33.27449531500014], [72.68846226000016, 33.27627275700013], [72.67865988900013, 33.304269249000185], [72.72323542500004, 33.37645578700011], [72.75763001500019, 33.401850036999974], [72.7735626060001, 33.397403008000026], [72.77583002200015, 33.444919911000056], [72.86776002800008, 33.474580054], [72.88618002100014, 33.46171005300016], [72.92473963300006, 33.48704257000003], [72.90033002000001, 33.51799004700007], [72.85386731100016, 33.53316491600003], [72.84441820600006, 33.561243040000136], [72.81639779000011, 33.56794034200004], [72.82262460300012, 33.600529521000055], [72.79811436400007, 33.62461047600004], [72.81137924800004, 33.64180189500007], [72.74302317100006, 33.636441935000164], [72.74577666600004, 33.665439828000046], [72.73049964800009, 33.68974154200009], [72.75534000700003, 33.69689004400004], [72.75043670500008, 33.71601654], [72.73314989400018, 33.71009991700015], [72.72154002000019, 33.74564991200015], [72.71918901900011, 33.73398242700017], [72.69188003000016, 33.73530991400014], [72.7034994330001, 33.77811908700005], [72.68491901200008, 33.808209725000154], [72.73789030800015, 33.8240886800001], [72.72264931700005, 33.837280094], [72.73896896100013, 33.863012137000055], [72.78062805200011, 33.843211043], [72.79048496200016, 33.804140048000136], [72.81687283999997, 33.80322437300015], [72.81796264600013, 33.844509125000116], [72.83506774900007, 33.84193038900008], [72.83274078400018, 33.88729095499997], [72.7942276, 33.887058258000025], [72.77014923100006, 33.91527175900018], [72.78903961200012, 33.9201507570001], [72.78235626200012, 33.941791534], [72.76226806600016, 33.95365905800014], [72.72389221200012, 33.919689178], [72.73451995800019, 33.90628814700011], [72.70511627200005, 33.905689240000186], [72.70677948000014, 33.88050842300015], [72.64414215100015, 33.85750961300005], [72.63377380400016, 33.88021087600009], [72.60601043700007, 33.87712097200006], [72.62802887000015, 33.915409088000104], [72.65297699000007, 33.925121307000154], [72.63878631600011, 33.94110107400007], [72.55375671400014, 33.95547103900009], [72.54956817600015, 33.99824905400004], [72.44876861600017, 33.99147033700007]]]}}, {"type": "Feature", "properties": {"adm2_name": "Bahawalnagar", "adm2_name1": null, "adm2_name2": null, "adm2_name3": null, "adm2_pcode": "PK602", "adm1_name": "Punjab", "adm1_name1": null, "adm1_name2": null, "adm1_name3": null, "adm1_pcode": "PK6", "adm0_name": "Pakistan", "adm0_name1": null, "adm0_name2": null, "adm0_name3": null, "adm0_pcode": "PK", "valid_on": "2022-09-09", "valid_to": null, "area_sqkm": 8576.76320851, "version": "v01", "lang": "en", "lang1": null, "lang2": null, "lang3": null, "adm2_ref_name": "Bahawalnagar", "center_lat": 29.57719716, "center_lon": 72.9974034}, "geometry": {"type": "Polygon", "coordinates": [[[73.90916729900016, 30.31910555700017], [73.89995288400007, 30.339168278000102], [73.85102074900016, 30.299454512000068], [73.838340394, 30.31646765100004], [73.7816521900001, 30.321098233000043], [73.771339722, 30.284427824000034], [73.7318550120001, 30.266624752000098], [73.70842705300015, 30.275476285000025], [73.68426464700019, 30.267318343000056], [73.6646600150001, 30.281105176999972], [73.63560244000007, 30.254761284000153], [73.62550127200007, 30.27819116], [73.60092957900014, 30.265607983999985], [73.5733885800002, 30.271340620000046], [73.56593555100017, 30.254693781000128], [73.534718704, 30.26223781400006], [73.48121023200008, 30.20768791300003], [73.45526944500006, 30.220109931000025], [73.45843798900017, 30.181415242000014], [73.44546255100005, 30.17769902900011], [73.45279202000012, 30.15888991600019], [73.41501816000005, 30.173549787000184], [73.40771705300017, 30.14837016200005], [73.375973225, 30.14908706800003], [73.37865953700003, 30.071290546000114], [73.35185727900006, 30.10473421400019], [73.27356370100017, 30.1108267730001], [73.2311792640001, 30.09108877100016], [73.21804905800008, 30.066728302000115], [73.19095879700012, 30.07017808700016], [73.18531019300013, 30.04494144600011], [73.1593311490002, 30.078111802000137], [73.14840849900008, 30.05416835400007], [73.08189804700015, 30.022637978000148], [73.09955785400018, 30.002270216000113], [73.0267513030002, 30.041760694000175], [73.0162679440001, 30.032041686000184], [73.02774007600004, 29.998389477000103], [73.00554829600009, 29.982572252000125], [73.0177119390001, 29.964191630000073], [72.9464281400002, 29.96168856700018], [72.92165188500019, 29.99511956700013], [72.89408056600007, 30.00040022800016], [72.856216383, 29.954198696000105], [72.8644235700001, 29.925133835000054], [72.8465625680002, 29.935048661000053], [72.82310281500003, 29.97892725800017], [72.77944092900003, 29.9782512270001], [72.76210375900013, 29.959690552000154], [72.77223097600006, 29.937788966000028], [72.7578334050001, 29.92378040900013], [72.76352385900003, 29.89359340200008], [72.74346081300018, 29.897592246000045], [72.73154225700011, 29.92374212300018], [72.70766219100011, 29.922568642000158], [72.6920738300002, 29.909508836000157], [72.69434132000009, 29.892141638000055], [72.68467076399997, 29.906427350000058], [72.67782297400004, 29.900798467000186], [72.6888035520002, 29.880984464000107], [72.68180037000019, 29.85814739900013], [72.65386982000007, 29.873949545000016], [72.60220169000019, 29.84099005500019], [72.56430364500017, 29.83821136300014], [72.5565557760001, 29.77621825700004], [72.56814349100011, 29.73270100500008], [72.64341429100011, 29.684300579000023], [72.64378680000016, 29.650189246000025], [72.68136799600012, 29.640979902000083], [72.66699997100011, 29.595560976000172], [72.71089086900008, 29.578361735000044], [72.71976693400006, 29.56268657900017], [72.69910490200004, 29.542984013000137], [72.72579103800007, 29.52836211200008], [72.72586283600015, 29.46432810400006], [72.70331400500004, 29.45655696200015], [72.6982321860001, 29.437278770000034], [72.63603987700014, 29.40931162800007], [72.63773673600014, 29.35622800800013], [72.67095687400001, 29.322267620000105], [72.70875769200006, 29.337689243000057], [72.72359233700013, 29.300761104000173], [72.74282622300007, 29.311996598000064], [72.77249957900017, 29.30464975800004], [72.77703047900008, 29.318369480000115], [72.78855067400013, 29.303722162000042], [72.75481708300015, 29.287339147000125], [72.70756291400016, 29.291942762000076], [72.69255915500014, 29.2794673840001], [72.68530169400015, 29.249060753000037], [72.73609655000007, 29.24978859500004], [72.73962202400008, 29.227238869000132], [72.76765790200005, 29.22135792200004], [72.72467903200004, 29.209347457000035], [72.65939382800008, 29.208997738000164], [72.60913043800002, 29.242838979000055], [72.51648857000015, 29.240307498000107], [72.46163090000016, 29.20234937600003], [72.36753923700013, 29.198919668000087], [72.3350121200001, 29.23253817800014], [72.27368964200008, 29.21497865000015], [72.27828655200011, 29.203238086], [72.26492156000006, 29.191110328000036], [72.27815124500017, 29.18033896999998], [72.26407812100018, 29.160021387000143], [72.27870959400008, 29.144341800000177], [72.27050897700008, 29.124470854000037], [72.28355636200018, 29.11795700600004], [72.27555043100011, 29.094817174000184], [72.29685987800013, 29.089871135000124], [72.29943934000005, 29.061461949000034], [72.31096871900019, 29.058249631000137], [72.3159130040001, 29.07461029200016], [72.33547987500015, 29.079689534000124], [72.33750077300004, 29.105710510000165], [72.38388918300006, 29.060391132000177], [72.42120061700007, 28.998800295000024], [72.49000294000007, 28.81438702100013], [72.73019328400011, 28.950124212000162], [72.94441967400013, 29.03409713300016], [73.00093203800003, 29.150864249999984], [73.09660360800018, 29.255376108000064], [73.27481073200005, 29.556158747000097], [73.39652186300009, 29.93901200800019], [73.5782159900001, 30.010117397000045], [73.80390870900015, 30.069858245000148], [73.96525692800003, 30.19130402600007], [73.95667202500016, 30.27747719600012], [73.92426646400008, 30.329611736], [73.90916729900016, 30.31910555700017]]]}}, {"type": "Feature", "properties": {"adm2_name": "Bahawalpur", "adm2_name1": null, "adm2_name2": null, "adm2_name3": null, "adm2_pcode": "PK603", "adm1_name": "Punjab", "adm1_name1": null, "adm1_name2": null, "adm1_name3": null, "adm1_pcode": "PK6", "adm0_name": "Pakistan", "adm0_name1": null, "adm0_name2": null, "adm0_name3": null, "adm0_pcode": "PK", "valid_on": "2022-09-09", "valid_to": null, "area_sqkm": 23966.10591837, "version": "v01", "lang": "en", "lang1": null, "lang2": null, "lang3": null, "adm2_ref_name": "Bahawalpur", "center_lat": 28.8304431, "center_lon": 71.7666501}, "geometry": {"type": "Polygon", "coordinates": [[[72.42790010300018, 29.840724529000056], [72.3926395900001, 29.863458386], [72.37015773800016, 29.837540747000105], [72.33448890600016, 29.84355870100012], [72.30830686600012, 29.804291299000056], [72.29675147300014, 29.81500028700009], [72.27915978400006, 29.803861722000136], [72.24768021400007, 29.813158975000135], [72.22667622400019, 29.792630628000097], [72.22639035500009, 29.769325802000083], [72.20871867900001, 29.762592133000055], [72.24215350000003, 29.713619637000136], [72.21882078800019, 29.70333679700019], [72.19099622800013, 29.709153610000158], [72.17986416300005, 29.649832597000056], [72.15779051600003, 29.642218778000085], [72.16339931800007, 29.619527974000107], [72.12283151200012, 29.5932277], [72.06590997900014, 29.605840058000126], [72.07474337600013, 29.561305344], [72.06275083500003, 29.552189396000188], [72.0251559560001, 29.56489306800006], [72.02008444400008, 29.578483573000028], [72.00734327600014, 29.550561643000037], [71.99041564100008, 29.5465589100001], [71.96907904300002, 29.5495896], [71.96189935100017, 29.565698385000132], [71.94240819900006, 29.556410904000074], [71.91168438500011, 29.564510060000146], [71.94645513900008, 29.513975037000137], [71.9099123810002, 29.532202617000166], [71.90426087300011, 29.497130263000145], [71.89561732400006, 29.53871960800018], [71.87467978700005, 29.54557807000009], [71.87118255400014, 29.5160505450001], [71.8553786120001, 29.515649919000168], [71.84053027100015, 29.53772869800008], [71.81678886500009, 29.53317823100008], [71.78537268300005, 29.50218190800001], [71.73331827200008, 29.529978192000044], [71.71410701500008, 29.482842837000135], [71.69492164700006, 29.484879288000172], [71.6762218250002, 29.469337799000073], [71.63729930300008, 29.47546100400018], [71.61027181200018, 29.437071242000115], [71.58562694900007, 29.446635233000165], [71.56893961300011, 29.426579285000173], [71.54065139900007, 29.41880236000003], [71.54335310800019, 29.432700703000023], [71.51670338400004, 29.44885266800003], [71.50156151900012, 29.406893290000028], [71.47776016500006, 29.396739049000132], [71.47691173500004, 29.37232791100007], [71.43273076100002, 29.41836174600013], [71.39194238900012, 29.411292489000118], [71.3776089480001, 29.38775630200007], [71.35958175700006, 29.42203780900013], [71.33005857900014, 29.43136992700005], [71.31504023800017, 29.4150776730001], [71.33461875600005, 29.44945955700007], [71.32996356100011, 29.466249604000097], [71.29810167600004, 29.440270710000163], [71.2368231640001, 29.44669410900002], [71.2240512240001, 29.482378068000173], [71.16207943900008, 29.468967782999982], [71.13527172700014, 29.45099813700017], [71.12712356900005, 29.47344922700006], [71.12019542200017, 29.44724368100003], [71.10494999100007, 29.450830898000106], [71.08971576800013, 29.429429417999984], [71.05862698600004, 29.440411452000035], [71.03608024600004, 29.41534624900015], [71.03203792600004, 29.380441807000125], [70.98921102700012, 29.35772164300016], [70.97159795300013, 29.362361991000057], [70.95955846600003, 29.346405369000024], [70.93519797200008, 29.34763074800003], [70.92084253100006, 29.332601749000105], [70.91474081800015, 29.316698256000052], [70.9500502460001, 29.300228130000164], [70.95857620100003, 29.276051256000073], [70.91088351100012, 29.281760060000124], [70.9209597360001, 29.26068113200006], [70.91544172100015, 29.22072993300003], [70.88646849800017, 29.176709133000145], [70.91708110500008, 29.181649354000058], [70.95018003600018, 29.1067111910001], [70.99162137000013, 29.079166652000026], [71.02870096100008, 29.13743988900012], [71.064062019, 29.15111969999998], [71.08241722200006, 29.143340484000078], [71.07283021000012, 29.129550379000136], [71.08742762800017, 29.06791250400005], [71.06049205900007, 29.047067353000045], [71.0640405170002, 29.024997923000114], [71.0409570130002, 29.000842980000186], [71.06122295700015, 28.982609483000147], [71.05190139400008, 28.96454127500016], [71.0615894390001, 28.934627415000023], [71.04362744700018, 28.918020208000087], [71.06018034300018, 28.890609894000193], [71.05690002000011, 28.861492054000053], [70.97875995200019, 28.68028221200018], [70.94846687799998, 28.511800450000067], [70.97054146599999, 28.377421189000188], [70.9746304910002, 28.23446875200017], [70.99188103000012, 28.177678053000193], [71.0303069850001, 28.118490066000106], [71.06132255100005, 28.01570067200015], [71.10580057600015, 27.793128533000186], [71.24406544000016, 27.849410038000144], [71.67488217800013, 27.885524254000075], [71.89957285000014, 27.96419627600011], [71.92227274700008, 28.11396713800019], [71.99202589999999, 28.203558553000164], [72.18442659900006, 28.358004946000108], [72.30195660100003, 28.664815352000176], [72.39618753000002, 28.77465102900004], [72.49000294000007, 28.81438702100013], [72.42120061700007, 28.998800295000024], [72.38388918300006, 29.060391132000177], [72.33750077300004, 29.105710510000165], [72.33547987500015, 29.079689534000124], [72.3159130040001, 29.07461029200016], [72.31096871900019, 29.058249631000137], [72.29943934000005, 29.061461949000034], [72.29685987800013, 29.089871135000124], [72.27555043100011, 29.094817174000184], [72.28355636200018, 29.11795700600004], [72.27050897700008, 29.124470854000037], [72.27870959400008, 29.144341800000177], [72.26407812100018, 29.160021387000143], [72.27815124500017, 29.18033896999998], [72.26492156000006, 29.191110328000036], [72.27828655200011, 29.203238086], [72.27368964200008, 29.21497865000015], [72.3350121200001, 29.23253817800014], [72.36753923700013, 29.198919668000087], [72.46163090000016, 29.20234937600003], [72.51648857000015, 29.240307498000107], [72.60913043800002, 29.242838979000055], [72.63397109500005, 29.220588406000104], [72.68514126700012, 29.204811589000087], [72.70376794200001, 29.216457688000105], [72.72224524100005, 29.208955379000088], [72.76747066799999, 29.21964729300015], [72.73962202400008, 29.227238869000132], [72.73609655000007, 29.24978859500004], [72.7130474600001, 29.243019568000136], [72.70659679100004, 29.2546874520001], [72.69618499800004, 29.245989625000107], [72.68434485300014, 29.254169751000177], [72.70512574900005, 29.290828649000048], [72.75848194900016, 29.28833798500017], [72.78647206000011, 29.298571783000114], [72.78217058900009, 29.317142511000156], [72.77249957900017, 29.30464975800004], [72.74282622300007, 29.311996598000064], [72.72359233700013, 29.300761104000173], [72.70875769200006, 29.337689243000057], [72.67095687400001, 29.322267620000105], [72.63500989400012, 29.36282867400007], [72.63603987700014, 29.40931162800007], [72.6982321860001, 29.437278770000034], [72.70331400500004, 29.45655696200015], [72.72631594800015, 29.46601059400018], [72.72579103800007, 29.52836211200008], [72.69886965600011, 29.54408620200013], [72.71938913300016, 29.565407823999976], [72.69604197900003, 29.591348597000092], [72.66699997100011, 29.595560976000172], [72.68201364600003, 29.64002855600006], [72.64378680000016, 29.650189246000025], [72.64341429100011, 29.684300579000023], [72.56814349100011, 29.73270100500008], [72.5565557760001, 29.77621825700004], [72.56252081500008, 29.80865881], [72.54180954800017, 29.81036779700014], [72.51283133400005, 29.84338876200013], [72.49219641400015, 29.81711041800014], [72.48754940800006, 29.83385613300004], [72.45609706500017, 29.824728475000143], [72.46060091200019, 29.851018457], [72.42790010300018, 29.840724529000056]]]}}, {"type": "Feature", "properties": {"adm2_name": "Bhakkar", "adm2_name1": null, "adm2_name2": null, "adm2_name3": null, "adm2_pcode": "PK604", "adm1_name": "Punjab", "adm1_name1": null, "adm1_name2": null, "adm1_name3": null, "adm1_pcode": "PK6", "adm0_name": "Pakistan", "adm0_name1": null, "adm0_name2": null, "adm0_name3": null, "adm0_pcode": "PK", "valid_on": "2022-09-09", "valid_to": null, "area_sqkm": 8473.12635262, "version": "v01", "lang": "en", "lang1": null, "lang2": null, "lang3": null, "adm2_ref_name": "Bhakkar", "center_lat": 31.68112012, "center_lon": 71.33790158}, "geometry": {"type": "Polygon", "coordinates": [[[71.6429985490002, 32.19446247800005], [71.51574989500006, 32.221369173000085], [71.46312214300019, 32.19416866800003], [71.34413939799998, 32.20640867000009], [71.3114031450001, 32.17113341900006], [71.24211313600011, 32.202351169], [71.23436776400013, 32.173976050000135], [71.22773939400008, 32.16786904300017], [71.23123989100009, 32.17740193100019], [71.17430786200015, 32.20496763900013], [71.14657592800012, 32.16020965600012], [71.11450958299997, 32.16371154800015], [71.10239410400004, 32.13320541400009], [71.11359405500008, 32.10797500600006], [71.08840942400008, 32.039474487000064], [71.06320953400012, 32.03002929700017], [71.07214355500008, 31.998908997000058], [71.06228637700019, 31.88302803], [71.03546142600015, 31.86792755099998], [71.00073242200011, 31.779909134000093], [70.98235321000016, 31.775148392], [70.93864440900006, 31.720689774], [70.93193054200009, 31.696624756000176], [70.94289398200004, 31.686241150000058], [70.90770721400014, 31.68209266700012], [70.88719940200008, 31.65055084200003], [70.88327026400003, 31.612384796000185], [70.89940643300014, 31.587926865000043], [70.86936187700007, 31.547248840000123], [70.90220642100019, 31.51839256300019], [70.86930084200009, 31.51249694800009], [70.87989044199998, 31.490386963000105], [70.89738464400011, 31.484104156000114], [70.8843765260001, 31.448474884000177], [70.8935470580002, 31.44038391100014], [70.84248352100013, 31.42483139000018], [70.84296417200005, 31.398696899000072], [70.82701110800008, 31.39283371000016], [70.83540580400012, 31.383013354000127], [70.86834402500006, 31.374038541000175], [70.89311664600012, 31.40552442400019], [70.91609314400011, 31.41138691400016], [70.93196001700016, 31.410440981000136], [70.93503179600003, 31.37827975000016], [71.03645239300016, 31.384905551000145], [71.10443464400015, 31.37928703800003], [71.1381450180001, 31.361870173], [71.19667134900016, 31.363479608000034], [71.19347691500019, 31.31129039500013], [71.25625547600015, 31.231174434000025], [71.28261598400002, 31.23663677600007], [71.29907114300005, 31.157560194000098], [71.32281247800006, 31.140448833000164], [71.45195004800013, 31.154989641000157], [71.48127373900019, 31.183508983000138], [71.4998096430001, 31.228270767000026], [71.53399511600009, 31.241945566000027], [71.60736924500009, 31.23256158900017], [71.68630883100008, 31.17552526100019], [71.75146243300003, 31.176848813000106], [71.76425990700005, 31.157178685000076], [71.79051602600009, 31.184238881000113], [71.80303978600017, 31.231850813000165], [71.87158984000007, 31.263728622000087], [72.00178464900017, 31.25498267100005], [72.02390139100015, 31.33119102800009], [72.0060803180001, 31.48096044300013], [71.97846993400015, 31.493879681000067], [71.98891423700002, 31.53141884400003], [71.93693772200015, 31.55552053000008], [71.91394022100008, 31.59491176000006], [71.8597582450002, 31.614848615000028], [71.75958763900013, 31.68785932300011], [71.74912337100011, 31.753142642000057], [71.71543943600011, 31.81227249300008], [71.62407842900006, 31.84802125400006], [71.64466929500009, 31.88009132900015], [71.68608337600017, 31.898129125000082], [71.72071920200017, 31.960879211000133], [71.71198131000017, 31.989578192000124], [71.76932264200013, 32.04696823300014], [71.77864920200017, 32.135332028000164], [71.75139197700008, 32.17740557600007], [71.73064259900013, 32.18210920000001], [71.72838128000018, 32.198792223000055], [71.6429985490002, 32.19446247800005]]]}}, {"type": "Feature", "properties": {"adm2_name": "Chakwal", "adm2_name1": null, "adm2_name2": null, "adm2_name3": null, "adm2_pcode": "PK605", "adm1_name": "Punjab", "adm1_name1": null, "adm1_name2": null, "adm1_name3": null, "adm1_pcode": "PK6", "adm0_name": "Pakistan", "adm0_name1": null, "adm0_name2": null, "adm0_name3": null, "adm0_pcode": "PK", "valid_on": "2022-09-09", "valid_to": null, "area_sqkm": 6487.50656477, "version": "v01", "lang": "en", "lang1": null, "lang2": null, "lang3": null, "adm2_ref_name": "Chakwal", "center_lat": 32.87374483, "center_lon": 72.53323807}, "geometry": {"type": "Polygon", "coordinates": [[[72.55571002300002, 33.21424004500011], [72.51766770400019, 33.19940830200011], [72.49996977000012, 33.15810017200016], [72.47086001900004, 33.14316004300008], [72.451760024, 33.151479916000085], [72.37444002300003, 33.13030003500012], [72.35040002500011, 33.13978005500002], [72.29452989300017, 33.1287400440001], [72.27740002000013, 33.14518005000019], [72.23039989500018, 33.134510044000024], [72.1904237710001, 33.16479362700005], [72.19646001100006, 33.13166991500009], [72.17404646600016, 33.10419231000009], [72.1136000240001, 33.11583992100003], [72.09617001800018, 33.108070053000176], [72.09277001900017, 33.123180047], [72.05942000900018, 33.12214004500015], [72.0330200140001, 33.100360051000166], [71.96468001900001, 33.0966300450001], [71.90715499900017, 33.04444999800006], [71.85015999600012, 33.04988999700009], [71.84643000200009, 33.03392], [71.80600000100003, 33.00724999500005], [71.87825006800011, 32.98309856100019], [71.9146890630002, 32.860597874000064], [71.97970291800004, 32.82506967400013], [71.97406982100017, 32.804566262000094], [71.8915313930001, 32.75390294500011], [71.89279088300003, 32.702330798000105], [71.91548096900016, 32.685416115000066], [71.9108629000001, 32.665688802000034], [71.8905922460001, 32.657310265000035], [71.92409758800017, 32.613821491000124], [71.92263899099999, 32.58468364000004], [71.93854391900004, 32.568945006000035], [71.93415910500016, 32.54203900300007], [71.95063090900004, 32.53388442800008], [71.95711272900007, 32.55240887100007], [71.98300533200006, 32.557844010999986], [71.98624704700018, 32.58052033900009], [72.13900916900008, 32.645219390000136], [72.15507754700013, 32.66666905800014], [72.15254106900005, 32.718122214000175], [72.16451126500016, 32.703417482000134], [72.34091976200006, 32.694750895000084], [72.38745059400014, 32.65629284400012], [72.39001733200007, 32.62814852000008], [72.4103220610001, 32.629427551000106], [72.41551986800016, 32.61571062799999], [72.53757964600015, 32.694911642000136], [72.53514523900009, 32.663197878000176], [72.56897868900012, 32.660523157000114], [72.56510082200015, 32.63836146500017], [72.57793655000012, 32.619204339000134], [72.60382021900006, 32.59923987100012], [72.64745032500014, 32.5933883780001], [72.74276867800006, 32.619642042000066], [72.73381022000007, 32.68328049700011], [72.760048966, 32.69554071600015], [72.77809947500003, 32.6941016400001], [72.80659243600007, 32.66256162500002], [72.83300156400009, 32.66558443800011], [72.87373774300005, 32.63974083700009], [72.87736792800013, 32.65672844100004], [72.98650142400015, 32.66543090100009], [72.99540574800005, 32.69118268200015], [73.02390122700012, 32.70923987600014], [73.03469044000008, 32.690011901], [73.08477892700012, 32.669721782000124], [73.09117299500014, 32.698540301000094], [73.13391938900008, 32.70951232800013], [73.13970109700011, 32.72502218300008], [73.15784120600011, 32.726482151000084], [73.157431229, 32.739451203000044], [73.21501162900006, 32.72970994100018], [73.24769502600003, 32.75985279500003], [73.2204708930002, 32.82113504199998], [73.12210722400005, 32.82358578300017], [73.11527177000005, 32.83278642700009], [73.15190665000006, 32.868301169000176], [73.15464067400012, 32.9053496090001], [73.20512063300004, 32.94560229900014], [73.21464752000003, 32.98492879100007], [73.19384577000017, 33.003578552000135], [73.18497051399999, 33.03636204700007], [73.20582291500006, 33.09790016200009], [73.13387776700006, 33.09632661300003], [73.11740494900005, 33.074076295000054], [73.10344408800017, 33.08542473600011], [73.10372453200011, 33.10594815400003], [73.08594729700013, 33.105254885000136], [73.06962793600019, 33.0788215070001], [73.02919035900004, 33.06488017600003], [73.01103593100004, 33.10772266500004], [72.94936303000003, 33.11479015500004], [72.92540064800016, 33.169392426000115], [72.83003085000013, 33.16553145300014], [72.82767001600018, 33.15681005100009], [72.76791001700002, 33.18940004799998], [72.72305002100018, 33.19303004300008], [72.71007328900009, 33.212686695], [72.6620341690001, 33.212495884000134], [72.62263989400014, 33.188250041000174], [72.58898002700016, 33.18916004600004], [72.57702989400002, 33.20839005000005], [72.55571002300002, 33.21424004500011]]]}}, {"type": "Feature", "properties": {"adm2_name": "Chiniot", "adm2_name1": null, "adm2_name2": null, "adm2_name3": null, "adm2_pcode": "PK606", "adm1_name": "Punjab", "adm1_name1": null, "adm1_name2": null, "adm1_name3": null, "adm1_pcode": "PK6", "adm0_name": "Pakistan", "adm0_name1": null, "adm0_name2": null, "adm0_name3": null, "adm0_pcode": "PK", "valid_on": "2022-09-09", "valid_to": null, "area_sqkm": 2602.01927523, "version": "v01", "lang": "en", "lang1": null, "lang2": null, "lang3": null, "adm2_ref_name": "Chiniot", "center_lat": 31.66979543, "center_lon": 72.79243}, "geometry": {"type": "Polygon", "coordinates": [[[72.97376456800004, 31.957296423000173], [72.94500913100012, 31.976119245000064], [72.94109391000006, 31.945379296000112], [72.96294202799999, 31.926068638000174], [72.93874754500018, 31.937849343000096], [72.92139218700004, 31.920071303000157], [72.89306521400005, 31.920361333000187], [72.92587857300015, 31.88840584800016], [72.94223012500004, 31.894718157000113], [72.97508120900017, 31.881059848000064], [72.98504068300014, 31.868063813000106], [72.97388730300014, 31.859432089000165], [72.98051740900019, 31.841299574000118], [72.95876157100008, 31.83547798800015], [72.94954237300004, 31.851497471000187], [72.90877891800011, 31.84238941000001], [72.88668241100015, 31.87301276], [72.85420413800006, 31.857850881000047], [72.84665885300006, 31.82627954600008], [72.81279065400008, 31.841724172000056], [72.78071797600006, 31.83397053800013], [72.73683965700019, 31.80078851000019], [72.71563948100004, 31.805861039000035], [72.6788881220001, 31.777918720000116], [72.562615434, 31.76331005200018], [72.55040871500017, 31.731259218000048], [72.51865694600014, 31.727179314000125], [72.51988992400004, 31.70431070800015], [72.50150546700007, 31.70071877000015], [72.50541344600003, 31.687350638], [72.43451230500017, 31.66267106000015], [72.43603758700004, 31.603421046000165], [72.46087323500007, 31.57917322300017], [72.45902433600014, 31.54049080900006], [72.48380600700006, 31.538701209000124], [72.56966200600004, 31.45310203400004], [72.5945808130001, 31.47184188199998], [72.61947244900017, 31.463946285000134], [72.62265002300018, 31.413132785000073], [72.65833142300016, 31.399831859000187], [72.67892228900018, 31.372761364000098], [72.72032964900018, 31.36445025200004], [72.74105036900005, 31.378499066000188], [72.81171122400013, 31.37541865900016], [72.88422198000006, 31.492698407000034], [72.94334207200012, 31.53587268400014], [73.05366259099998, 31.588601057000062], [73.09328232500008, 31.62902259600014], [73.13690577300008, 31.70913004200014], [73.22999508000015, 31.787031797000168], [73.20556511300003, 31.824686545000134], [73.15449514400018, 31.853473703000077], [73.16693901000019, 31.89129810300011], [73.15745890200009, 31.91263541800015], [73.1124372650001, 31.930079279000097], [73.05302215400002, 31.932149015000107], [72.99579261900016, 31.96568887400008], [72.97376456800004, 31.957296423000173]]]}}, {"type": "Feature", "properties": {"adm2_name": "Dera Ghazi Khan", "adm2_name1": null, "adm2_name2": null, "adm2_name3": null, "adm2_pcode": "PK607", "adm1_name": "Punjab", "adm1_name1": null, "adm1_name2": null, "adm1_name3": null, "adm1_pcode": "PK6", "adm0_name": "Pakistan", "adm0_name1": null, "adm0_name2": null, "adm0_name3": null, "adm0_pcode": "PK", "valid_on": "2022-09-09", "valid_to": null, "area_sqkm": 11765.67844416, "version": "v01", "lang": "en", "lang1": null, "lang2": null, "lang3": null, "adm2_ref_name": "Dera Ghazi Khan", "center_lat": 30.48032384, "center_lon": 70.4100883}, "geometry": {"type": "Polygon", "coordinates": [[[70.60768890399999, 31.320035934000146], [70.54492775900002, 31.335665006000113], [70.52481079100016, 31.306089401], [70.45021820100015, 31.294050217000063], [70.40454101600005, 31.199834824000106], [70.2875137330002, 31.165496826000094], [70.29438018800016, 31.09523582500003], [70.2683715820001, 31.03384590100012], [70.25255584700005, 30.882833481000034], [70.26971435500008, 30.852766037000038], [70.2267990110002, 30.843111038000075], [70.20980835000012, 30.781408310000188], [70.16819000200002, 30.774669647000167], [70.15615844700011, 30.73727226300008], [70.10880279499997, 30.737806320000175], [70.0887222290001, 30.69749641400017], [70.0948257450001, 30.628730774000132], [70.08563232400019, 30.592920303000085], [70.03894043000008, 30.495489120000116], [70.00194549600013, 30.456573486000025], [69.99344635000017, 30.381175995000092], [69.95912170400015, 30.304552078000143], [69.96308136000005, 30.293035507000184], [69.984092712, 30.299917221000044], [69.97132110600006, 30.262559891000137], [69.97805786100014, 30.251033783000025], [70.01242065400015, 30.27738952600015], [70.05992126500013, 30.275060654000185], [70.07620239300019, 30.262418747000027], [70.04763031000005, 30.226694107000185], [70.02075958300009, 30.219312668000043], [70.01506042500017, 30.189910889000146], [69.99900054900007, 30.182481765999967], [69.97966003400006, 30.076745987000038], [69.94069671600016, 30.035957336000138], [69.87768262800012, 29.89878983300008], [69.90815868200019, 29.861638581000136], [70.08761299200012, 29.815479661000097], [70.17082899000008, 29.749093448000053], [70.35366911199998, 29.73073982200009], [70.39287790600014, 29.69394153100012], [70.39563301700014, 29.667050721000066], [70.42793137700016, 29.641389948999972], [70.42697096799998, 29.61867983400009], [70.47627130000006, 29.630661478000036], [70.5356989780002, 29.667909830000042], [70.57332306800015, 29.730289749000065], [70.57792832800016, 29.77373849700001], [70.61076178400009, 29.80412928800007], [70.66095867500019, 29.802847519000125], [70.68659106000013, 29.785057603000098], [70.6853404220002, 29.743608808000147], [70.70289307000019, 29.72964145400016], [70.69889916800008, 29.714011031000155], [70.72181888900013, 29.666316977000122], [70.73583985300013, 29.692519297000047], [70.72416844200012, 29.71084013700016], [70.74266027100009, 29.71830972300006], [70.83988595600005, 29.835911371000066], [70.85515139100005, 29.891808542000035], [70.83044424299999, 29.9117842820001], [70.8549020960001, 29.93655795300009], [70.88536914900004, 29.940227965000133], [70.86196985400017, 29.965877992000117], [70.87830177500007, 29.972319345000074], [70.86362729100006, 30.047211323000056], [70.88589739400015, 30.054951330000165], [70.84973073400016, 30.121761638000066], [70.83963007400001, 30.203351009000187], [70.80064197000019, 30.250567247000163], [70.82602840100003, 30.26520176300005], [70.81912116700016, 30.319860252000183], [70.83309366100019, 30.39661602200016], [70.82096616900003, 30.45089282600003], [70.79922103600006, 30.457194698000137], [70.79344089200015, 30.482598697000185], [70.80441143200017, 30.51391112400006], [70.79205162000017, 30.554960146999974], [70.81488900600004, 30.577069187000177], [70.80099580900009, 30.595159073000048], [70.81342165300003, 30.6149520190001], [70.79548823700003, 30.637801084000102], [70.79477846800017, 30.75420096800002], [70.78299968700003, 30.769963810000093], [70.74143110700015, 30.7778827410001], [70.74521819800009, 30.828098279000187], [70.73304881400003, 30.838661574000184], [70.76989245700014, 30.844428720000053], [70.78881918600001, 30.878268666000054], [70.76442860300017, 30.884989415000064], [70.75673600700014, 30.913253024000085], [70.7933325520001, 30.946912358000134], [70.79165825900003, 30.974428158000023], [70.76028222100007, 30.97653196900012], [70.7809599040001, 31.005869510000025], [70.77993007100002, 31.108903494000174], [70.79546447300015, 31.10386232000019], [70.77504927200005, 31.20243941200016], [70.79395888600004, 31.28197067100018], [70.76283477599998, 31.284664163000116], [70.77474212700014, 31.305744934000018], [70.74502563500005, 31.31687545800014], [70.73399353000019, 31.33619689900013], [70.70475006100008, 31.337978363000104], [70.67509460400015, 31.316049576000182], [70.60768890399999, 31.320035934000146]]]}}, {"type": "Feature", "properties": {"adm2_name": "Faisalabad", "adm2_name1": null, "adm2_name2": null, "adm2_name3": null, "adm2_pcode": "PK608", "adm1_name": "Punjab", "adm1_name1": null, "adm1_name2": null, "adm1_name3": null, "adm1_pcode": "PK6", "adm0_name": "Pakistan", "adm0_name1": null, "adm0_name2": null, "adm0_name3": null, "adm0_pcode": "PK", "valid_on": "2022-09-09", "valid_to": null, "area_sqkm": 5947.43182328, "version": "v01", "lang": "en", "lang1": null, "lang2": null, "lang3": null, "adm2_ref_name": "Faisalabad", "center_lat": 31.2310601, "center_lon": 73.19763368}, "geometry": {"type": "Polygon", "coordinates": [[[73.24841316400011, 31.76168877000015], [73.22999508000015, 31.787031797000168], [73.21162588800013, 31.775790043000086], [73.134145897, 31.705930042000034], [73.09328232500008, 31.62902259600014], [73.05366259099998, 31.588601057000062], [72.94334207200012, 31.53587268400014], [72.88422198000006, 31.492698407000034], [72.81305848500011, 31.379088747000026], [72.80486493500007, 31.33180499600013], [72.85112409200013, 31.289688086000183], [72.8546424000001, 31.271770259000107], [72.81673216200005, 31.220800286000042], [72.77443890300003, 31.19858029200003], [72.78400701200007, 31.159949214000108], [72.77508267000013, 31.114211040000043], [72.74017502000004, 31.091155042000025], [72.7680203880002, 31.071612629000185], [72.79850885300016, 31.085111788], [72.81725688400013, 31.067249386000185], [72.81823273900017, 31.03497447700005], [72.80052381900003, 31.027353365000124], [72.79537982800014, 30.990470400000106], [72.77241429800011, 30.974084422000033], [72.7689413010001, 30.94431691000011], [72.73472993300004, 30.935790024000028], [72.7265826380002, 30.90821039600013], [72.70206226500005, 30.88626051200015], [72.71577227800009, 30.866528800000026], [72.77296013600017, 30.839754946000028], [72.75977679200008, 30.820810872000038], [72.77183168500017, 30.80174949900004], [72.73260367400007, 30.77210081400011], [72.73412772200004, 30.745511616000158], [72.76260503600014, 30.737763954], [72.78288493900004, 30.73971026200013], [72.78812694300018, 30.752511382000023], [72.81643601899998, 30.748340668000083], [72.84717389500003, 30.716619922000064], [72.79627404800004, 30.715400507000027], [72.77971825500003, 30.700128345000053], [72.783427609, 30.680160773000125], [72.81126051500007, 30.68071995500003], [72.82530988600013, 30.69667117900019], [72.84208864600004, 30.68147962000012], [72.8527084640001, 30.702352175000044], [72.86102154700006, 30.689051308000046], [72.91375487000005, 30.676028466000105], [72.93792817700006, 30.721645363000164], [72.9198812410001, 30.730158835000054], [72.92066772600003, 30.74201396800015], [72.93835818400004, 30.741781646999982], [72.9856885910001, 30.785514593000016], [72.98608700000011, 30.763171093000153], [73.0030331910001, 30.762279717000126], [73.00273949000001, 30.80173057999997], [73.01876151400018, 30.801494463000097], [73.01523819400018, 30.771910001000094], [73.05452947400005, 30.808701080000105], [73.0718683500001, 30.796244349000176], [73.09148204700017, 30.800829492000048], [73.09554837400009, 30.815443096000024], [73.11567876300006, 30.811728844000186], [73.14017856200007, 30.831209071000046], [73.12601721500016, 30.859275916000115], [73.13310872699998, 30.870107987000154], [73.15941832000004, 30.867510622000054], [73.15917985100009, 30.846929734000184], [73.17816969600005, 30.844142435000037], [73.19024336500007, 30.866470128000117], [73.17404969600005, 30.86773842800011], [73.18633136400018, 30.879938131000074], [73.17339937300017, 30.898682366000116], [73.19692116300018, 30.901701461000073], [73.19023073300013, 30.922802026000056], [73.22552246400011, 30.909307745999968], [73.2377220090001, 30.930130812000186], [73.28815718700008, 30.953009377], [73.31067830100011, 30.989021624000088], [73.33338873500014, 30.98041502700005], [73.37603880900014, 31.004078023000034], [73.38304049400006, 30.992220044000078], [73.397901731, 30.99568781400012], [73.38964922800011, 31.03159073300003], [73.39878977800004, 31.08931735100009], [73.44075664800016, 31.115619169000126], [73.43280714400004, 31.134743660000026], [73.45172942500005, 31.168720144000133], [73.547926282, 31.20331993399998], [73.57021166500016, 31.235678883000162], [73.58502263200018, 31.23439222000019], [73.58716399600007, 31.248324167000135], [73.64546514000006, 31.281369260000076], [73.6716632890001, 31.33196899100011], [73.66155896500004, 31.36079154100014], [73.68043253900004, 31.39082074900017], [73.65909295199998, 31.45568426300008], [73.60179945200008, 31.443529650000073], [73.5779283280001, 31.451972452000177], [73.5313017110002, 31.42338974000012], [73.5095812690002, 31.42855133600017], [73.4617999620001, 31.474481558000093], [73.48561104200007, 31.494696656000087], [73.48565595300016, 31.537524992000044], [73.45057394600013, 31.56725487300008], [73.45576239300016, 31.61968117500004], [73.37429084200016, 31.6592821590001], [73.38439031500013, 31.670230780000168], [73.37032782199998, 31.674810076000142], [73.36338016200017, 31.72150015500017], [73.32649703200002, 31.717696111], [73.28958448400016, 31.73893696900018], [73.29195099200018, 31.76530578000012], [73.24841316400011, 31.76168877000015]]]}}, {"type": "Feature", "properties": {"adm2_name": "Gujranwala", "adm2_name1": null, "adm2_name2": null, "adm2_name3": null, "adm2_pcode": "PK609", "adm1_name": "Punjab", "adm1_name1": null, "adm1_name2": null, "adm1_name3": null, "adm1_pcode": "PK6", "adm0_name": "Pakistan", "adm0_name1": null, "adm0_name2": null, "adm0_name3": null, "adm0_pcode": "PK", "valid_on": "2022-09-09", "valid_to": null, "area_sqkm": 3619.8328547, "version": "v01", "lang": "en", "lang1": null, "lang2": null, "lang3": null, "adm2_ref_name": "Gujranwala", "center_lat": 32.18838648, "center_lon": 74.05372074}, "geometry": {"type": "Polygon", "coordinates": [[[74.19639751800008, 32.52184504000013], [74.20795239699999, 32.556257541000036], [74.18470014000019, 32.54002980900009], [74.1684148920001, 32.546300054000085], [74.16750202200006, 32.53291505400017], [74.11280912199999, 32.495278788000064], [74.07606874400017, 32.483841026000164], [74.07521904300012, 32.468983276000074], [74.057803364, 32.484228108000025], [74.00164898300011, 32.428468421000105], [73.97238080600005, 32.4154291000001], [73.83913092800009, 32.390424479000046], [73.80343704500018, 32.37044803400016], [73.78679125700012, 32.37365410900014], [73.77222488900014, 32.35657004900003], [73.76768247400008, 32.36833097800013], [73.76338256300005, 32.343897497000114], [73.73674882, 32.36366138300008], [73.67641916200006, 32.344105026000136], [73.68448427300007, 32.29767479700013], [73.73221294600006, 32.224019073000136], [73.72746139700013, 32.20801274300004], [73.80568177300012, 32.14033909800003], [73.7938695220002, 32.07261831100004], [73.8290237060001, 32.052967491], [73.81850454200014, 32.040465035000125], [73.82414124200005, 32.01712020300016], [73.80352892700017, 31.98939163700004], [73.83078884400015, 31.957761858000026], [73.88268180400013, 31.949357137000163], [73.87587754200007, 31.92967035099997], [73.84823210299999, 31.912271989000033], [73.88199192600007, 31.876289218000068], [73.87805502200013, 31.851340038000046], [73.89611191500018, 31.842583020000063], [73.94449238300012, 31.835510238000154], [73.97583886100011, 31.85495190400013], [73.98222753300007, 31.831410644000073], [74.0377198700001, 31.841000776000044], [74.07534250500004, 31.82091988500008], [74.13086722500015, 31.820869467000193], [74.15979884900014, 31.837841495000077], [74.16432089700004, 31.85343182800011], [74.18920075500012, 31.853939550000177], [74.2080391130001, 31.88648114100016], [74.29772975300006, 31.883228218000056], [74.31590552500006, 31.897952039000188], [74.35391119000002, 31.886959497000134], [74.43998851200018, 31.963530518000027], [74.46928203400006, 31.970078778000016], [74.47549220100012, 32.001138412000046], [74.51585007800003, 32.00581877900015], [74.55880115400004, 32.04472101900018], [74.50560875000019, 32.08586062800015], [74.51482005800011, 32.103630060000114], [74.48436039100005, 32.131318554000075], [74.48874003100002, 32.150300064000135], [74.44337719600009, 32.16822754200007], [74.37691660700006, 32.16639655600005], [74.36817168300018, 32.18861196500012], [74.3291611890001, 32.20694885300014], [74.32164883200016, 32.24765009600003], [74.26280988600007, 32.258919340000034], [74.23571883100004, 32.28888853500018], [74.24335510900005, 32.312830119000125], [74.21862138000017, 32.35688482500018], [74.2230653250001, 32.38515035500012], [74.20220093300003, 32.403339715000186], [74.21023780900009, 32.41545936000011], [74.19747081600008, 32.456900795000024], [74.20839346600019, 32.50053014200006], [74.19639751800008, 32.52184504000013]]]}}, {"type": "Feature", "properties": {"adm2_name": "Gujrat", "adm2_name1": null, "adm2_name2": null, "adm2_name3": null, "adm2_pcode": "PK610", "adm1_name": "Punjab", "adm1_name1": null, "adm1_name2": null, "adm1_name3": null, "adm1_pcode": "PK6", "adm0_name": "Pakistan", "adm0_name1": null, "adm0_name2": null, "adm0_name3": null, "adm0_pcode": "PK", "valid_on": "2022-09-09", "valid_to": null, "area_sqkm": 3168.33130693, "version": "v01", "lang": "en", "lang1": null, "lang2": null, "lang3": null, "adm2_ref_name": "Gujrat", "center_lat": 32.71804504, "center_lon": 74.03785233}, "geometry": {"type": "Polygon", "coordinates": [[[74.32110860900013, 32.81689297600019], [74.00277576800016, 32.95166126700019], [73.94220014500019, 33.02193501500011], [73.89109672800004, 33.03749719700005], [73.80581740900016, 33.00888740300019], [73.75611733300002, 32.9456944690001], [73.6526709200001, 32.864961785000105], [73.59027658800005, 32.74746151900007], [73.63047015100005, 32.696140167000124], [73.66340319400013, 32.692171524000116], [73.67464062300007, 32.64425875800009], [73.7275092160001, 32.617138979000174], [73.73639840600015, 32.588269158], [73.79654020800001, 32.56741021400006], [73.78868933700016, 32.50496839500005], [73.88379829700006, 32.44172717500004], [73.8857586690001, 32.40732086100007], [73.89708096800013, 32.39832329700005], [73.99634776800013, 32.42472046700016], [74.03497122400006, 32.469186043000036], [74.057803364, 32.484228108000025], [74.07521904300012, 32.468983276000074], [74.07606874400017, 32.483841026000164], [74.11280912199999, 32.495278788000064], [74.16750202200006, 32.53291505400017], [74.1684148920001, 32.546300054000085], [74.18470014000019, 32.54002980900009], [74.27995269600007, 32.59120842200002], [74.33621990700004, 32.59193903300019], [74.44904625400017, 32.66744309000006], [74.46490240100019, 32.70295859700008], [74.43947631400005, 32.71088764600006], [74.46088205400014, 32.720762100000115], [74.43783848800007, 32.73223370400018], [74.44771339300013, 32.7472246800001], [74.42939885400006, 32.759679239000036], [74.45326139700012, 32.776716484000076], [74.44192718300008, 32.79191658300016], [74.40083432500018, 32.77055649300013], [74.37166464699999, 32.77110982900007], [74.32110860900013, 32.81689297600019]]]}}, {"type": "Feature", "properties": {"adm2_name": "Hafizabad", "adm2_name1": null, "adm2_name2": null, "adm2_name3": null, "adm2_pcode": "PK611", "adm1_name": "Punjab", "adm1_name1": null, "adm1_name2": null, "adm1_name3": null, "adm1_pcode": "PK6", "adm0_name": "Pakistan", "adm0_name1": null, "adm0_name2": null, "adm0_name3": null, "adm0_pcode": "PK", "valid_on": "2022-09-09", "valid_to": null, "area_sqkm": 2277.34435767, "version": "v01", "lang": "en", "lang1": null, "lang2": null, "lang3": null, "adm2_ref_name": "Hafizabad", "center_lat": 32.05113548, "center_lon": 73.54302764}, "geometry": {"type": "Polygon", "coordinates": [[[73.73221294600006, 32.224019073000136], [73.68448427300007, 32.29767479700013], [73.67661762900008, 32.3399029200001], [73.52854072899999, 32.276881109000044], [73.50748069500008, 32.23962927200006], [73.48086774900008, 32.24172989200014], [73.43554514300018, 32.18509091200019], [73.39752987300017, 32.17342191200015], [73.26794025700013, 32.09044773000011], [73.25531116200011, 32.07055442899997], [73.26107708000006, 32.05502959500012], [73.22684834900014, 32.027727497000114], [73.23668655800014, 32.01360020100009], [73.23123960700019, 31.991682957000137], [73.187448308, 31.946660516000065], [73.15449514400018, 31.853473703000077], [73.20556511300003, 31.824686545000134], [73.24045298200019, 31.764029237999978], [73.30280576200005, 31.765743037000163], [73.32492239700002, 31.77077753800006], [73.33535658500006, 31.80036385900013], [73.35613784800012, 31.792482494000012], [73.38763327700019, 31.801237561000107], [73.40027292400003, 31.82099469400015], [73.44488763200019, 31.807630291000066], [73.46127773800004, 31.841687810000053], [73.51803828300018, 31.810099523000076], [73.55448957700014, 31.842582326000183], [73.56884883800006, 31.884082376000038], [73.59804876800007, 31.869289885000114], [73.7068100090001, 31.90113226800014], [73.72041691700008, 31.92353965300009], [73.73844949500011, 31.92279124100014], [73.76514718400011, 31.960761988000115], [73.805609641, 31.984445386000175], [73.8290237060001, 32.052967491], [73.7938695220002, 32.07261831100004], [73.80568177300012, 32.14033909800003], [73.75338018100007, 32.17835631400004], [73.75168805600009, 32.192948720000174], [73.72746139700013, 32.20801274300004], [73.73221294600006, 32.224019073000136]]]}}, {"type": "Feature", "properties": {"adm2_name": "Jhang", "adm2_name1": null, "adm2_name2": null, "adm2_name3": null, "adm2_pcode": "PK612", "adm1_name": "Punjab", "adm1_name1": null, "adm1_name2": null, "adm1_name3": null, "adm1_pcode": "PK6", "adm0_name": "Pakistan", "adm0_name1": null, "adm0_name2": null, "adm0_name3": null, "adm0_pcode": "PK", "valid_on": "2022-09-09", "valid_to": null, "area_sqkm": 6345.11565918, "version": "v01", "lang": "en", "lang1": null, "lang2": null, "lang3": null, "adm2_ref_name": "Jhang", "center_lat": 31.17189682, "center_lon": 72.14166654}, "geometry": {"type": "Polygon", "coordinates": [[[72.35759475300011, 31.708947812000133], [72.26897154200014, 31.765599965000035], [72.24591998100004, 31.746930394000117], [72.21155836000008, 31.759198512000182], [72.18423231700012, 31.731552036000096], [72.143820806, 31.74994236499998], [72.03391134000015, 31.621898394000084], [72.02365938700018, 31.56909091800003], [71.97772990900012, 31.51016222000004], [71.98015297900008, 31.49181875700009], [72.0060803180001, 31.48096044300013], [72.00770285400006, 31.408431980000103], [72.02084176300013, 31.376710465000087], [72.02390139100015, 31.33119102800009], [72.00178464900017, 31.25498267100005], [71.89216813900003, 31.268138445000034], [71.79845715700014, 31.225499119000062], [71.79051602600009, 31.184238881000113], [71.76425990700005, 31.157178685000076], [71.81562903400015, 31.03477843200011], [71.77616573400002, 30.96933642900018], [71.82346173100012, 30.929452424000033], [71.80991182700006, 30.906191417000173], [71.81576770000004, 30.881448440999975], [71.8536602980002, 30.86963924300005], [71.826331053, 30.838881245000152], [71.80064697000006, 30.83633112300015], [71.79142282900006, 30.795632156000067], [71.74586566300007, 30.787701183000138], [71.73226455100018, 30.756175427000073], [71.70290556500004, 30.741639494000026], [71.69837094900015, 30.699929164000025], [71.66770749400013, 30.68517426500017], [71.66942308600017, 30.63961898499997], [71.65566130800016, 30.620228926000152], [71.70178112700006, 30.582961990000058], [71.72669469700014, 30.57820427000007], [71.76821599100015, 30.597623102000057], [71.81022816600017, 30.65092242900016], [71.87580358200006, 30.681926670000166], [71.89549817300002, 30.68296448800004], [71.91983898100017, 30.664531765000163], [71.93537514300004, 30.681657545000178], [71.99502566100017, 30.669555872000103], [71.99249121300005, 30.697771638000063], [72.0332548900002, 30.703222040000185], [72.05503627000007, 30.732754417000024], [72.12688901100017, 30.73115979500011], [72.18643260800019, 30.712371906000158], [72.22728277300018, 30.716687450000165], [72.23908622700003, 30.73256525300019], [72.3466558200002, 30.718042709000144], [72.36309903800003, 30.7363220740001], [72.34601987000013, 30.740871995000077], [72.34837942500008, 30.749596395000026], [72.36978949100018, 30.759410333000062], [72.34368949100013, 30.77702858900011], [72.34674918899998, 30.826388729000143], [72.33082119699998, 30.809287066000138], [72.31327206500015, 30.810513097000012], [72.28630119900004, 30.83999739100011], [72.24470761300006, 30.84799980700018], [72.26988069000004, 30.889370584000062], [72.30822877500015, 30.896540824000056], [72.34579234900008, 30.93304819200017], [72.37830815000007, 31.020649053000113], [72.43581696200005, 31.05628008600013], [72.43915884900002, 31.10973927400005], [72.48742338800014, 31.128909037000142], [72.4920592690001, 31.140724683000087], [72.47290902000003, 31.158049339000172], [72.50329271400005, 31.174153359000172], [72.48651019900018, 31.188879683000096], [72.48532934800005, 31.211330292000184], [72.49430870400016, 31.223147096000048], [72.54647317900015, 31.223753590000115], [72.57289944300015, 31.248342168000136], [72.58995029500016, 31.23856965500005], [72.68225930700004, 31.23760804600016], [72.75245240000015, 31.276073796000162], [72.80486493500007, 31.33180499600013], [72.81171122400013, 31.37541865900016], [72.74105036900005, 31.378499066000188], [72.72032964900018, 31.36445025200004], [72.67892228900018, 31.372761364000098], [72.65833142300016, 31.399831859000187], [72.62265002300018, 31.413132785000073], [72.61947244900017, 31.463946285000134], [72.5945808130001, 31.47184188199998], [72.56966200600004, 31.45310203400004], [72.48380600700006, 31.538701209000124], [72.45902433600014, 31.54049080900006], [72.46087323500007, 31.57917322300017], [72.43603758700004, 31.603421046000165], [72.43451230500017, 31.66267106000015], [72.37375815100006, 31.657129668000096], [72.36878103200013, 31.623641007000117], [72.28802746000014, 31.58740214800008], [72.27744539600013, 31.561879921000184], [72.24163457800012, 31.560919107000075], [72.25327151700009, 31.574041660000034], [72.24263876600003, 31.594720441000106], [72.30709345800005, 31.649374533000127], [72.30411765600007, 31.681099491000168], [72.33071944300008, 31.671232088000068], [72.35759475300011, 31.708947812000133]]]}}, {"type": "Feature", "properties": {"adm2_name": "Jhelum", "adm2_name1": null, "adm2_name2": null, "adm2_name3": null, "adm2_pcode": "PK613", "adm1_name": "Punjab", "adm1_name1": null, "adm1_name2": null, "adm1_name3": null, "adm1_pcode": "PK6", "adm0_name": "Pakistan", "adm0_name1": null, "adm0_name2": null, "adm0_name3": null, "adm0_pcode": "PK", "valid_on": "2022-09-09", "valid_to": null, "area_sqkm": 3568.79814408, "version": "v01", "lang": "en", "lang1": null, "lang2": null, "lang3": null, "adm2_ref_name": "Jhelum", "center_lat": 32.83624202, "center_lon": 73.37282857}, "geometry": {"type": "Polygon", "coordinates": [[[73.64276926200012, 33.2323373640001], [73.62360268700013, 33.25527279900001], [73.60038015100014, 33.248449917000016], [73.59346002100011, 33.231560052000134], [73.56076014900009, 33.237130172000036], [73.54800001700016, 33.199039804], [73.53038001800002, 33.245620051000174], [73.50345001800008, 33.22288005000013], [73.45094002800005, 33.24565005500017], [73.42701118900015, 33.23168859200007], [73.43509977000019, 33.21970966600014], [73.41976002000018, 33.21497005000003], [73.41265002600005, 33.194509922], [73.37797202300004, 33.17256104800009], [73.39581014000004, 33.14399854300018], [73.36809624900019, 33.10423994000013], [73.33944792000011, 33.11169710600018], [73.20372012200005, 33.088297516000125], [73.18497051399999, 33.03636204700007], [73.19384577000017, 33.003578552000135], [73.21464752000003, 32.98492879100007], [73.20512063300004, 32.94560229900014], [73.15464067400012, 32.9053496090001], [73.15190665000006, 32.868301169000176], [73.11527177000005, 32.83278642700009], [73.12210722400005, 32.82358578300017], [73.2204708930002, 32.82113504199998], [73.24769502600003, 32.75985279500003], [73.21501162900006, 32.72970994100018], [73.157431229, 32.739451203000044], [73.15784120600011, 32.726482151000084], [73.13970109700011, 32.72502218300008], [73.13391938900008, 32.70951232800013], [73.09117299500014, 32.698540301000094], [73.08477892700012, 32.669721782000124], [73.03469044000008, 32.690011901], [73.02390122700012, 32.70923987600014], [72.99540574800005, 32.69118268200015], [72.98650142400015, 32.66543090100009], [72.87736792800013, 32.65672844100004], [72.87373774300005, 32.63974083700009], [72.83300156400009, 32.66558443800011], [72.80187113500017, 32.66503264400012], [72.77809947500003, 32.6941016400001], [72.73748916700009, 32.68772947000008], [72.74276867800006, 32.619642042000066], [72.65265192400017, 32.5948114360001], [72.64324988800013, 32.53114109000012], [72.66760611000007, 32.46596700400005], [72.65135978800004, 32.45745236900018], [72.66017975900013, 32.423988341000154], [72.7253300230002, 32.417429928000104], [72.84831794700006, 32.46283042699997], [72.8782913930001, 32.50625016800012], [72.97812939000005, 32.550470417999975], [73.02983140100014, 32.55183104500003], [73.08554853499999, 32.576584615], [73.2206600180001, 32.57241005000003], [73.331000023, 32.61978005100019], [73.37857013900015, 32.62018004800012], [73.56782027000008, 32.716350536000164], [73.64511939300013, 32.85621158900011], [73.75611733300002, 32.9456944690001], [73.80581740900016, 33.00888740300019], [73.77393998300016, 33.023329816000114], [73.75027420200018, 33.05304628300013], [73.62831096000019, 33.09471023600014], [73.62664767600006, 33.12804467299998], [73.66858011200003, 33.15799033300004], [73.66988323599998, 33.19155396200006], [73.66706089200005, 33.21530814500005], [73.641175004, 33.216120724], [73.64276926200012, 33.2323373640001]]]}}, {"type": "Feature", "properties": {"adm2_name": "Kasur", "adm2_name1": null, "adm2_name2": null, "adm2_name3": null, "adm2_pcode": "PK614", "adm1_name": "Punjab", "adm1_name1": null, "adm1_name2": null, "adm1_name3": null, "adm1_pcode": "PK6", "adm0_name": "Pakistan", "adm0_name1": null, "adm0_name2": null, "adm0_name3": null, "adm0_pcode": "PK", "valid_on": "2022-09-09", "valid_to": null, "area_sqkm": 3986.66516315, "version": "v01", "lang": "en", "lang1": null, "lang2": null, "lang3": null, "adm2_ref_name": "Kasur", "center_lat": 31.0029126, "center_lon": 74.1400032}, "geometry": {"type": "Polygon", "coordinates": [[[74.49048283100018, 31.364300168000057], [74.45261237199998, 31.35365067600003], [74.43848771700004, 31.289917986000034], [74.41164199700017, 31.3037416410001], [74.35330101400018, 31.284357799000134], [74.27354325300007, 31.29503693700019], [74.21987007600012, 31.256033024000033], [74.18705876000013, 31.295700952000175], [74.16506851700007, 31.283898401000158], [74.13748085100008, 31.30142798900016], [74.10991930300008, 31.266982481000127], [74.10653877900018, 31.278986170000053], [74.08892906200003, 31.27573877900005], [74.08972954400014, 31.293221233000054], [74.06908714500008, 31.27565969500006], [74.03466145500005, 31.311710278000135], [73.93666348700003, 31.29153459600002], [73.90612891100011, 31.271692115000064], [73.91857068200005, 31.25368936600006], [73.89437231900013, 31.228131298000164], [73.82721849800015, 31.215957825000032], [73.81143976800001, 31.225467846000015], [73.74258423100014, 31.19566003900013], [73.72322937600018, 31.165854772000046], [73.70415543700017, 31.17433531000006], [73.67923363000006, 31.147377575000064], [73.66109914700019, 31.148254664000035], [73.6539348180001, 31.13857326600015], [73.67966126800007, 31.094973286000084], [73.66302739800011, 31.08430147100006], [73.66195974500016, 31.060975704000157], [73.71669003900007, 31.04035184700018], [73.73068119800018, 31.005880140000045], [73.76228119000012, 30.992487574000165], [73.75381729500015, 30.947569470000133], [73.78657254800004, 30.923159345000045], [73.81678005500004, 30.93382133800003], [73.85204928700017, 30.866157029000078], [73.93264904500006, 30.861810268000056], [73.98797298700009, 30.82058169400011], [74.01586921200015, 30.828879440000094], [74.0276810260001, 30.79973758200009], [74.06681025100016, 30.79373181700015], [74.07220724000007, 30.75603047800007], [74.11359317500012, 30.72061353200013], [74.16175827200016, 30.641612235000082], [74.23215506800017, 30.719622601000083], [74.28180802300017, 30.730234221000046], [74.26209366800015, 30.76813841], [74.29622751600016, 30.778518569000084], [74.31964118500002, 30.843566723000038], [74.37198551000017, 30.852940757000056], [74.36552555700013, 30.88540748200012], [74.41610811600015, 30.90604139600009], [74.42069878199999, 30.925876360000075], [74.47058954699997, 30.965988990000085], [74.50219642100018, 30.964793275000147], [74.5484769420001, 30.992843299000015], [74.55839446400017, 31.06752725299998], [74.63912922000003, 31.02111901100011], [74.65641034700013, 31.05301608300016], [74.68569789600019, 31.061463470000035], [74.66443536500014, 31.106673361000162], [74.60425591800009, 31.119370635000166], [74.58152000500019, 31.1079994050001], [74.54531738500003, 31.133610049000083], [74.53364493000015, 31.193927011000085], [74.55205551100016, 31.253071371000033], [74.55025488400008, 31.294695802000092], [74.57121457900013, 31.344453081999973], [74.51650119800007, 31.359900734000064], [74.49773167000018, 31.349330220000127], [74.49048283100018, 31.364300168000057]]]}}, {"type": "Feature", "properties": {"adm2_name": "Khanewal", "adm2_name1": null, "adm2_name2": null, "adm2_name3": null, "adm2_pcode": "PK615", "adm1_name": "Punjab", "adm1_name1": null, "adm1_name2": null, "adm1_name3": null, "adm1_pcode": "PK6", "adm0_name": "Pakistan", "adm0_name1": null, "adm0_name2": null, "adm0_name3": null, "adm0_pcode": "PK", "valid_on": "2022-09-09", "valid_to": null, "area_sqkm": 4355.7504777, "version": "v01", "lang": "en", "lang1": null, "lang2": null, "lang3": null, "adm2_ref_name": "Khanewal", "center_lat": 30.31571881, "center_lon": 72.06509673}, "geometry": {"type": "Polygon", "coordinates": [[[72.22728277300018, 30.716687450000165], [72.05503627000007, 30.732754417000024], [72.0332548900002, 30.703222040000185], [71.99249121300005, 30.697771638000063], [72.00100299000007, 30.686479891000033], [71.9923673890001, 30.668621646000076], [71.93537514300004, 30.681657545000178], [71.91983898100017, 30.664531765000163], [71.89549817300002, 30.68296448800004], [71.87580358200006, 30.681926670000166], [71.81326452500014, 30.65294352300009], [71.78007822500018, 30.617523437000045], [71.78483784100018, 30.608260583000117], [71.7348329830001, 30.58806297600006], [71.70223125400008, 30.54259182300018], [71.6077975560001, 30.502218810000045], [71.56182050000018, 30.448288941000158], [71.52508766900013, 30.45456063600011], [71.53179985000014, 30.43191673299998], [71.56321859100012, 30.435971127000073], [71.57601965300006, 30.41843798600007], [71.61146767200017, 30.412178977000053], [71.62401784900004, 30.368540818000156], [71.6528183960001, 30.356299182000157], [71.66490968800014, 30.366727924000088], [71.64984441300015, 30.333370124000112], [71.65626148400008, 30.323503965000157], [71.7071018760002, 30.30606945300019], [71.72685115400003, 30.31589940700013], [71.73982814400011, 30.304269117000047], [71.77289562200019, 30.305019464000054], [71.76577637800017, 30.263401320000014], [71.81654569000011, 30.269632320000085], [71.83454945900019, 30.251297103000127], [71.75149769300015, 30.12988478799997], [71.71650989300014, 30.04926350300019], [71.64731284000004, 30.01273925800018], [71.61917890600017, 30.010996486000067], [71.59191066800014, 29.977901702000054], [71.56798161700004, 29.982526939000024], [71.56747673900003, 29.97105541900015], [71.58693643500004, 29.962087563000125], [71.61649162100014, 29.966660747000162], [71.60481268400002, 29.932451206000167], [71.63255071400005, 29.908676678], [71.67470775800007, 29.901749286999973], [71.68126333800018, 29.923599578000164], [71.6720502500001, 29.93215085600019], [71.70391923600016, 29.955490013000144], [71.72965121400006, 29.94998770900014], [71.74918177299998, 29.965238535000083], [71.77310966300007, 30.00284694800007], [71.77095300700012, 30.02019536500012], [71.8298154580001, 30.005255585000157], [71.86441020600006, 30.04343113599998], [71.87263248000005, 30.025079080000125], [71.89625618900004, 30.051139834000082], [71.94040989600018, 30.037790649000044], [71.96008274700017, 30.049993558000097], [71.96460920100003, 30.077179046000083], [71.97845412300018, 30.07254733700006], [71.99364109200008, 30.091570598000146], [72.05445050200012, 30.070567155], [72.08016159800007, 30.081108099000176], [72.10874445600018, 30.067582409000124], [72.13948024600006, 30.11390058800015], [72.18537952200012, 30.116090408000105], [72.17696028500012, 30.153653016000135], [72.2188997450001, 30.15906013299997], [72.2391342630001, 30.179264610000075], [72.2856561370001, 30.182965712000055], [72.29024958700006, 30.200688673000172], [72.32242848800007, 30.21598910500012], [72.35421472900009, 30.20013306600015], [72.39882181500013, 30.21799808200018], [72.39447805500009, 30.29748086300009], [72.43903381899997, 30.376560986000072], [72.43900514200004, 30.441312293000067], [72.48198528900002, 30.498822489000133], [72.47669378600017, 30.537173836000136], [72.50093828100006, 30.549463739000146], [72.49722437200018, 30.578091091000033], [72.44877319600016, 30.59944072000019], [72.39745562500008, 30.583060137000132], [72.38005034100007, 30.565039363000153], [72.36117664200009, 30.57514164000014], [72.35575500100015, 30.560644741000146], [72.3544783540001, 30.578428140000085], [72.34290157700013, 30.57812150700005], [72.30236908700005, 30.525077977000024], [72.29598119400009, 30.539957593000167], [72.32139294200016, 30.56828149800009], [72.26982059200003, 30.548268704000122], [72.24066957100007, 30.567697826000085], [72.152072331, 30.573019719000172], [72.17409251700013, 30.634821121000016], [72.22728277300018, 30.716687450000165]]]}}, {"type": "Feature", "properties": {"adm2_name": "Khushab", "adm2_name1": null, "adm2_name2": null, "adm2_name3": null, "adm2_pcode": "PK616", "adm1_name": "Punjab", "adm1_name1": null, "adm1_name2": null, "adm1_name3": null, "adm1_pcode": "PK6", "adm0_name": "Pakistan", "adm0_name1": null, "adm0_name2": null, "adm0_name3": null, "adm0_pcode": "PK", "valid_on": "2022-09-09", "valid_to": null, "area_sqkm": 6599.60051073, "version": "v01", "lang": "en", "lang1": null, "lang2": null, "lang3": null, "adm2_ref_name": "Khushab", "center_lat": 32.1248951, "center_lon": 72.05275251}, "geometry": {"type": "Polygon", "coordinates": [[[72.16635128000007, 32.70332981100006], [72.15997158300007, 32.71727187700009], [72.14608370400003, 32.71544766200003], [72.15507754700013, 32.66666905800014], [72.12020938400002, 32.63390177500014], [71.98624704700018, 32.58052033900009], [71.98300533200006, 32.557844010999986], [71.95711272900007, 32.55240887100007], [71.94149890700015, 32.528309395], [71.88227987000016, 32.54447517500017], [71.87368006600019, 32.528960615000074], [71.83651689700008, 32.52226298800008], [71.82995458700015, 32.49613729200007], [71.7909125430001, 32.47805060800016], [71.7882821610001, 32.45638330900016], [71.82440010700014, 32.439418086000046], [71.84399075600004, 32.40488031300009], [71.72561323800011, 32.27413972800014], [71.73444980099998, 32.24819942800019], [71.71828449100008, 32.23923664100016], [71.73064259900013, 32.18210920000001], [71.75139197700008, 32.17740557600007], [71.77880930600008, 32.138677870000095], [71.77098043000018, 32.051609546], [71.71198131000017, 31.989578192000124], [71.72071920200017, 31.960879211000133], [71.68608337600017, 31.898129125000082], [71.64466929500009, 31.88009132900015], [71.62383139400015, 31.850819313000045], [71.71543943600011, 31.81227249300008], [71.74912337100011, 31.753142642000057], [71.75958763900013, 31.68785932300011], [71.8597582450002, 31.614848615000028], [71.91394022100008, 31.59491176000006], [71.93693772200015, 31.55552053000008], [71.98891423700002, 31.53141884400003], [72.02365938700018, 31.56909091800003], [72.03391134000015, 31.621898394000084], [72.1427908820001, 31.749271673000123], [72.1787798100001, 31.731742406000023], [72.19900257400019, 31.735849710000082], [72.24127639500006, 31.807815624], [72.26561255200005, 31.814988791000133], [72.2521771980002, 31.857309690000136], [72.2792505600001, 31.850249127000097], [72.28544260700005, 31.867161040999974], [72.25050813300004, 31.917068709000034], [72.26981672000005, 31.968597743000146], [72.25183506800016, 31.98063330800005], [72.25129213600013, 31.996690234000084], [72.29163157699998, 32.00777222000005], [72.29061945600017, 32.02125967500018], [72.30825903600004, 32.02656779500012], [72.32660238000005, 32.06130125400006], [72.32358776400002, 32.15943772100013], [72.34604737000012, 32.23320219500005], [72.44022173500008, 32.294700241000044], [72.46718299500009, 32.29730996400019], [72.4785216360001, 32.31901087000006], [72.55542775600003, 32.36963949100016], [72.66994227000009, 32.395779644000186], [72.6512778290001, 32.45605927500003], [72.66760611000007, 32.46596700400005], [72.64324988800013, 32.53114109000012], [72.65265192400017, 32.5948114360001], [72.61478212800012, 32.59564988000017], [72.57793655000012, 32.619204339000134], [72.56510082200015, 32.63836146500017], [72.56897868900012, 32.660523157000114], [72.53514523900009, 32.663197878000176], [72.53757964600015, 32.694911642000136], [72.50913119800015, 32.66762964300011], [72.47673018000017, 32.664762228000086], [72.42046679600003, 32.61543139500009], [72.4103220610001, 32.629427551000106], [72.39001733200007, 32.62814852000008], [72.38745059400014, 32.65629284400012], [72.34091976200006, 32.694750895000084], [72.16635128000007, 32.70332981100006]]]}}, {"type": "Feature", "properties": {"adm2_name": "Lahore", "adm2_name1": null, "adm2_name2": null, "adm2_name3": null, "adm2_pcode": "PK617", "adm1_name": "Punjab", "adm1_name1": null, "adm1_name2": null, "adm1_name3": null, "adm1_pcode": "PK6", "adm0_name": "Pakistan", "adm0_name1": null, "adm0_name2": null, "adm0_name3": null, "adm0_pcode": "PK", "valid_on": "2022-09-09", "valid_to": null, "area_sqkm": 1729.89310218, "version": "v01", "lang": "en", "lang1": null, "lang2": null, "lang3": null, "adm2_ref_name": "Lahore", "center_lat": 31.48633616, "center_lon": 74.40526669}, "geometry": {"type": "Polygon", "coordinates": [[[74.57849793600013, 31.62340460900009], [74.52037614100016, 31.71657311600012], [74.48369934900006, 31.716609446000064], [74.45062129000007, 31.691650219000053], [74.4376307030002, 31.696918968000148], [74.43101326800007, 31.68918685100016], [74.44728170399998, 31.671265252000126], [74.41122056300014, 31.643005945000084], [74.36914907200014, 31.672701418000145], [74.35382361600006, 31.65993166900006], [74.34166258700009, 31.668197640000187], [74.34725643200011, 31.66034096800007], [74.33125147100003, 31.645217956000067], [74.31806855600001, 31.648846748000096], [74.31061336400012, 31.671753401000103], [74.28978214300002, 31.66629861500013], [74.25555014200017, 31.614821446000178], [74.23659258400016, 31.613542254000038], [74.24850232900013, 31.59335952200007], [74.24331345200005, 31.565112534000036], [74.21440092500012, 31.55158230600017], [74.19488770800001, 31.51533985900005], [74.17770647800006, 31.510590415000024], [74.17628018599999, 31.467654664000122], [74.14737851500007, 31.454877997000153], [74.12812897400016, 31.424870684000098], [74.1178682040001, 31.431479272000104], [74.12712980700019, 31.43361762000012], [74.12470355900012, 31.451722413000027], [74.09462875000014, 31.44422868800018], [74.06963853900004, 31.410089726000137], [74.0845796500002, 31.403239234000125], [74.07165764400003, 31.3728999650001], [74.00495949700013, 31.365951680000137], [74.04332268600001, 31.299179358000174], [74.07207207000005, 31.27492877800006], [74.08972954400014, 31.293221233000054], [74.08892906200003, 31.27573877900005], [74.10653877900018, 31.278986170000053], [74.10991930300008, 31.266982481000127], [74.13748085100008, 31.30142798900016], [74.16506851700007, 31.283898401000158], [74.18705876000013, 31.295700952000175], [74.2188144650001, 31.255927073], [74.27354325300007, 31.29503693700019], [74.35330101400018, 31.284357799000134], [74.41164199700017, 31.3037416410001], [74.43848771700004, 31.289917986000034], [74.4519385430001, 31.35203873500012], [74.46912186600014, 31.365439314000184], [74.48984263400007, 31.364826390000076], [74.50168972400007, 31.348360634000187], [74.51650119800007, 31.359900734000064], [74.57121457900013, 31.344453081999973], [74.64111329800005, 31.464702115000136], [74.61174069600014, 31.506188929000132], [74.57849793600013, 31.62340460900009]]]}}, {"type": "Feature", "properties": {"adm2_name": "Leiah", "adm2_name1": null, "adm2_name2": null, "adm2_name3": null, "adm2_pcode": "PK618", "adm1_name": "Punjab", "adm1_name1": null, "adm1_name2": null, "adm1_name3": null, "adm1_pcode": "PK6", "adm0_name": "Pakistan", "adm0_name1": null, "adm0_name2": null, "adm0_name3": null, "adm0_pcode": "PK", "valid_on": "2022-09-09", "valid_to": null, "area_sqkm": 6412.72136053, "version": "v01", "lang": "en", "lang1": null, "lang2": null, "lang3": null, "adm2_ref_name": "Leiah", "center_lat": 30.9972231, "center_lon": 71.28401856}, "geometry": {"type": "Polygon", "coordinates": [[[70.93196001700016, 31.410440981000136], [70.89311664600012, 31.40552442400019], [70.86834402500006, 31.374038541000175], [70.83540580400012, 31.383013354000127], [70.81388092000009, 31.375543594000078], [70.80812072800012, 31.35855293300017], [70.78650665300012, 31.350130081000145], [70.78356170700016, 31.314487457000155], [70.76283477599998, 31.284664163000116], [70.79395888600004, 31.28197067100018], [70.77504927200005, 31.20243941200016], [70.79546447300015, 31.10386232000019], [70.77993007100002, 31.108903494000174], [70.7809599040001, 31.005869510000025], [70.76028222100007, 30.97653196900012], [70.79165825900003, 30.974428158000023], [70.7933325520001, 30.946912358000134], [70.75673600700014, 30.913253024000085], [70.76442860300017, 30.884989415000064], [70.78881918600001, 30.878268666000054], [70.76989245700014, 30.844428720000053], [70.73304881400003, 30.838661574000184], [70.74521819800009, 30.828098279000187], [70.74143110700015, 30.7778827410001], [70.79398173600015, 30.758318043000088], [70.79549205000006, 30.65350906700013], [70.95465926200006, 30.672327590000123], [70.96127160600003, 30.660010665000186], [71.00434063800003, 30.656610264000165], [71.02490999700012, 30.642291923000187], [71.06877069300009, 30.655368469000166], [71.10194230500008, 30.646084389000066], [71.15276203200017, 30.67703687000005], [71.13681015900005, 30.70364882900003], [71.16292214300017, 30.7385407110001], [71.16022196000011, 30.761198895000064], [71.21884537500006, 30.767853174000038], [71.31279866000017, 30.744130014000064], [71.44479186300003, 30.62610220400012], [71.52857719700006, 30.583354085999986], [71.58663571200009, 30.592702634999966], [71.59763896100003, 30.621901619000084], [71.64919953999998, 30.612469643000054], [71.66942308600017, 30.63961898499997], [71.66770749400013, 30.68517426500017], [71.69837094900015, 30.699929164000025], [71.70419156500003, 30.743378866000057], [71.73051657000008, 30.754347932000144], [71.74992739200013, 30.79049304600011], [71.79142282900006, 30.795632156000067], [71.80064697000006, 30.83633112300015], [71.826331053, 30.838881245000152], [71.85327400200003, 30.867592727000044], [71.81576770000004, 30.881448440999975], [71.80991182700006, 30.906191417000173], [71.82346173100012, 30.929452424000033], [71.77616573400002, 30.96933642900018], [71.81112836500017, 31.02036930800017], [71.81538196300005, 31.054549221000173], [71.77207076100007, 31.126718765000135], [71.76209642400016, 31.17374005], [71.68770173000013, 31.174884976000044], [71.61622810900013, 31.228749181000182], [71.53840912800007, 31.24266313100003], [71.4998096430001, 31.228270767000026], [71.48127373900019, 31.183508983000138], [71.45195004800013, 31.154989641000157], [71.31945019600005, 31.14100825800017], [71.29907114300005, 31.157560194000098], [71.28261598400002, 31.23663677600007], [71.25625547600015, 31.231174434000025], [71.19347691500019, 31.31129039500013], [71.19667134900016, 31.363479608000034], [71.1381450180001, 31.361870173], [71.10443464400015, 31.37928703800003], [71.03645239300016, 31.384905551000145], [70.93503179600003, 31.37827975000016], [70.93196001700016, 31.410440981000136]]]}}, {"type": "Feature", "properties": {"adm2_name": "Lodhran", "adm2_name1": null, "adm2_name2": null, "adm2_name3": null, "adm2_pcode": "PK619", "adm1_name": "Punjab", "adm1_name1": null, "adm1_name2": null, "adm1_name3": null, "adm1_pcode": "PK6", "adm0_name": "Pakistan", "adm0_name1": null, "adm0_name2": null, "adm0_name3": null, "adm0_pcode": "PK", "valid_on": "2022-09-09", "valid_to": null, "area_sqkm": 2666.34033024, "version": "v01", "lang": "en", "lang1": null, "lang2": null, "lang3": null, "adm2_ref_name": "Lodhran", "center_lat": 29.67121717, "center_lon": 71.7445945}, "geometry": {"type": "Polygon", "coordinates": [[[71.61783477800014, 29.96326633800004], [71.58693643500004, 29.962087563000125], [71.58821001700005, 29.941820036000138], [71.56367157400007, 29.946890198000062], [71.53397510399998, 29.895074906000104], [71.54344801800005, 29.869012925000163], [71.5210754110002, 29.875320753000153], [71.51503270200016, 29.85888755500008], [71.50301786400007, 29.866065143000128], [71.4916637990001, 29.852114310000047], [71.50746072200019, 29.790899662000186], [71.48956692500013, 29.804567333000136], [71.46061683200014, 29.801281017], [71.45821670000015, 29.817678330000035], [71.42919752400019, 29.80785422200006], [71.41669232800007, 29.751919421000025], [71.44237050700008, 29.73599204900006], [71.43456464200017, 29.718044776000056], [71.44967639900005, 29.717123887000128], [71.42621757900008, 29.70278540400011], [71.42034957000016, 29.61444136800003], [71.4013686020001, 29.60515108900006], [71.40706026800012, 29.5946004220001], [71.38114115700006, 29.590553226000054], [71.38107988400009, 29.57278837100006], [71.35717005800012, 29.557439861000034], [71.35722229000015, 29.522789901000124], [71.38187705100006, 29.51053115000019], [71.36364873900015, 29.50827110299997], [71.36783459200018, 29.49219186500011], [71.389008731, 29.466888282000184], [71.35379593500005, 29.429200928000114], [71.3749955080001, 29.38820036000004], [71.39194238900012, 29.411292489000118], [71.43273076100002, 29.41836174600013], [71.47691173500004, 29.37232791100007], [71.47776016500006, 29.396739049000132], [71.50156151900012, 29.406893290000028], [71.51670338400004, 29.44885266800003], [71.54335310800019, 29.432700703000023], [71.54065139900007, 29.41880236000003], [71.56893961300011, 29.426579285000173], [71.58562694900007, 29.446635233000165], [71.61027181200018, 29.437071242000115], [71.63729930300008, 29.47546100400018], [71.6762218250002, 29.469337799000073], [71.69492164700006, 29.484879288000172], [71.71410701500008, 29.482842837000135], [71.73647703000012, 29.53081165000009], [71.78537268300005, 29.50218190800001], [71.81678886500009, 29.53317823100008], [71.84053027100015, 29.53772869800008], [71.8553786120001, 29.515649919000168], [71.87118255400014, 29.5160505450001], [71.87467978700005, 29.54557807000009], [71.89561732400006, 29.53871960800018], [71.90426087300011, 29.497130263000145], [71.9099123810002, 29.532202617000166], [71.94645513900008, 29.513975037000137], [71.91168438500011, 29.564510060000146], [71.94240819900006, 29.556410904000074], [71.96189935100017, 29.565698385000132], [71.96907904300002, 29.5495896], [71.99041564100008, 29.5465589100001], [72.00734327600014, 29.550561643000037], [72.02008444400008, 29.578483573000028], [72.0251559560001, 29.56489306800006], [72.06275083500003, 29.552189396000188], [72.07474337600013, 29.561305344], [72.06590997900014, 29.605840058000126], [72.0793844000001, 29.598706768000056], [72.10110582400017, 29.610426264000182], [72.09150251000017, 29.63002797700011], [72.10483253300009, 29.652624909], [72.09759270500001, 29.661490231000073], [72.05712946000006, 29.654988690000096], [72.04533389300013, 29.667099415], [72.06340001900014, 29.678867673000127], [71.99004071500013, 29.699047068000084], [71.98724152400013, 29.729872508000085], [71.96868901900012, 29.73277267300017], [71.96566489700018, 29.74677471500013], [71.95399799600006, 29.737590765], [71.93200842900006, 29.74600016500017], [71.93276281100009, 29.760887638000156], [71.98401815500011, 29.79373961800019], [71.9608176640001, 29.800697732000174], [71.92428950200008, 29.850909613000113], [71.90697971500003, 29.843379474000074], [71.91411285700013, 29.87922634800009], [71.89962248600011, 29.880920345], [71.89445248500004, 29.85839834900014], [71.87962164200013, 29.856378300000017], [71.8951584400001, 29.88367828300011], [71.88007862600011, 29.893116854000084], [71.89285594600017, 29.91540895500009], [71.87283157200017, 29.908037657000193], [71.83239867500004, 29.92332129900018], [71.79893241200011, 29.89845824500003], [71.7539170770001, 29.921036963000176], [71.75484227900012, 29.94374234900016], [71.73441816900004, 29.9386496570001], [71.73216081000004, 29.952319667000154], [71.70391923600016, 29.955490013000144], [71.6720502500001, 29.93215085600019], [71.6800089210002, 29.9101378040001], [71.6672596160002, 29.898778464000145], [71.60805137800014, 29.92708208800019], [71.61783477800014, 29.96326633800004]]]}}, {"type": "Feature", "properties": {"adm2_name": "Mandi Bahauddin", "adm2_name1": null, "adm2_name2": null, "adm2_name3": null, "adm2_pcode": "PK620", "adm1_name": "Punjab", "adm1_name1": null, "adm1_name2": null, "adm1_name3": null, "adm1_pcode": "PK6", "adm0_name": "Pakistan", "adm0_name1": null, "adm0_name2": null, "adm0_name3": null, "adm0_pcode": "PK", "valid_on": "2022-09-09", "valid_to": null, "area_sqkm": 2741.66629547, "version": "v01", "lang": "en", "lang1": null, "lang2": null, "lang3": null, "adm2_ref_name": "Mandi Bahauddin", "center_lat": 32.43475928, "center_lon": 73.4708256}, "geometry": {"type": "Polygon", "coordinates": [[[73.62007071500011, 32.70820311200015], [73.59027658800005, 32.74746151900007], [73.56782027000008, 32.716350536000164], [73.522551077, 32.687261705000026], [73.40588002100003, 32.63075004800004], [73.331000023, 32.61978005100019], [73.2206600180001, 32.57241005000003], [73.19455801900006, 32.574547839000104], [73.20088099000014, 32.526498467000124], [73.15363156500007, 32.49641902400009], [73.16836275000009, 32.487609956000085], [73.16407007200013, 32.468248189000064], [73.07718035300007, 32.45526690900016], [73.07262211000011, 32.439871393000146], [73.04763918700007, 32.428529164000054], [73.04972039400008, 32.40794872400005], [73.0807106950001, 32.39497190200012], [73.1077323470002, 32.34476047200019], [73.06967964000017, 32.296868650000135], [73.09311702500008, 32.28465017499997], [73.13435562500013, 32.30023755200017], [73.15767328600003, 32.238189916000124], [73.19372780200018, 32.23810093900016], [73.22340197800014, 32.265350255000044], [73.25305089000017, 32.20791124200008], [73.25030019200011, 32.17529426100009], [73.27575242199998, 32.16584248800007], [73.30802743400005, 32.12210506100007], [73.43554514300018, 32.18509091200019], [73.48086774900008, 32.24172989200014], [73.50748069500008, 32.23962927200006], [73.51417771700017, 32.265821706000054], [73.54520203000004, 32.28707945500008], [73.73350992400009, 32.36333546300011], [73.76338256300005, 32.343897497000114], [73.76768247400008, 32.36833097800013], [73.77222488900014, 32.35657004900003], [73.78679125700012, 32.37365410900014], [73.89708096800013, 32.39832329700005], [73.8857586690001, 32.40732086100007], [73.88379829700006, 32.44172717500004], [73.78868933700016, 32.50496839500005], [73.79654020800001, 32.56741021400006], [73.7426729030002, 32.582961044000115], [73.7275092160001, 32.617138979000174], [73.67464062300007, 32.64425875800009], [73.66340319400013, 32.692171524000116], [73.62007071500011, 32.70820311200015]]]}}, {"type": "Feature", "properties": {"adm2_name": "Mianwali", "adm2_name1": null, "adm2_name2": null, "adm2_name3": null, "adm2_pcode": "PK621", "adm1_name": "Punjab", "adm1_name1": null, "adm1_name2": null, "adm1_name3": null, "adm1_pcode": "PK6", "adm0_name": "Pakistan", "adm0_name1": null, "adm0_name2": null, "adm0_name3": null, "adm0_pcode": "PK", "valid_on": "2022-09-09", "valid_to": null, "area_sqkm": 5960.29596894, "version": "v01", "lang": "en", "lang1": null, "lang2": null, "lang3": null, "adm2_ref_name": "Mianwali", "center_lat": 32.7042949, "center_lon": 71.51477443}, "geometry": {"type": "Polygon", "coordinates": [[[71.44578552200011, 33.238399506000064], [71.41599273700018, 33.22549057000009], [71.4070434570001, 33.19380950900006], [71.43599700900012, 33.181018829000095], [71.43311309800015, 33.15882110600012], [71.45229339600013, 33.13019943200004], [71.42326355000017, 33.09326171900011], [71.4760971070001, 33.04814910900012], [71.45829772899998, 33.02108001700003], [71.43221283000008, 33.004001617000085], [71.37592315700016, 33.00579071000004], [71.35530090300006, 32.990798950000055], [71.31754303000014, 33.00231933600003], [71.31823730500014, 33.016700745000094], [71.1886367800002, 32.97552871700003], [71.14391326900017, 32.92559051500007], [71.13368988000008, 32.81100082400013], [71.10559845000012, 32.80952835100004], [71.12167358400006, 32.75220871], [71.14396667500012, 32.72241973900003], [71.13401794400005, 32.69483947800006], [71.15724182100018, 32.67510986300016], [71.14782714800009, 32.654491425], [71.16760253899997, 32.61880111700003], [71.16274261500007, 32.601139069000055], [71.24890136700014, 32.54450988800011], [71.23196256400007, 32.51204092400019], [71.26908111600017, 32.49100494400011], [71.27480316200018, 32.511886597000114], [71.29998016400003, 32.516716003], [71.29878997800017, 32.53222656200006], [71.32347869900019, 32.53395462000003], [71.33837890600017, 32.502052307000156], [71.35302734400017, 32.49854660000011], [71.33451843300003, 32.42649078400018], [71.34533691400014, 32.416477203000056], [71.32712554900013, 32.404701233000026], [71.33768463100017, 32.36953735400016], [71.28580474900019, 32.36611557000015], [71.17077636700003, 32.24804306000004], [71.17182922400002, 32.20822906500018], [71.23123989100009, 32.17740193100019], [71.22773939400008, 32.16786904300017], [71.24211313600011, 32.202351169], [71.3114031450001, 32.17113341900006], [71.34413939799998, 32.20640867000009], [71.46312214300019, 32.19416866800003], [71.51574989500006, 32.221369173000085], [71.61366976800014, 32.19601953800009], [71.72838128000018, 32.198792223000055], [71.71828449100008, 32.23923664100016], [71.73444980099998, 32.24819942800019], [71.72561323800011, 32.27413972800014], [71.84399075600004, 32.40488031300009], [71.82440010700014, 32.439418086000046], [71.7882821610001, 32.45638330900016], [71.7909125430001, 32.47805060800016], [71.82995458700015, 32.49613729200007], [71.83651689700008, 32.52226298800008], [71.87368006600019, 32.528960615000074], [71.88350833800018, 32.54496884700018], [71.92292214800005, 32.540840546000084], [71.9330201570001, 32.527957032000074], [71.95063090900004, 32.53388442800008], [71.93288211700019, 32.5439407720001], [71.93854391900004, 32.568945006000035], [71.92263899099999, 32.58468364000004], [71.92409758800017, 32.613821491000124], [71.8905922460001, 32.657310265000035], [71.9108629000001, 32.665688802000034], [71.91548096900016, 32.685416115000066], [71.89279088300003, 32.702330798000105], [71.8915313930001, 32.75390294500011], [71.97406982100017, 32.804566262000094], [71.97970291800004, 32.82506967400013], [71.9146890630002, 32.860597874000064], [71.88601224100012, 32.92933166900019], [71.87953975400006, 32.98146722000013], [71.8362230570001, 33.00216613000015], [71.74584000500005, 33.00287000200012], [71.74437999600013, 33.02948], [71.71922465600016, 33.02085796000006], [71.72754000400016, 33.03230000200017], [71.71848297100013, 33.05982971200018], [71.63382720900006, 33.088069916000165], [71.60301208499999, 33.13325882000004], [71.6025314330002, 33.18421936000016], [71.55597686800019, 33.227340698000035], [71.51614379900019, 33.21722030600006], [71.51782226600005, 33.19713974000018], [71.49997711200001, 33.19961166400009], [71.49191284199998, 33.215869904000044], [71.4493713380001, 33.220970154000156], [71.44578552200011, 33.238399506000064]]]}}, {"type": "Feature", "properties": {"adm2_name": "Multan", "adm2_name1": null, "adm2_name2": null, "adm2_name3": null, "adm2_pcode": "PK622", "adm1_name": "Punjab", "adm1_name1": null, "adm1_name2": null, "adm1_name3": null, "adm1_pcode": "PK6", "adm0_name": "Pakistan", "adm0_name1": null, "adm0_name2": null, "adm0_name3": null, "adm0_pcode": "PK", "valid_on": "2022-09-09", "valid_to": null, "area_sqkm": 3648.24511683, "version": "v01", "lang": "en", "lang1": null, "lang2": null, "lang3": null, "adm2_ref_name": "Multan", "center_lat": 29.92585886, "center_lon": 71.36563106}, "geometry": {"type": "Polygon", "coordinates": [[[71.56024967500014, 30.43668178600018], [71.4941993430001, 30.436733866000054], [71.47897670300017, 30.409790929], [71.46246176200003, 30.42349909500001], [71.46463889, 30.407487943000092], [71.48945310000005, 30.398850657000025], [71.40830319100002, 30.338710469000148], [71.39436170900007, 30.278267519000053], [71.36681911600016, 30.27096554299999], [71.38581049600015, 30.25582747800007], [71.31974351100007, 30.205206033000024], [71.2959723140001, 30.17033004400014], [71.2885783160001, 30.09063688100008], [71.27565883200015, 30.082599781000113], [71.28131046200019, 30.068091193000157], [71.26532867700007, 30.06101014100011], [71.25847813800004, 30.028991823000126], [71.27542496400014, 29.99951638900012], [71.2392264360002, 29.98152479200013], [71.21585410900019, 29.985505281000087], [71.18634892600005, 29.906020579000085], [71.16851439400006, 29.897844467000027], [71.17255177900006, 29.878509152999982], [71.19480067500007, 29.872551396000063], [71.19324453900015, 29.84075277400018], [71.17527886400018, 29.823150335000093], [71.1795715400001, 29.79792984000011], [71.16304584900007, 29.78311373700018], [71.17523050699998, 29.742870875000108], [71.15781951900004, 29.72640043000007], [71.1814537090001, 29.696947552999973], [71.12223902500006, 29.68660774400007], [71.11256199200005, 29.668761126000106], [71.0649074580001, 29.673981913000148], [71.06618238200008, 29.659338003000187], [71.05031287499997, 29.656030416000135], [71.04119056100018, 29.634491354000033], [71.06121943200009, 29.60799006800005], [71.02271969800017, 29.57998332400018], [71.02077236800017, 29.55108031000009], [71.00583818800015, 29.55070940500019], [71.02790030199998, 29.445208757000046], [71.04178956300018, 29.437186853000128], [71.0705865320001, 29.44284640700016], [71.08647603000014, 29.428473479000047], [71.10494999100007, 29.450830898000106], [71.12019542200017, 29.44724368100003], [71.12712356900005, 29.47344922700006], [71.13527172700014, 29.45099813700017], [71.16207943900008, 29.468967782999982], [71.2240512240001, 29.482378068000173], [71.23861236600015, 29.44593955000005], [71.30109197100012, 29.440837993000116], [71.33267988200004, 29.465101594000146], [71.31305041600001, 29.41691912800019], [71.33005857900014, 29.43136992700005], [71.35077828600004, 29.418920277000097], [71.389008731, 29.466888282000184], [71.36783459200018, 29.49219186500011], [71.36364873900015, 29.50827110299997], [71.38187705100006, 29.51053115000019], [71.35722229000015, 29.522789901000124], [71.35717005800012, 29.557439861000034], [71.38107988400009, 29.57278837100006], [71.38114115700006, 29.590553226000054], [71.40706026800012, 29.5946004220001], [71.4013686020001, 29.60515108900006], [71.42034957000016, 29.61444136800003], [71.42621757900008, 29.70278540400011], [71.44951815400003, 29.716131582], [71.43456464200017, 29.718044776000056], [71.44237050700008, 29.73599204900006], [71.41669232800007, 29.751919421000025], [71.42919752400019, 29.80785422200006], [71.45821670000015, 29.817678330000035], [71.46061683200014, 29.801281017], [71.48956692500013, 29.804567333000136], [71.50746072200019, 29.790899662000186], [71.4916637990001, 29.852114310000047], [71.50301786400007, 29.866065143000128], [71.51503270200016, 29.85888755500008], [71.5210754110002, 29.875320753000153], [71.54344801800005, 29.869012925000163], [71.53384445600005, 29.894478593000088], [71.54429150900012, 29.926338791999967], [71.56367157400007, 29.946890198000062], [71.5925073430002, 29.946665192000125], [71.56798161700004, 29.982526939000024], [71.59191066800014, 29.977901702000054], [71.61917890600017, 30.010996486000067], [71.64731284000004, 30.01273925800018], [71.71650989300014, 30.04926350300019], [71.75149769300015, 30.12988478799997], [71.83162015300013, 30.243581529000153], [71.81654569000011, 30.269632320000085], [71.76577637800017, 30.263401320000014], [71.7774716720001, 30.30315106200004], [71.73982814400011, 30.304269117000047], [71.72685115400003, 30.31589940700013], [71.7071018760002, 30.30606945300019], [71.65145125300006, 30.32705926400007], [71.66577075000015, 30.36553193500015], [71.6528183960001, 30.356299182000157], [71.62401784900004, 30.368540818000156], [71.61146767200017, 30.412178977000053], [71.57601965300006, 30.41843798600007], [71.56024967500014, 30.43668178600018]]]}}, {"type": "Feature", "properties": {"adm2_name": "Muzaffargarh", "adm2_name1": null, "adm2_name2": null, "adm2_name3": null, "adm2_pcode": "PK623", "adm1_name": "Punjab", "adm1_name1": null, "adm1_name2": null, "adm1_name3": null, "adm1_pcode": "PK6", "adm0_name": "Pakistan", "adm0_name1": null, "adm0_name2": null, "adm0_name3": null, "adm0_pcode": "PK", "valid_on": "2022-09-09", "valid_to": null, "area_sqkm": 7688.07184639, "version": "v01", "lang": "en", "lang1": null, "lang2": null, "lang3": null, "adm2_ref_name": "Muzaffargarh", "center_lat": 29.89244746, "center_lon": 71.01275141}, "geometry": {"type": "Polygon", "coordinates": [[[71.25499200800004, 30.763210264000122], [71.1618283860002, 30.762476165000066], [71.16292214300017, 30.7385407110001], [71.13681015900005, 30.70364882900003], [71.15276203200017, 30.67703687000005], [71.1007468000002, 30.645782704000055], [71.06877069300009, 30.655368469000166], [71.02490999700012, 30.642291923000187], [71.00434063800003, 30.656610264000165], [70.96127160600003, 30.660010665000186], [70.95465926200006, 30.672327590000123], [70.79549205000006, 30.65350906700013], [70.7977733890001, 30.627552997000123], [70.81394383800017, 30.612222781000014], [70.80152066000005, 30.59228164600006], [70.81488900600004, 30.577069187000177], [70.79205162000017, 30.554960146999974], [70.80441143200017, 30.51391112400006], [70.79344089200015, 30.482598697000185], [70.79922103600006, 30.457194698000137], [70.82096616900003, 30.45089282600003], [70.83309366100019, 30.39661602200016], [70.81912116700016, 30.319860252000183], [70.82602840100003, 30.26520176300005], [70.80064197000019, 30.250567247000163], [70.83963007400001, 30.203351009000187], [70.84973073400016, 30.121761638000066], [70.88589739400015, 30.054951330000165], [70.86362729100006, 30.047211323000056], [70.87830177500007, 29.972319345000074], [70.86196985400017, 29.965877992000117], [70.88536914900004, 29.940227965000133], [70.8549020960001, 29.93655795300009], [70.83044424299999, 29.9117842820001], [70.85515139100005, 29.891808542000035], [70.83988595600005, 29.835911371000066], [70.74266027100009, 29.71830972300006], [70.72416844200012, 29.71084013700016], [70.73565844000012, 29.697450278000133], [70.73078078600014, 29.674037020000185], [70.70177730800003, 29.647560078000083], [70.71811839000014, 29.625030343000162], [70.68268415800014, 29.56158395500006], [70.70989657700011, 29.525589239999988], [70.69369253800005, 29.51069036500013], [70.6978818120001, 29.491370602000075], [70.64894058900018, 29.49107087300007], [70.63758044600019, 29.471418259000075], [70.63681016000004, 29.412389903000133], [70.62045145000013, 29.404988691000085], [70.60959364900015, 29.415299560999983], [70.60713939000004, 29.39644348500019], [70.62429023900006, 29.388461053000185], [70.6098528330001, 29.358059484000137], [70.62817686400018, 29.310011427000063], [70.62166798700014, 29.288080131000186], [70.5837489430001, 29.258949659000052], [70.57920037900016, 29.232748084000093], [70.55258971600011, 29.218001184000116], [70.56800924900006, 29.217318329000193], [70.57847798199998, 29.19311764100013], [70.57775940100015, 29.120869306000145], [70.56255177500003, 29.113230846000135], [70.55206150400011, 29.082400660000133], [70.54605929900004, 29.017031359000157], [70.61284601300014, 29.048465028000123], [70.61889642800008, 29.08094534000014], [70.6790306920002, 29.095919291000143], [70.70532114300005, 29.154867719000038], [70.75057993000013, 29.15941907400014], [70.78481147000008, 29.246532198000182], [70.84092857700011, 29.238101068000162], [70.85509199300014, 29.265909612000144], [70.91492749800011, 29.241290859000173], [70.91088351100012, 29.281760060000124], [70.95857620100003, 29.276051256000073], [70.9500502460001, 29.300228130000164], [70.91474081800015, 29.316698256000052], [70.92084253100006, 29.332601749000105], [70.93519797200008, 29.34763074800003], [70.95955846600003, 29.346405369000024], [70.97159795300013, 29.362361991000057], [70.98921102700012, 29.35772164300016], [71.03203792600004, 29.380441807000125], [71.03608024600004, 29.41534624900015], [71.06105152200007, 29.442771860000164], [71.04825796500018, 29.434971401000155], [71.02790030199998, 29.445208757000046], [71.00581598700018, 29.54781015800006], [71.02321313700003, 29.554041368000128], [71.02804695400005, 29.58651113400009], [71.06121943200009, 29.60799006800005], [71.04113910299998, 29.632028713000125], [71.05031287499997, 29.656030416000135], [71.06618238200008, 29.659338003000187], [71.0665202880001, 29.675131396000154], [71.11256199200005, 29.668761126000106], [71.12223902500006, 29.68660774400007], [71.1814537090001, 29.696947552999973], [71.15781951900004, 29.72640043000007], [71.17523050699998, 29.742870875000108], [71.16304584900007, 29.78311373700018], [71.1795715400001, 29.79792984000011], [71.17527886400018, 29.823150335000093], [71.19324453900015, 29.84075277400018], [71.19480067500007, 29.872551396000063], [71.17255177900006, 29.878509152999982], [71.16851439400006, 29.897844467000027], [71.18634892600005, 29.906020579000085], [71.21585410900019, 29.985505281000087], [71.2392264360002, 29.98152479200013], [71.27542496400014, 29.99951638900012], [71.25847813800004, 30.028991823000126], [71.26532867700007, 30.06101014100011], [71.28131046200019, 30.068091193000157], [71.27565883200015, 30.082599781000113], [71.2885783160001, 30.09063688100008], [71.2959723140001, 30.17033004400014], [71.31974351100007, 30.205206033000024], [71.38581049600015, 30.25582747800007], [71.36681911600016, 30.27096554299999], [71.39436170900007, 30.278267519000053], [71.40830319100002, 30.338710469000148], [71.48945310000005, 30.398850657000025], [71.46463889, 30.407487943000092], [71.46246176200003, 30.42349909500001], [71.48246175300005, 30.41021777800006], [71.4941993430001, 30.436733866000054], [71.52838645700007, 30.431938725000066], [71.52508766900013, 30.45456063600011], [71.56182050000018, 30.448288941000158], [71.6077975560001, 30.502218810000045], [71.70223125400008, 30.54259182300018], [71.72669469700014, 30.57820427000007], [71.70178112700006, 30.582961990000058], [71.65566130800016, 30.620228926000152], [71.64020849500014, 30.607510000000104], [71.5995618120001, 30.622180490000176], [71.58663571200009, 30.592702634999966], [71.52857719700006, 30.583354085999986], [71.44479186300003, 30.62610220400012], [71.31279866000017, 30.744130014000064], [71.25499200800004, 30.763210264000122]]]}}, {"type": "Feature", "properties": {"adm2_name": "Nankana Sahib", "adm2_name1": null, "adm2_name2": null, "adm2_name3": null, "adm2_pcode": "PK624", "adm1_name": "Punjab", "adm1_name1": null, "adm1_name2": null, "adm1_name3": null, "adm1_pcode": "PK6", "adm0_name": "Pakistan", "adm0_name1": null, "adm0_name2": null, "adm0_name3": null, "adm0_pcode": "PK", "valid_on": "2022-09-09", "valid_to": null, "area_sqkm": 2194.61281403, "version": "v01", "lang": "en", "lang1": null, "lang2": null, "lang3": null, "adm2_ref_name": "Nankana Sahib", "center_lat": 31.43215984, "center_lon": 73.84967683}, "geometry": {"type": "Polygon", "coordinates": [[[73.47058239400008, 31.75883917200008], [73.48518369000004, 31.82949239400017], [73.46127773800004, 31.841687810000053], [73.44152503300006, 31.806427595], [73.40245029000005, 31.821438938000142], [73.38763327700019, 31.801237561000107], [73.35613784800012, 31.792482494000012], [73.33535658500006, 31.80036385900013], [73.32492239700002, 31.77077753800006], [73.29195099200018, 31.76530578000012], [73.28752092400009, 31.74131144500018], [73.32649703200002, 31.717696111], [73.36338016200017, 31.72150015500017], [73.37032782199998, 31.674810076000142], [73.38439031500013, 31.670230780000168], [73.37429084200016, 31.6592821590001], [73.45576239300016, 31.61968117500004], [73.45057394600013, 31.56725487300008], [73.48565595300016, 31.537524992000044], [73.48561104200007, 31.494696656000087], [73.4617999620001, 31.474481558000093], [73.50703215900012, 31.43078999800008], [73.5313017110002, 31.42338974000012], [73.57474782600019, 31.451263153000014], [73.60179945200008, 31.443529650000073], [73.65358867700013, 31.459280986000067], [73.67671427300007, 31.42175031500011], [73.68064762200015, 31.386959835000084], [73.66238739300019, 31.364087404000088], [73.67217552000011, 31.333620689000156], [73.64546514000006, 31.281369260000076], [73.58716399600007, 31.248324167000135], [73.58502263200018, 31.23439222000019], [73.57021166500016, 31.235678883000162], [73.525045751, 31.18680712700018], [73.49776803300011, 31.192676690999974], [73.44882101800005, 31.165081483999984], [73.43280714400004, 31.134743660000026], [73.44075664800016, 31.115619169000126], [73.39878977800004, 31.08931735100009], [73.3900195560002, 31.02244679800009], [73.43079947900009, 31.043369803000132], [73.46203661600015, 31.086845960000176], [73.55674852700014, 31.10690531800003], [73.60389865700012, 31.092829433000077], [73.61993069800013, 31.128991544000144], [73.67923363000006, 31.147377575000064], [73.70415543700017, 31.17433531000006], [73.72437963100003, 31.166447373000153], [73.74687614800007, 31.198128901000075], [73.81143976800001, 31.225467846000015], [73.82721849800015, 31.215957825000032], [73.89437231900013, 31.228131298000164], [73.91857068200005, 31.25368936600006], [73.90612891100011, 31.271692115000064], [73.93666348700003, 31.29153459600002], [74.03466145500005, 31.311710278000135], [74.00352610800007, 31.36064406700018], [74.03811301600012, 31.401480646000095], [74.02177215400002, 31.410272274000135], [74.0319921740001, 31.42909530000003], [74.02343666200011, 31.452062549000118], [73.94295245900008, 31.4749279560001], [73.95272914500009, 31.506310670000175], [73.986798856, 31.523420773000055], [73.99548438800014, 31.560765914000115], [73.95376831400017, 31.55349078400019], [73.93022853000008, 31.577700059000165], [73.92761991600008, 31.598401923999972], [73.90174615000012, 31.574981858000058], [73.8388900490001, 31.56857842800008], [73.76491204000001, 31.587796239000113], [73.72515047600012, 31.563081846000046], [73.72735980600015, 31.549100350000174], [73.74715861600015, 31.54477096800008], [73.74385036300009, 31.53385863200009], [73.72340304800014, 31.538630431000115], [73.67864995800005, 31.52086036000003], [73.659013764, 31.490070038000056], [73.625903117, 31.554421741], [73.64196890100004, 31.59138937400013], [73.66901991900005, 31.61166688100019], [73.60108301700006, 31.682081670000173], [73.62645639700014, 31.688046162000035], [73.62891201800005, 31.702315425000165], [73.58994814500016, 31.713559803000066], [73.55293039000014, 31.63434017300017], [73.52034061300009, 31.639798101000054], [73.55561276100013, 31.681781549000107], [73.53257004300013, 31.691798095000024], [73.513818566, 31.680869371000142], [73.46816127400012, 31.702296037000167], [73.49313564300013, 31.70691417000012], [73.47058239400008, 31.75883917200008]]]}}, {"type": "Feature", "properties": {"adm2_name": "Narowal", "adm2_name1": null, "adm2_name2": null, "adm2_name3": null, "adm2_pcode": "PK625", "adm1_name": "Punjab", "adm1_name1": null, "adm1_name2": null, "adm1_name3": null, "adm1_pcode": "PK6", "adm0_name": "Pakistan", "adm0_name1": null, "adm0_name2": null, "adm0_name3": null, "adm0_pcode": "PK", "valid_on": "2022-09-09", "valid_to": null, "area_sqkm": 2376.3135068, "version": "v01", "lang": "en", "lang1": null, "lang2": null, "lang3": null, "adm2_ref_name": "Narowal", "center_lat": 32.2057745, "center_lon": 75.04336592}, "geometry": {"type": "Polygon", "coordinates": [[[75.03664426300014, 32.49206775200014], [74.98787533700016, 32.44956233400006], [74.93681968400006, 32.46536871800015], [74.92559565200008, 32.412551195000106], [74.87547145700012, 32.38304071400006], [74.85224251200009, 32.30419491800018], [74.82667251600003, 32.3075775480001], [74.8227193960002, 32.29208025600002], [74.77928006600007, 32.29700586299998], [74.76720356400006, 32.28651085500013], [74.76531753200015, 32.253835038000034], [74.7528195450002, 32.25380605800012], [74.739258914, 32.226260532000026], [74.7607072020001, 32.18981126500006], [74.75238046400017, 32.157499546000054], [74.67469895300007, 32.13516119499997], [74.62479928200008, 32.09478545800016], [74.62259972400017, 32.06827104300004], [74.58803698600019, 32.060245997000095], [74.64146861800015, 31.97089273300014], [74.65918540000018, 31.96994661600013], [74.69377537800011, 31.918795210000155], [74.70919724200013, 31.957947316000116], [74.73641889200007, 31.93713006400003], [74.80448845800004, 31.946913339000105], [74.83168053100007, 32.0000009100001], [74.93250238700017, 32.06031459800016], [75.0049272710001, 32.02875476800011], [75.0508509340001, 32.041307978000134], [75.07363250200018, 32.0628158990001], [75.08735805300012, 32.054761587000144], [75.12669406300017, 32.074295351000046], [75.17190395500018, 32.06611644700013], [75.19435174000006, 32.080928842000105], [75.21188933800005, 32.11906409100004], [75.23342909000019, 32.0843634580001], [75.27197274900016, 32.112750607000066], [75.28326540000006, 32.142169124000134], [75.31423230500013, 32.15918803300008], [75.32284697400013, 32.20132047800007], [75.37475584000003, 32.224324874000104], [75.38081307500005, 32.264960734000056], [75.33991920900007, 32.28856726100008], [75.33042015500013, 32.33171146300009], [75.23153006500019, 32.39918905900009], [75.19546496100008, 32.40530850400006], [75.18852367800014, 32.42447883600016], [75.13960107500014, 32.4145814040001], [75.08262677400006, 32.48004498300003], [75.03664426300014, 32.49206775200014]]]}}, {"type": "Feature", "properties": {"adm2_name": "Okara", "adm2_name1": null, "adm2_name2": null, "adm2_name3": null, "adm2_pcode": "PK626", "adm1_name": "Punjab", "adm1_name1": null, "adm1_name2": null, "adm1_name3": null, "adm1_pcode": "PK6", "adm0_name": "Pakistan", "adm0_name1": null, "adm0_name2": null, "adm0_name3": null, "adm0_pcode": "PK", "valid_on": "2022-09-09", "valid_to": null, "area_sqkm": 4437.23687817, "version": "v01", "lang": "en", "lang1": null, "lang2": null, "lang3": null, "adm2_ref_name": "Okara", "center_lat": 30.69713738, "center_lon": 73.73344494}, "geometry": {"type": "Polygon", "coordinates": [[[73.6771992690002, 31.09184004700012], [73.66075954500013, 31.132385519000024], [73.64339224400015, 31.139750741000114], [73.61993069800013, 31.128991544000144], [73.60043399000006, 31.091571956000053], [73.55674852700014, 31.10690531800003], [73.50803097300013, 31.089873055000055], [73.48959729400019, 31.09809926700018], [73.45867451500004, 31.085275682000088], [73.43079947900009, 31.043369803000132], [73.3900195560002, 31.02244679800009], [73.397901731, 30.99568781400012], [73.38304049400006, 30.992220044000078], [73.37603880900014, 31.004078023000034], [73.33338873500014, 30.98041502700005], [73.31067830100011, 30.989021624000088], [73.26752473500005, 30.93863627500008], [73.27059989000003, 30.885739919000173], [73.29972039300009, 30.886012488000063], [73.28477324700003, 30.860673917999975], [73.30507767200004, 30.857966993000105], [73.27461111100018, 30.83985031100019], [73.29053249900016, 30.820828705], [73.27667084400014, 30.81179404500017], [73.28995774200013, 30.782654500000092], [73.30390966200008, 30.776712185], [73.3309419740001, 30.789351146000115], [73.36643931100008, 30.763643883000043], [73.36605912100003, 30.716200848000028], [73.34498305300002, 30.69148123500014], [73.37377959800017, 30.623218336000036], [73.34334920200013, 30.595230215000072], [73.35447731200003, 30.571632233000116], [73.28513552400011, 30.543863175000013], [73.32585072800003, 30.520701142000178], [73.32715693800009, 30.49890254200011], [73.35449090200007, 30.52358016200003], [73.39236094000012, 30.5103893590001], [73.38933070000007, 30.53034172000008], [73.41846729900004, 30.54626427400018], [73.4305626420001, 30.58577416600002], [73.46119123400018, 30.59029601499998], [73.45041588100008, 30.60171135200011], [73.47739205900012, 30.615159953000045], [73.48440317300003, 30.589823470000056], [73.46693589000012, 30.547679183000128], [73.48385810800016, 30.55112224700008], [73.51901999000017, 30.515228138000168], [73.56217091700012, 30.519052166000165], [73.59255992400017, 30.5098399150001], [73.59504852700007, 30.49590217200017], [73.62736250400008, 30.49394217100013], [73.61772971400012, 30.48526137700003], [73.63674082700004, 30.476681290000045], [73.62420235600007, 30.45728644900015], [73.63272532000008, 30.44919416], [73.598685666, 30.434312655000156], [73.5807780510001, 30.39877617500008], [73.62992043100007, 30.405009178000057], [73.63987580600019, 30.383138988999974], [73.64210211300008, 30.370017399000176], [73.6260916510002, 30.364363944000047], [73.63274844, 30.254847308000137], [73.66292582000005, 30.28105286900012], [73.68426464700019, 30.267318343000056], [73.70842705300015, 30.275476285000025], [73.73017948600005, 30.266431881000074], [73.76854776500005, 30.28273907099998], [73.7816521900001, 30.321098233000043], [73.838340394, 30.31646765100004], [73.85102074900016, 30.299454512000068], [73.89995288400007, 30.339168278000102], [73.91745914500018, 30.319029217000093], [73.92426646400008, 30.329611736], [73.8753053530001, 30.36138463300017], [73.87321315100019, 30.383436242000187], [73.90342063800011, 30.41679995000004], [73.92785595800007, 30.420912518000137], [73.93528834900013, 30.46295627700016], [73.96267687300019, 30.457606265000152], [73.98365127700009, 30.500530777999984], [74.03197491500003, 30.53579043300016], [74.06651425000007, 30.52018896100003], [74.07761372400012, 30.52936321600015], [74.0848070990001, 30.540678786000058], [74.0756524890001, 30.554623523000032], [74.0971075280001, 30.563794354000038], [74.10034963700019, 30.60776348000013], [74.16175827200016, 30.641612235000082], [74.11359317500012, 30.72061353200013], [74.07220724000007, 30.75603047800007], [74.0648570300001, 30.79532552300003], [74.0276810260001, 30.79973758200009], [74.01586921200015, 30.828879440000094], [73.98797298700009, 30.82058169400011], [73.93264904500006, 30.861810268000056], [73.8581873500001, 30.86223898500009], [73.81678005500004, 30.93382133800003], [73.78657254800004, 30.923159345000045], [73.75635126300006, 30.945077273000095], [73.76228119000012, 30.992487574000165], [73.73068119800018, 31.005880140000045], [73.71203635200004, 31.044083968000166], [73.66195974500016, 31.060975704000157], [73.66302739800011, 31.08430147100006], [73.6771992690002, 31.09184004700012]]]}}, {"type": "Feature", "properties": {"adm2_name": "Pakpattan", "adm2_name1": null, "adm2_name2": null, "adm2_name3": null, "adm2_pcode": "PK627", "adm1_name": "Punjab", "adm1_name1": null, "adm1_name2": null, "adm1_name3": null, "adm1_pcode": "PK6", "adm0_name": "Pakistan", "adm0_name1": null, "adm0_name2": null, "adm0_name3": null, "adm0_pcode": "PK", "valid_on": "2022-09-09", "valid_to": null, "area_sqkm": 2884.28424266, "version": "v01", "lang": "en", "lang1": null, "lang2": null, "lang3": null, "adm2_ref_name": "Pakpattan", "center_lat": 30.28861575, "center_lon": 73.30698475}, "geometry": {"type": "Polygon", "coordinates": [[[73.48440317300003, 30.589823470000056], [73.47618046500003, 30.615191103000143], [73.45041588100008, 30.60171135200011], [73.46119123400018, 30.59029601499998], [73.43517042000013, 30.590270541], [73.434796243, 30.574138262000076], [73.41712038300017, 30.567088249], [73.41846729900004, 30.54626427400018], [73.38933070000007, 30.53034172000008], [73.39136248800014, 30.51006373200005], [73.35449090200007, 30.52358016200003], [73.32715693800009, 30.49890254200011], [73.3266815290001, 30.519250399000157], [73.30458402800008, 30.540921957000023], [73.29212970600008, 30.517777313000124], [73.28362331500011, 30.533098604000145], [73.23556253900011, 30.542691116000128], [73.23676809900019, 30.528005881000183], [73.21498936000006, 30.533382056000107], [73.2145021410002, 30.51854813600005], [73.18439779500011, 30.525591415000065], [73.2031098810001, 30.496138830000064], [73.08724982799998, 30.467572558000086], [73.10528276700018, 30.460020943000075], [73.10134477800005, 30.446453454000107], [73.07530101700019, 30.45934898600018], [73.07232833800015, 30.42315142400014], [73.05505296000018, 30.406789063000133], [73.03157022700015, 30.427792725000188], [73.03382931400006, 30.40886846300009], [73.00784806400014, 30.419871321000073], [73.01332040700004, 30.404230082000083], [73.00027949000008, 30.403753219000123], [72.96192085700017, 30.45505954600003], [72.95514607900003, 30.44222081800018], [72.96741237200007, 30.43765131700019], [72.94961774500007, 30.418189962000156], [72.94046336200012, 30.419779208000193], [72.94253813600005, 30.437700021000126], [72.93198688000012, 30.422741743000074], [72.89864175700006, 30.42236064800005], [72.89694015200007, 30.40691939700008], [72.88197855800007, 30.41172782900003], [72.8991787270001, 30.3925702680001], [72.82912605700017, 30.40284284700016], [72.84529057600008, 30.380190925000136], [72.84839309700004, 30.314340319000053], [72.92200764800009, 30.30978105100013], [72.94116857800003, 30.293883016000052], [72.98963841200015, 30.295810144000143], [72.99211061800008, 30.276880094999967], [72.9621679280001, 30.268160779000084], [72.95125790900005, 30.24044211200004], [72.95704094400008, 30.201205526000024], [72.942329712, 30.17470777500006], [72.94221996400017, 30.102899661000038], [72.92981854900017, 30.08564095500003], [72.93865977000013, 30.05254949800002], [72.92895541500019, 30.024440143000106], [72.95278579500018, 30.036263085000144], [72.97947196299998, 30.02466460100004], [72.9617475980001, 29.98872918400008], [72.97098632100011, 29.96312851800019], [73.01854440700009, 29.965334361000032], [73.00554829600009, 29.982572252000125], [73.02774007600004, 29.998389477000103], [73.0162679440001, 30.032041686000184], [73.0267513030002, 30.041760694000175], [73.09955785400018, 30.002270216000113], [73.08189804700015, 30.022637978000148], [73.14840849900008, 30.05416835400007], [73.1593311490002, 30.078111802000137], [73.18531019300013, 30.04494144600011], [73.19095879700012, 30.07017808700016], [73.21804905800008, 30.066728302000115], [73.2311792640001, 30.09108877100016], [73.27219476500005, 30.110711411000125], [73.35185727900006, 30.10473421400019], [73.37865953700003, 30.071290546000114], [73.375973225, 30.14908706800003], [73.40771705300017, 30.14837016200005], [73.41501816000005, 30.173549787000184], [73.45279202000012, 30.15888991600019], [73.44546255100005, 30.17769902900011], [73.45843798900017, 30.181415242000014], [73.45526944500006, 30.220109931000025], [73.48121023200008, 30.20768791300003], [73.534718704, 30.26223781400006], [73.56593555100017, 30.254693781000128], [73.5733885800002, 30.271340620000046], [73.60092957900014, 30.265607983999985], [73.62550127200007, 30.27819116], [73.6260916510002, 30.364363944000047], [73.64210211300008, 30.370017399000176], [73.63987580600019, 30.383138988999974], [73.62992043100007, 30.405009178000057], [73.5807780510001, 30.39877617500008], [73.59920189600012, 30.43480966900006], [73.632114059, 30.44807808100012], [73.62420235600007, 30.45728644900015], [73.63674082700004, 30.476681290000045], [73.61898747700019, 30.48191851300004], [73.62616606200004, 30.494566248000126], [73.59435713700009, 30.496179433000123], [73.59255992400017, 30.5098399150001], [73.51901999000017, 30.515228138000168], [73.48385810800016, 30.55112224700008], [73.46801093300019, 30.546844359000147], [73.48440317300003, 30.589823470000056]]]}}, {"type": "Feature", "properties": {"adm2_name": "Rahim Yar Khan", "adm2_name1": null, "adm2_name2": null, "adm2_name3": null, "adm2_pcode": "PK628", "adm1_name": "Punjab", "adm1_name1": null, "adm1_name2": null, "adm1_name3": null, "adm1_pcode": "PK6", "adm0_name": "Pakistan", "adm0_name1": null, "adm0_name2": null, "adm0_name3": null, "adm0_pcode": "PK", "valid_on": "2022-09-09", "valid_to": null, "area_sqkm": 12848.72205835, "version": "v01", "lang": "en", "lang1": null, "lang2": null, "lang3": null, "adm2_ref_name": "Rahim Yar Khan", "center_lat": 28.4853645, "center_lon": 70.46052284}, "geometry": {"type": "MultiPolygon", "coordinates": [[[[70.91696084300008, 29.23930086600012], [70.85509199300014, 29.265909612000144], [70.84092857700011, 29.238101068000162], [70.78481147000008, 29.246532198000182], [70.75057993000013, 29.15941907400014], [70.70532114300005, 29.154867719000038], [70.6790306920002, 29.095919291000143], [70.61889642800008, 29.08094534000014], [70.61284601300014, 29.048465028000123], [70.5154103750001, 28.994600126000023], [70.48155100800011, 28.990278127000124], [70.4877003700002, 28.95822115500016], [70.459787737, 28.937927692000187], [70.38226160199997, 28.94877909500019], [70.34460725200017, 28.92472826100004], [70.40996276900006, 28.86627785400009], [70.38487058900012, 28.79007605400011], [70.37271060200004, 28.788692210000193], [70.34362015600004, 28.825117619000025], [70.28735075300006, 28.813947562000124], [70.31392256700019, 28.7561481460001], [70.2515015080001, 28.753211010000086], [70.23078960500015, 28.770161308000127], [70.2235582670001, 28.749047233000056], [70.20123190200013, 28.755786040000146], [70.1982108430002, 28.744042710000144], [70.23091063600015, 28.71372209400016], [70.22553627900015, 28.686511019000136], [70.20650241800013, 28.670667894000132], [70.11972904800012, 28.665887985000154], [70.08515124700006, 28.642282300000034], [70.08026949900011, 28.621239375000016], [70.1224723430002, 28.603079442000023], [70.07546075700014, 28.563111178000042], [70.06324878400017, 28.52763780400005], [70.00576702800015, 28.53948890700019], [69.99712781800014, 28.51831953700008], [69.97010539799999, 28.50367646899997], [69.96617063500014, 28.457809743000155], [69.91490962699999, 28.427871827000047], [69.89747952100004, 28.427219217000015], [69.85683221400018, 28.457579287999977], [69.86454398300009, 28.426135466000176], [69.83740993700013, 28.422768715000018], [69.81275756200006, 28.396260586000096], [69.75138881000015, 28.402932465000106], [69.76190185500019, 28.384708405000026], [69.79430389400017, 28.37988281300011], [69.791900635, 28.367898941000078], [69.81593322800012, 28.35806655900012], [69.81547546400009, 28.277183533000084], [69.83671569800015, 28.268774033000113], [69.83164978000002, 28.241128921000154], [69.85763549799998, 28.197050095000066], [69.83769989000007, 28.169696808000026], [69.84511566200007, 28.133245468000098], [70.00082397500017, 27.937433243000044], [70.03514862100013, 27.927133560000073], [70.0691604610002, 27.895391464000056], [70.18050812500007, 27.854901706000135], [70.36616583200015, 28.008250382000085], [70.50983362100015, 28.035543954000104], [70.56262979000019, 28.019801692000158], [70.66069806000019, 27.930501679000145], [70.67210530700015, 27.91431740200011], [70.67841465300012, 27.83905380300007], [70.75766620500019, 27.717208431000074], [70.88534616800001, 27.705843749000167], [71.10580057600015, 27.793128533000186], [71.06132255100005, 28.01570067200015], [71.0303069850001, 28.118490066000106], [70.99188103000012, 28.177678053000193], [70.9746304910002, 28.23446875200017], [70.97054146599999, 28.377421189000188], [70.94846687799998, 28.511800450000067], [70.97875995200019, 28.68028221200018], [71.05690002000011, 28.861492054000053], [71.06018034300018, 28.890609894000193], [71.04362744700018, 28.918020208000087], [71.0615894390001, 28.934627415000023], [71.05190139400008, 28.96454127500016], [71.06122295700015, 28.982609483000147], [71.0409570130002, 29.000842980000186], [71.0640405170002, 29.024997923000114], [71.06049205900007, 29.047067353000045], [71.08742762800017, 29.06791250400005], [71.07283021000012, 29.129550379000136], [71.08241722200006, 29.143340484000078], [71.064062019, 29.15111969999998], [71.03585908700012, 29.142208119000088], [70.99993949200007, 29.083601476000183], [70.98440975900002, 29.082221042000185], [70.95018003600018, 29.1067111910001], [70.91708110500008, 29.181649354000058], [70.88646849800017, 29.176709133000145], [70.91113138600008, 29.208189428000082], [70.91696084300008, 29.23930086600012]]], [[[69.55419158900008, 28.123756409], [69.58177185100016, 28.19822883600017], [69.53627014200003, 28.2093791960001], [69.51907348600002, 28.237239838000164], [69.47513580300006, 28.264833450000083], [69.48030090300017, 28.242742539000062], [69.46670532200017, 28.211385727000163], [69.52609252900004, 28.168081284000095], [69.53322601300016, 28.127269745000092], [69.55419158900008, 28.123756409]]], [[[69.64990234400011, 28.346282959], [69.5850601190001, 28.35099029600002], [69.55915069600013, 28.39514350900015], [69.53357696500007, 28.388750076000065], [69.5916900630001, 28.288362503000087], [69.60445404100017, 28.220474243000183], [69.66891479500015, 28.22250938400009], [69.67256164600019, 28.25010490400001], [69.69404602100013, 28.259199142], [69.72244262700008, 28.23576355], [69.74321746800013, 28.241283417000147], [69.75783459400003, 28.311548405000053], [69.70788574200009, 28.292154312000036], [69.64990234400011, 28.346282959]]]]}}, {"type": "Feature", "properties": {"adm2_name": "Rajanpur", "adm2_name1": null, "adm2_name2": null, "adm2_name3": null, "adm2_pcode": "PK629", "adm1_name": "Punjab", "adm1_name1": null, "adm1_name2": null, "adm1_name3": null, "adm1_pcode": "PK6", "adm0_name": "Pakistan", "adm0_name1": null, "adm0_name2": null, "adm0_name3": null, "adm0_pcode": "PK", "valid_on": "2022-09-09", "valid_to": null, "area_sqkm": 12584.64545198, "version": "v01", "lang": "en", "lang1": null, "lang2": null, "lang3": null, "adm2_ref_name": "Rajanpur", "center_lat": 29.14549239, "center_lon": 70.15288343}, "geometry": {"type": "Polygon", "coordinates": [[[70.08761299200012, 29.815479661000097], [69.90815868200019, 29.861638581000136], [69.87768262800012, 29.89878983300008], [69.83580017100019, 29.861467361000052], [69.78900146500013, 29.768806458000086], [69.73258209200014, 29.71887207000009], [69.64600486400002, 29.68526110600004], [69.61865997300015, 29.6400299070001], [69.59146881100008, 29.626049042000147], [69.60333251999998, 29.596775054999966], [69.59805297900004, 29.531063080000138], [69.56575012200011, 29.46715736400006], [69.56451416000016, 29.40908622700016], [69.61495971700003, 29.423295975000144], [69.65252685500013, 29.38914299000004], [69.66909027100013, 29.355567932000042], [69.64030456500012, 29.31109809900005], [69.67142486600011, 29.305242538000073], [69.68670654300018, 29.25866699200003], [69.76654052700013, 29.29778480500005], [69.74401855500003, 29.236421585000187], [69.75191497800012, 29.180454254000097], [69.70630645799997, 29.08965873700015], [69.65057373000008, 29.0657081600001], [69.59396362300009, 28.994235992000142], [69.58119964600013, 28.960124969000105], [69.55541992200017, 28.951795578000088], [69.48960113500016, 28.891567230000135], [69.48460388200016, 28.84444618200007], [69.52541351300016, 28.82572937000009], [69.53767395, 28.801134109000145], [69.53291320800014, 28.77309417700002], [69.42092132600004, 28.597682953000174], [69.32193756100008, 28.549612045], [69.36376190200019, 28.44563674900013], [69.41358947800006, 28.44814682000009], [69.43715667700019, 28.475261688000046], [69.51199340800008, 28.48492813100006], [69.62454223600002, 28.46754455600012], [69.60594619500017, 28.43954359300011], [69.71144104000012, 28.42539405800011], [69.75138881000015, 28.402932465000106], [69.80201409000006, 28.394794185000023], [69.83740993700013, 28.422768715000018], [69.86454398300009, 28.426135466000176], [69.85540880100007, 28.457311851000156], [69.89747952100004, 28.427219217000015], [69.92643370000008, 28.432657691000088], [69.96617063500014, 28.457809743000155], [69.97010539799999, 28.50367646899997], [69.99712781800014, 28.51831953700008], [70.003050885, 28.537189764000118], [70.01856795700013, 28.54308842500012], [70.06028874400005, 28.5254880170001], [70.07546075700014, 28.563111178000042], [70.12159874800011, 28.600738515000046], [70.08026949900011, 28.621239375000016], [70.09490984200005, 28.65174839499997], [70.11972904800012, 28.665887985000154], [70.2216231480001, 28.68047073300005], [70.23091063600015, 28.71372209400016], [70.1982108430002, 28.744042710000144], [70.20123190200013, 28.755786040000146], [70.2235582670001, 28.749047233000056], [70.23078960500015, 28.770161308000127], [70.2515015080001, 28.753211010000086], [70.31084178500004, 28.753950836000172], [70.31690988600019, 28.764760985000123], [70.28433995700016, 28.808598464], [70.31053081800013, 28.820859023000082], [70.34643778000014, 28.824179366000067], [70.37271060200004, 28.788692210000193], [70.38790060000008, 28.792930321000085], [70.40996276900006, 28.86627785400009], [70.34512165500001, 28.91571215400006], [70.34998661200012, 28.930549831000178], [70.38226160199997, 28.94877909500019], [70.459787737, 28.937927692000187], [70.4877003700002, 28.95822115500016], [70.48155100800011, 28.990278127000124], [70.5154103750001, 28.994600126000023], [70.54605929900004, 29.017031359000157], [70.55206150400011, 29.082400660000133], [70.56255177500003, 29.113230846000135], [70.57775940100015, 29.120869306000145], [70.57847798199998, 29.19311764100013], [70.56800924900006, 29.217318329000193], [70.55258971600011, 29.218001184000116], [70.57920037900016, 29.232748084000093], [70.5837489430001, 29.258949659000052], [70.62166798700014, 29.288080131000186], [70.62817686400018, 29.310011427000063], [70.6098528330001, 29.358059484000137], [70.62429023900006, 29.388461053000185], [70.60713939000004, 29.39644348500019], [70.60959364900015, 29.415299560999983], [70.62045145000013, 29.404988691000085], [70.63681016000004, 29.412389903000133], [70.64384231100007, 29.484907642], [70.69703837900005, 29.49052025800006], [70.69369253800005, 29.51069036500013], [70.70989657700011, 29.525589239999988], [70.68265438800017, 29.554914576000044], [70.7188710470001, 29.62834872000019], [70.70177730800003, 29.647560078000083], [70.72181888900013, 29.666316977000122], [70.69889916800008, 29.714011031000155], [70.70289307000019, 29.72964145400016], [70.6853404220002, 29.743608808000147], [70.68885902300008, 29.781940191000103], [70.66095867500019, 29.802847519000125], [70.60617011400012, 29.80286821900006], [70.57792832800016, 29.77373849700001], [70.57332306800015, 29.730289749000065], [70.5356989780002, 29.667909830000042], [70.47627130000006, 29.630661478000036], [70.42697096799998, 29.61867983400009], [70.42793137700016, 29.641389948999972], [70.39563301700014, 29.667050721000066], [70.39287790600014, 29.69394153100012], [70.35366911199998, 29.73073982200009], [70.1764777750002, 29.747161910000102], [70.08761299200012, 29.815479661000097]]]}}, {"type": "Feature", "properties": {"adm2_name": "Rawalpindi", "adm2_name1": null, "adm2_name2": null, "adm2_name3": null, "adm2_pcode": "PK630", "adm1_name": "Punjab", "adm1_name1": null, "adm1_name2": null, "adm1_name3": null, "adm1_pcode": "PK6", "adm0_name": "Pakistan", "adm0_name1": null, "adm0_name2": null, "adm0_name3": null, "adm0_pcode": "PK", "valid_on": "2022-09-09", "valid_to": null, "area_sqkm": 5225.9680358, "version": "v01", "lang": "en", "lang1": null, "lang2": null, "lang3": null, "adm2_ref_name": "Rawalpindi", "center_lat": 33.54128533, "center_lon": 73.43812736}, "geometry": {"type": "Polygon", "coordinates": [[[73.51200752900019, 34.01767306300002], [73.47190316500019, 34.016655625000055], [73.4235763550002, 33.95560073900015], [73.40411377000004, 33.975780487000065], [73.37870025600012, 33.96234130900007], [73.38215637200011, 33.941810608000026], [73.34662628200005, 33.91870117200017], [73.328842163, 33.87322998000019], [73.29997253400006, 33.84563064600013], [73.25388336200012, 33.84468841600011], [73.23007965100015, 33.82102966300005], [73.16847229000007, 33.804508209000176], [73.26137542700019, 33.77871704100011], [73.3373718260001, 33.72781753500004], [73.3472442630001, 33.709033966000106], [73.38939666800019, 33.70362854000018], [73.35454559300007, 33.66249084499998], [73.32375335700016, 33.66658783000014], [73.30213165300012, 33.65501022300009], [73.29875183100006, 33.59128379800006], [73.19972885400006, 33.48971101600017], [73.08687591600017, 33.542419434000124], [73.15449905400015, 33.57836914100005], [73.08820092600018, 33.66418929500003], [73.00177764900013, 33.618789673000094], [72.98881530800008, 33.63386917100007], [72.96878051800007, 33.631464005], [72.98612213100012, 33.61058425900012], [72.9142150880001, 33.572631836000085], [72.81388102200009, 33.70140276200004], [72.92606353800011, 33.737159729000155], [72.88073730500014, 33.75749969500015], [72.8887329100001, 33.76644897500006], [72.82940673799999, 33.763328552000075], [72.82166290300012, 33.77830886800018], [72.83016204800015, 33.7909088130001], [72.84174346900016, 33.80281066900005], [72.85537719700005, 33.79710006700003], [72.8718338010001, 33.82590866100014], [72.82014180300018, 33.82945992200007], [72.81687283999997, 33.80322437300015], [72.79048496200016, 33.804140048000136], [72.7664885550002, 33.85618878499997], [72.74423109900016, 33.86528891200004], [72.73025757400012, 33.855889204000164], [72.72264931700005, 33.837280094], [72.73789030800015, 33.8240886800001], [72.68491901200008, 33.808209725000154], [72.7034994330001, 33.77811908700005], [72.69188003000016, 33.73530991400014], [72.71918901900011, 33.73398242700017], [72.72154002000019, 33.74564991200015], [72.73314989400018, 33.71009991700015], [72.75235002300008, 33.7106300530001], [72.7545400250001, 33.695890052000095], [72.73049964800009, 33.68974154200009], [72.74577666600004, 33.665439828000046], [72.74302317100006, 33.636441935000164], [72.81137924800004, 33.64180189500007], [72.79811436400007, 33.62461047600004], [72.82262460300012, 33.600529521000055], [72.81639779000011, 33.56794034200004], [72.84441820600006, 33.561243040000136], [72.85386731100016, 33.53316491600003], [72.90033002000001, 33.51799004700007], [72.92473963300006, 33.48704257000003], [72.88618002100014, 33.46171005300016], [72.86776002800008, 33.474580054], [72.77583002200015, 33.444919911000056], [72.7735626060001, 33.397403008000026], [72.75763001500019, 33.401850036999974], [72.72323542500004, 33.37645578700011], [72.67865988900013, 33.304269249000185], [72.68846226000016, 33.27627275700013], [72.66296457600009, 33.27449531500014], [72.65025740500005, 33.25326696800005], [72.64446976200014, 33.2201199270001], [72.6331369770001, 33.21521160600014], [72.63626990400007, 33.19018004900016], [72.6620341690001, 33.212495884000134], [72.71007328900009, 33.212686695], [72.72305002100018, 33.19303004300008], [72.76791001700002, 33.18940004799998], [72.8120094590002, 33.15890042400014], [72.92540064800016, 33.169392426000115], [72.94936303000003, 33.11479015500004], [73.01103593100004, 33.10772266500004], [73.03491354699997, 33.06438169900014], [73.07020204800006, 33.079260449000174], [73.08594729700013, 33.105254885000136], [73.10372453200011, 33.10594815400003], [73.10344408800017, 33.08542473600011], [73.11740494900005, 33.074076295000054], [73.13387776700006, 33.09632661300003], [73.20472034700015, 33.09828956200016], [73.21557807900018, 33.086303299000065], [73.33944792000011, 33.11169710600018], [73.36424054200012, 33.10275604300017], [73.39543752800012, 33.14187880000003], [73.37797202300004, 33.17256104800009], [73.43398002000009, 33.21784005400019], [73.43285802700007, 33.23654904700015], [73.45752601200013, 33.24686486400009], [73.48075001400002, 33.22519992000019], [73.50345001800008, 33.22288005000013], [73.53038001800002, 33.245620051000174], [73.54800001700016, 33.199039804], [73.56076014900009, 33.237130172000036], [73.59346002100011, 33.231560052000134], [73.60038015100014, 33.248449917000016], [73.62360268700013, 33.25527279900001], [73.59863378300008, 33.31805194600008], [73.60720851600018, 33.333328793000135], [73.58471596100014, 33.3391573450001], [73.57054136200014, 33.372216602000094], [73.59721310300012, 33.439154257000155], [73.62664765200009, 33.459716012000115], [73.60832218900003, 33.49193695500003], [73.6113737140002, 33.51277086500005], [73.63165389800002, 33.52638153600009], [73.62692254899997, 33.56888652800018], [73.59860114700007, 33.60694243300003], [73.56887820100013, 33.624161597000125], [73.57388424900006, 33.66443737800006], [73.59887607200017, 33.69860018300005], [73.59248487100007, 33.74694019100008], [73.5666646790001, 33.788885724000124], [73.58360201800008, 33.89443877200017], [73.5387085860001, 33.95125960500013], [73.51200752900019, 34.01767306300002]]]}}, {"type": "Feature", "properties": {"adm2_name": "Sahiwal", "adm2_name1": null, "adm2_name2": null, "adm2_name3": null, "adm2_pcode": "PK631", "adm1_name": "Punjab", "adm1_name1": null, "adm1_name2": null, "adm1_name3": null, "adm1_pcode": "PK6", "adm0_name": "Pakistan", "adm0_name1": null, "adm0_name2": null, "adm0_name3": null, "adm0_pcode": "PK", "valid_on": "2022-09-09", "valid_to": null, "area_sqkm": 3228.72015582, "version": "v01", "lang": "en", "lang1": null, "lang2": null, "lang3": null, "adm2_ref_name": "Sahiwal", "center_lat": 30.55010773, "center_lon": 72.89607312}, "geometry": {"type": "Polygon", "coordinates": [[[73.27059989000003, 30.885739919000173], [73.26752473500005, 30.93863627500008], [73.2377220090001, 30.930130812000186], [73.21449766000006, 30.906590350000045], [73.19353859100005, 30.924839703000032], [73.19692116300018, 30.901701461000073], [73.17339937300017, 30.898682366000116], [73.18633136400018, 30.879938131000074], [73.17404969600005, 30.86773842800011], [73.19024336500007, 30.866470128000117], [73.17592311700008, 30.842260144000193], [73.15917985100009, 30.846929734000184], [73.15941832000004, 30.867510622000054], [73.13310872699998, 30.870107987000154], [73.12601721500016, 30.859275916000115], [73.14017856200007, 30.831209071000046], [73.11567876300006, 30.811728844000186], [73.09554837400009, 30.815443096000024], [73.09148204700017, 30.800829492000048], [73.0718683500001, 30.796244349000176], [73.05452947400005, 30.808701080000105], [73.01523819400018, 30.771910001000094], [73.01876151400018, 30.801494463000097], [73.00273949000001, 30.80173057999997], [73.0030331910001, 30.762279717000126], [72.98608700000011, 30.763171093000153], [72.9856885910001, 30.785514593000016], [72.93835818400004, 30.741781646999982], [72.92066772600003, 30.74201396800015], [72.9198812410001, 30.730158835000054], [72.93792817700006, 30.721645363000164], [72.91375487000005, 30.676028466000105], [72.86102154700006, 30.689051308000046], [72.8527084640001, 30.702352175000044], [72.84208864600004, 30.68147962000012], [72.82530988600013, 30.69667117900019], [72.81126051500007, 30.68071995500003], [72.7590011600002, 30.68149069800012], [72.75195151100019, 30.66538216700019], [72.789130882, 30.661286179000058], [72.77191432600017, 30.65237627700003], [72.76898086100016, 30.64131979600012], [72.7794408640001, 30.64621083500009], [72.78177049000016, 30.635137424000163], [72.76026857200009, 30.62708728000007], [72.75898622500011, 30.602641834000167], [72.72640115000007, 30.602412561000108], [72.74286061800018, 30.589631964000034], [72.73706909300017, 30.582278613000085], [72.66194958700004, 30.57395874300005], [72.66069065800008, 30.59263459000016], [72.64590610400018, 30.57402368300012], [72.60121084500014, 30.576921703000096], [72.58691198100013, 30.588639107000063], [72.60646029200012, 30.591130627000155], [72.57227673000006, 30.61597999000014], [72.55682586700016, 30.597191456000076], [72.55776990100014, 30.61810844400003], [72.53238517100016, 30.611197623000123], [72.54799564100017, 30.61063492], [72.54217064700015, 30.59813991400017], [72.51673872100014, 30.604338543000154], [72.52440089800007, 30.58571432000008], [72.49722437200018, 30.578091091000033], [72.50093828100006, 30.549463739000146], [72.47728503800005, 30.53902675600017], [72.48198528900002, 30.498822489000133], [72.43900514200004, 30.441312293000067], [72.43903381899997, 30.376560986000072], [72.39447805500009, 30.29748086300009], [72.40766949100015, 30.211548761000074], [72.39794278400012, 30.18745857], [72.44297008500007, 30.180370189000143], [72.44264986700006, 30.168497608000052], [72.46173326400009, 30.162421610000024], [72.51476945200005, 30.222628873000076], [72.50454576900012, 30.22808606700005], [72.51741009200003, 30.262374341000054], [72.57334903500004, 30.266271641000117], [72.57216823000016, 30.245830225000077], [72.59031248700012, 30.230438867000032], [72.58955161500006, 30.24086368600007], [72.60077821800019, 30.23634766900011], [72.60246106300002, 30.24865323600011], [72.62168729100011, 30.253924345000087], [72.62438004500012, 30.28431889600006], [72.63803771300007, 30.28419233500017], [72.64949629600005, 30.313975246000155], [72.66510194300008, 30.30905838900003], [72.67571338900007, 30.32834879800015], [72.68484047200019, 30.304124500000114], [72.70463781500013, 30.294127326000023], [72.73052365700005, 30.339681708000114], [72.74533984700008, 30.32600942600004], [72.77674021500002, 30.326371433000077], [72.78093860200005, 30.34014156000012], [72.79303865300017, 30.332301005000033], [72.79443680700018, 30.346051109000143], [72.80991698200017, 30.34814872300018], [72.8032964030001, 30.36694308700004], [72.84425493200001, 30.37356772300012], [72.82912605700017, 30.40284284700016], [72.8991787270001, 30.3925702680001], [72.88197855800007, 30.41172782900003], [72.89694015200007, 30.40691939700008], [72.89864175700006, 30.42236064800005], [72.93198688000012, 30.422741743000074], [72.94253813600005, 30.437700021000126], [72.94046336200012, 30.419779208000193], [72.94961774500007, 30.418189962000156], [72.96741237200007, 30.43765131700019], [72.95514607900003, 30.44222081800018], [72.95939809800007, 30.45425592000015], [73.00027949000008, 30.403753219000123], [73.01332040700004, 30.404230082000083], [73.00784806400014, 30.419871321000073], [73.03382931400006, 30.40886846300009], [73.03157022700015, 30.427792725000188], [73.05505296000018, 30.406789063000133], [73.07232833800015, 30.42315142400014], [73.07530101700019, 30.45934898600018], [73.10134477800005, 30.446453454000107], [73.10528276700018, 30.460020943000075], [73.08724982799998, 30.467572558000086], [73.2031098810001, 30.496138830000064], [73.18439779500011, 30.525591415000065], [73.2145021410002, 30.51854813600005], [73.21498936000006, 30.533382056000107], [73.23676809900019, 30.528005881000183], [73.23556253900011, 30.542691116000128], [73.28362331500011, 30.533098604000145], [73.29212970600008, 30.517777313000124], [73.30458402800008, 30.540921957000023], [73.28562964600013, 30.54643216000005], [73.35414931000003, 30.571353042], [73.34334920200013, 30.595230215000072], [73.3737620280001, 30.618311440000127], [73.34498305300002, 30.69148123500014], [73.36605912100003, 30.716200848000028], [73.36804728900006, 30.749768447], [73.36306865100005, 30.772859511000092], [73.33721019400002, 30.787600631000146], [73.28995774200013, 30.782654500000092], [73.27667084400014, 30.81179404500017], [73.29053249900016, 30.820828705], [73.27461111100018, 30.83985031100019], [73.30507767200004, 30.857966993000105], [73.28477324700003, 30.860673917999975], [73.30077295000007, 30.884589168000048], [73.27059989000003, 30.885739919000173]]]}}, {"type": "Feature", "properties": {"adm2_name": "Sargodha", "adm2_name1": null, "adm2_name2": null, "adm2_name3": null, "adm2_pcode": "PK632", "adm1_name": "Punjab", "adm1_name1": null, "adm1_name2": null, "adm1_name3": null, "adm1_pcode": "PK6", "adm0_name": "Pakistan", "adm0_name1": null, "adm0_name2": null, "adm0_name3": null, "adm0_pcode": "PK", "valid_on": "2022-09-09", "valid_to": null, "area_sqkm": 5845.8606836, "version": "v01", "lang": "en", "lang1": null, "lang2": null, "lang3": null, "adm2_ref_name": "Sargodha", "center_lat": 32.06882987, "center_lon": 72.78931955}, "geometry": {"type": "Polygon", "coordinates": [[[73.18919201600005, 32.57465935800013], [73.08554853499999, 32.576584615], [73.02983140100014, 32.55183104500003], [72.97812939000005, 32.550470417999975], [72.8782913930001, 32.50625016800012], [72.84831794700006, 32.46283042699997], [72.7253300230002, 32.417429928000104], [72.66017975900013, 32.423988341000154], [72.66994227000009, 32.395779644000186], [72.55542775600003, 32.36963949100016], [72.4785216360001, 32.31901087000006], [72.46718299500009, 32.29730996400019], [72.44022173500008, 32.294700241000044], [72.3464510570002, 32.23367467000014], [72.32358776400002, 32.15943772100013], [72.32660238000005, 32.06130125400006], [72.30825903600004, 32.02656779500012], [72.29061945600017, 32.02125967500018], [72.29163157699998, 32.00777222000005], [72.25129213600013, 31.996690234000084], [72.25183506800016, 31.98063330800005], [72.26981672000005, 31.968597743000146], [72.25050813300004, 31.917068709000034], [72.28529180099997, 31.86464943300018], [72.2792505600001, 31.850249127000097], [72.2521771980002, 31.857309690000136], [72.26561255200005, 31.814988791000133], [72.24127639500006, 31.807815624], [72.21155836000008, 31.759198512000182], [72.24591998100004, 31.746930394000117], [72.27569792600013, 31.763850595000065], [72.35844956800008, 31.71247187800003], [72.33071944300008, 31.671232088000068], [72.30411765600007, 31.681099491000168], [72.30709345800005, 31.649374533000127], [72.24263876600003, 31.594720441000106], [72.25327151700009, 31.574041660000034], [72.24163457800012, 31.560919107000075], [72.27744539600013, 31.561879921000184], [72.28802746000014, 31.58740214800008], [72.36878103200013, 31.623641007000117], [72.37760963600016, 31.659152468000116], [72.46307266600007, 31.665799235000065], [72.50541344600003, 31.687350638], [72.50150546700007, 31.70071877000015], [72.51988992400004, 31.70431070800015], [72.51865694600014, 31.727179314000125], [72.54933084300018, 31.730392205000157], [72.565077702, 31.764325257000053], [72.6788881220001, 31.777918720000116], [72.71563948100004, 31.805861039000035], [72.73683965700019, 31.80078851000019], [72.78071797600006, 31.83397053800013], [72.81279065400008, 31.841724172000056], [72.84665885300006, 31.82627954600008], [72.85420413800006, 31.857850881000047], [72.88738998800017, 31.873194326000146], [72.90877891800011, 31.84238941000001], [72.94954237300004, 31.851497471000187], [72.95876157100008, 31.83547798800015], [72.98273836400017, 31.842596628000138], [72.97508120900017, 31.881059848000064], [72.94223012500004, 31.894718157000113], [72.92587857300015, 31.88840584800016], [72.89498365300005, 31.912377923000065], [72.89421041400016, 31.923140766000188], [72.92139218700004, 31.920071303000157], [72.9369910800001, 31.937536230000035], [72.96294202799999, 31.926068638000174], [72.94109391000006, 31.945379296000112], [72.94747081900005, 31.977081627000075], [72.96958962900015, 31.958209005000185], [72.99579261900016, 31.96568887400008], [73.05302215400002, 31.932149015000107], [73.1124372650001, 31.930079279000097], [73.17417073900003, 31.896161995000057], [73.187448308, 31.946660516000065], [73.23541708000005, 31.999484926000036], [73.22710452500019, 32.02840323800018], [73.24926879600008, 32.038680536000186], [73.26138651800011, 32.08249335000005], [73.30802743400005, 32.12210506100007], [73.27575242199998, 32.16584248800007], [73.25030019200011, 32.17529426100009], [73.25305089000017, 32.20791124200008], [73.22340197800014, 32.265350255000044], [73.19372780200018, 32.23810093900016], [73.15767328600003, 32.238189916000124], [73.13435562500013, 32.30023755200017], [73.09311702500008, 32.28465017499997], [73.06967964000017, 32.296868650000135], [73.1077323470002, 32.34476047200019], [73.0807106950001, 32.39497190200012], [73.04972039400008, 32.40794872400005], [73.04747887000002, 32.426412265000124], [73.07718035300007, 32.45526690900016], [73.16407007200013, 32.468248189000064], [73.16836275000009, 32.487609956000085], [73.15363156500007, 32.49641902400009], [73.20155349400005, 32.52888271900002], [73.18919201600005, 32.57465935800013]]]}}, {"type": "Feature", "properties": {"adm2_name": "Sheikhupura", "adm2_name1": null, "adm2_name2": null, "adm2_name3": null, "adm2_pcode": "PK633", "adm1_name": "Punjab", "adm1_name1": null, "adm1_name2": null, "adm1_name3": null, "adm1_pcode": "PK6", "adm0_name": "Pakistan", "adm0_name1": null, "adm0_name2": null, "adm0_name3": null, "adm0_pcode": "PK", "valid_on": "2022-09-09", "valid_to": null, "area_sqkm": 3628.42999999, "version": "v01", "lang": "en", "lang1": null, "lang2": null, "lang3": null, "adm2_ref_name": "Sheikhupura", "center_lat": 31.71404137, "center_lon": 73.98537396}, "geometry": {"type": "Polygon", "coordinates": [[[74.64229853900014, 31.969801321999967], [74.59778261700018, 32.029828217000045], [74.58803698600019, 32.060245997000095], [74.57244937700017, 32.060438150000095], [74.51758567600012, 32.006866393000166], [74.47549220100012, 32.001138412000046], [74.46928203400006, 31.970078778000016], [74.43998851200018, 31.963530518000027], [74.35825674700015, 31.88870908500013], [74.31330146000016, 31.897931291000077], [74.29772975300006, 31.883228218000056], [74.2080391130001, 31.88648114100016], [74.18920075500012, 31.853939550000177], [74.16432089700004, 31.85343182800011], [74.15979884900014, 31.837841495000077], [74.12715030400017, 31.820608153000023], [74.07534250500004, 31.82091988500008], [74.0377198700001, 31.841000776000044], [73.98222753300007, 31.831410644000073], [73.97583886100011, 31.85495190400013], [73.94449238300012, 31.835510238000154], [73.87805502200013, 31.851340038000046], [73.88199192600007, 31.876289218000068], [73.84823210299999, 31.912271989000033], [73.87587754200007, 31.92967035099997], [73.88268180400013, 31.949357137000163], [73.83078884400015, 31.957761858000026], [73.805609641, 31.984445386000175], [73.69130854000014, 31.89234082900009], [73.59804876800007, 31.869289885000114], [73.56884883800006, 31.884082376000038], [73.55448957700014, 31.842582326000183], [73.51803828300018, 31.810099523000076], [73.48518369000004, 31.82949239400017], [73.49406978000007, 31.79840029400009], [73.47005413800002, 31.776031284000055], [73.47058239400008, 31.75883917200008], [73.49313564300013, 31.70691417000012], [73.46767179700004, 31.704063348000147], [73.513818566, 31.680869371000142], [73.53257004300013, 31.691798095000024], [73.55561276100013, 31.681781549000107], [73.52034061300009, 31.639798101000054], [73.55293039000014, 31.63434017300017], [73.58994814500016, 31.713559803000066], [73.62891201800005, 31.702315425000165], [73.62645639700014, 31.688046162000035], [73.60108301700006, 31.682081670000173], [73.66901991900005, 31.61166688100019], [73.64196890100004, 31.59138937400013], [73.625903117, 31.554421741], [73.659013764, 31.490070038000056], [73.67864995800005, 31.52086036000003], [73.72340304800014, 31.538630431000115], [73.74385036300009, 31.53385863200009], [73.74715861600015, 31.54477096800008], [73.72290040900003, 31.557200260000116], [73.75794960100012, 31.585006023000176], [73.83107956600003, 31.568718502000138], [73.88876668300009, 31.572423982000146], [73.92761991600008, 31.598401923999972], [73.93022853000008, 31.577700059000165], [73.95376831400017, 31.55349078400019], [73.99548438800014, 31.560765914000115], [73.986798856, 31.523420773000055], [73.94247219000005, 31.492440611000177], [73.94405748200012, 31.47259413000006], [73.98368513900004, 31.47138550700015], [74.00013201200011, 31.45136901500007], [74.02201041300015, 31.45372882100014], [74.03205933500004, 31.433647357000154], [74.02177215400002, 31.410272274000135], [74.03811301600012, 31.401480646000095], [74.01864941800011, 31.372305009000115], [74.07165764400003, 31.3728999650001], [74.0845796500002, 31.403239234000125], [74.06963853900004, 31.410089726000137], [74.09462875000014, 31.44422868800018], [74.12470355900012, 31.451722413000027], [74.12712980700019, 31.43361762000012], [74.1178682040001, 31.431479272000104], [74.12949180100003, 31.42526911100009], [74.14737851500007, 31.454877997000153], [74.17912467500008, 31.470803043000103], [74.17770647800006, 31.510590415000024], [74.19488770800001, 31.51533985900005], [74.21440092500012, 31.55158230600017], [74.24331345200005, 31.565112534000036], [74.24850232900013, 31.59335952200007], [74.23659258400016, 31.613542254000038], [74.25555014200017, 31.614821446000178], [74.29183796400008, 31.667957618], [74.31061336400012, 31.671753401000103], [74.31806855600001, 31.648846748000096], [74.33125147100003, 31.645217956000067], [74.34725643200011, 31.66034096800007], [74.34166258700009, 31.668197640000187], [74.35382361600006, 31.65993166900006], [74.36914907200014, 31.672701418000145], [74.41122056300014, 31.643005945000084], [74.44862262400011, 31.67401142500006], [74.43101326800007, 31.68918685100016], [74.43689326700013, 31.696555901000067], [74.45062129000007, 31.691650219000053], [74.48179251800013, 31.71627761500008], [74.52037614100016, 31.71657311600012], [74.51714960600009, 31.760422537000125], [74.54547124200008, 31.757606728999974], [74.54382435700012, 31.822298006000153], [74.57302023100016, 31.82301832900015], [74.58992810200016, 31.848412877000044], [74.69377537800011, 31.918795210000155], [74.69112500600016, 31.936548228], [74.65918540000018, 31.96994661600013], [74.64229853900014, 31.969801321999967]]]}}, {"type": "Feature", "properties": {"adm2_name": "Sialkot", "adm2_name1": null, "adm2_name2": null, "adm2_name3": null, "adm2_pcode": "PK634", "adm1_name": "Punjab", "adm1_name1": null, "adm1_name2": null, "adm1_name3": null, "adm1_pcode": "PK6", "adm0_name": "Pakistan", "adm0_name1": null, "adm0_name2": null, "adm0_name3": null, "adm0_pcode": "PK", "valid_on": "2022-09-09", "valid_to": null, "area_sqkm": 3068.19637917, "version": "v01", "lang": "en", "lang1": null, "lang2": null, "lang3": null, "adm2_ref_name": "Sialkot", "center_lat": 32.44214906, "center_lon": 74.56827469}, "geometry": {"type": "Polygon", "coordinates": [[[74.65014029100007, 32.71841188600018], [74.69458075000011, 32.80951597300009], [74.69702001400015, 32.83971374400011], [74.64199740200019, 32.822897551000096], [74.64153901700018, 32.79188450800007], [74.6147071040001, 32.75767913900012], [74.53153308300011, 32.74072870400016], [74.46166863900015, 32.79169126099998], [74.44192718300008, 32.79191658300016], [74.45326139700012, 32.776716484000076], [74.42939885400006, 32.759679239000036], [74.44771339300013, 32.7472246800001], [74.43783848800007, 32.73223370400018], [74.46044961600006, 32.72518765600017], [74.45683145100014, 32.71373876700011], [74.4390775190002, 32.713979924000114], [74.46424600400013, 32.70538054700012], [74.45487107399998, 32.673749026999985], [74.33621990700004, 32.59193903300019], [74.27995269600007, 32.59120842200002], [74.23516986600004, 32.57420546100019], [74.20975502900012, 32.55366962200003], [74.19639751800008, 32.52184504000013], [74.20839346600019, 32.50053014200006], [74.19747081600008, 32.456900795000024], [74.21023780900009, 32.41545936000011], [74.20238837400018, 32.401771156000166], [74.2230653250001, 32.38515035500012], [74.21862138000017, 32.35688482500018], [74.24335510900005, 32.312830119000125], [74.23571883100004, 32.28888853500018], [74.26280988600007, 32.258919340000034], [74.32164883200016, 32.24765009600003], [74.3291611890001, 32.20694885300014], [74.36817168300018, 32.18861196500012], [74.37691660700006, 32.16639655600005], [74.44337719600009, 32.16822754200007], [74.48874003100002, 32.150300064000135], [74.48436039100005, 32.131318554000075], [74.51482005800011, 32.103630060000114], [74.50560875000019, 32.08586062800015], [74.55880115400004, 32.04472101900018], [74.57244937700017, 32.060438150000095], [74.62259972400017, 32.06827104300004], [74.62479928200008, 32.09478545800016], [74.67469895300007, 32.13516119499997], [74.75238046400017, 32.157499546000054], [74.7607072020001, 32.18981126500006], [74.739258914, 32.226260532000026], [74.7528195450002, 32.25380605800012], [74.76531753200015, 32.253835038000034], [74.77119142800018, 32.29294142300017], [74.80725039200013, 32.287325790000125], [74.82469002800013, 32.29313004700015], [74.82406495600014, 32.30660512100002], [74.85224251200009, 32.30419491800018], [74.87547145700012, 32.38304071400006], [74.90140710300005, 32.38941877000002], [74.93316690300009, 32.42891379700018], [74.93681968400006, 32.46536871800015], [74.8996590770002, 32.46612641600012], [74.85642351700005, 32.49266692700007], [74.81857398500011, 32.49606225300016], [74.74769451400005, 32.479203495000036], [74.68673640300005, 32.493069241000114], [74.68051159400005, 32.53818786600016], [74.65238964200012, 32.56015765100011], [74.64329397799997, 32.59595096800007], [74.64925298800011, 32.625867160000155], [74.67620932000011, 32.65800324600008], [74.65014029100007, 32.71841188600018]]]}}, {"type": "Feature", "properties": {"adm2_name": "Toba Tek Singh", "adm2_name1": null, "adm2_name2": null, "adm2_name3": null, "adm2_pcode": "PK635", "adm1_name": "Punjab", "adm1_name1": null, "adm1_name2": null, "adm1_name3": null, "adm1_pcode": "PK6", "adm0_name": "Pakistan", "adm0_name1": null, "adm0_name2": null, "adm0_name3": null, "adm0_pcode": "PK", "valid_on": "2022-09-09", "valid_to": null, "area_sqkm": 3081.52595378, "version": "v01", "lang": "en", "lang1": null, "lang2": null, "lang3": null, "adm2_ref_name": "Toba Tek Singh", "center_lat": 30.92855181, "center_lon": 72.53689753}, "geometry": {"type": "Polygon", "coordinates": [[[72.77443890300003, 31.19858029200003], [72.85350383100013, 31.267720260000146], [72.852811, 31.287582994000104], [72.80486493500007, 31.33180499600013], [72.75245240000015, 31.276073796000162], [72.68225930700004, 31.23760804600016], [72.58995029500016, 31.23856965500005], [72.57289944300015, 31.248342168000136], [72.54420366000005, 31.223025655000185], [72.49430870400016, 31.223147096000048], [72.48583863300018, 31.191128677000165], [72.50334417100015, 31.171247182000172], [72.47261034800016, 31.155862155000023], [72.4920592690001, 31.140724683000087], [72.48742338800014, 31.128909037000142], [72.43915884900002, 31.10973927400005], [72.43581696200005, 31.05628008600013], [72.37830815000007, 31.020649053000113], [72.34579234900008, 30.93304819200017], [72.30822877500015, 30.896540824000056], [72.26988069000004, 30.889370584000062], [72.24470761300006, 30.84799980700018], [72.28630119900004, 30.83999739100011], [72.31327206500015, 30.810513097000012], [72.33082119699998, 30.809287066000138], [72.34674918899998, 30.826388729000143], [72.34368949100013, 30.77702858900011], [72.36978949100018, 30.759410333000062], [72.34478765500006, 30.743128042000137], [72.36177913700016, 30.73335039900013], [72.33826076800011, 30.714142916000128], [72.23559464300013, 30.732019550000075], [72.17409251700013, 30.634821121000016], [72.15155764400015, 30.57351235600015], [72.24066957100007, 30.567697826000085], [72.26480052200014, 30.548409213000127], [72.32139294200016, 30.56828149800009], [72.29598119400009, 30.539957593000167], [72.30236908700005, 30.525077977000024], [72.34290157700013, 30.57812150700005], [72.3544783540001, 30.578428140000085], [72.35575500100015, 30.560644741000146], [72.36117664200009, 30.57514164000014], [72.38005034100007, 30.565039363000153], [72.39745562500008, 30.583060137000132], [72.44877319600016, 30.59944072000019], [72.46942070400007, 30.599080540000045], [72.48333652600019, 30.579110576000062], [72.51694435700011, 30.580572638000092], [72.52552088700008, 30.59184477600013], [72.51673872100014, 30.604338543000154], [72.54217064700015, 30.59813991400017], [72.54799564100017, 30.61063492], [72.53238517100016, 30.611197623000123], [72.54842189200019, 30.617807697000103], [72.55998990200004, 30.616280887000073], [72.55292921900019, 30.59776368100006], [72.57227673000006, 30.61597999000014], [72.60740781100009, 30.589458800000102], [72.58756122400013, 30.589600781], [72.59227870900008, 30.580029285000137], [72.64290310700011, 30.57382097300018], [72.66069065800008, 30.59263459000016], [72.66194958700004, 30.57395874300005], [72.73514844200014, 30.58173987100014], [72.74286061800018, 30.589631964000034], [72.72640115000007, 30.602412561000108], [72.75898622500011, 30.602641834000167], [72.76026857200009, 30.62708728000007], [72.78177049000016, 30.635137424000163], [72.7794408640001, 30.64621083500009], [72.76898086100016, 30.64131979600012], [72.77191432600017, 30.65237627700003], [72.78952692300004, 30.66362915500008], [72.75195151100019, 30.66538216700019], [72.75789931400016, 30.68009047400011], [72.78362138100005, 30.676860422000175], [72.77971825500003, 30.700128345000053], [72.80450720700014, 30.718950158000155], [72.84717389500003, 30.716619922000064], [72.81643601899998, 30.748340668000083], [72.78812694300018, 30.752511382000023], [72.78288493900004, 30.73971026200013], [72.76260503600014, 30.737763954], [72.73412772200004, 30.745511616000158], [72.73260367400007, 30.77210081400011], [72.77183168500017, 30.80174949900004], [72.75977679200008, 30.820810872000038], [72.77296013600017, 30.839754946000028], [72.71577227800009, 30.866528800000026], [72.70215804400004, 30.887859697000067], [72.7265826380002, 30.90821039600013], [72.73472993300004, 30.935790024000028], [72.7689413010001, 30.94431691000011], [72.77241429800011, 30.974084422000033], [72.79537982800014, 30.990470400000106], [72.80052381900003, 31.027353365000124], [72.81823273900017, 31.03497447700005], [72.81725688400013, 31.067249386000185], [72.79850885300016, 31.085111788], [72.7680203880002, 31.071612629000185], [72.74017502000004, 31.091155042000025], [72.77508267000013, 31.114211040000043], [72.78400701200007, 31.159949214000108], [72.77443890300003, 31.19858029200003]]]}}, {"type": "Feature", "properties": {"adm2_name": "Vehari", "adm2_name1": null, "adm2_name2": null, "adm2_name3": null, "adm2_pcode": "PK636", "adm1_name": "Punjab", "adm1_name1": null, "adm1_name2": null, "adm1_name3": null, "adm1_pcode": "PK6", "adm0_name": "Pakistan", "adm0_name1": null, "adm0_name2": null, "adm0_name3": null, "adm0_pcode": "PK", "valid_on": "2022-09-09", "valid_to": null, "area_sqkm": 4499.55699378, "version": "v01", "lang": "en", "lang1": null, "lang2": null, "lang3": null, "adm2_ref_name": "Vehari", "center_lat": 29.9828381, "center_lon": 72.31882109}, "geometry": {"type": "Polygon", "coordinates": [[[72.84394299300004, 30.37034378300018], [72.8032964030001, 30.36694308700004], [72.809102467, 30.346710064000035], [72.79443680700018, 30.346051109000143], [72.79146396300007, 30.331840981000028], [72.78093860200005, 30.34014156000012], [72.7728714070002, 30.324872399000185], [72.72850829200019, 30.33864263600009], [72.70463781500013, 30.294127326000023], [72.67272989200018, 30.327949916000193], [72.66510194300008, 30.30905838900003], [72.64887113500009, 30.313338684000087], [72.63803771300007, 30.28419233500017], [72.62438004500012, 30.28431889600006], [72.62168729100011, 30.253924345000087], [72.60246106300002, 30.24865323600011], [72.60077821800019, 30.23634766900011], [72.58955161500006, 30.24086368600007], [72.58687790600004, 30.228959083000177], [72.57216823000016, 30.245830225000077], [72.57334903500004, 30.266271641000117], [72.51741009200003, 30.262374341000054], [72.50454576900012, 30.22808606700005], [72.51476945200005, 30.222628873000076], [72.46173326400009, 30.162421610000024], [72.44264986700006, 30.168497608000052], [72.44297008500007, 30.180370189000143], [72.39794278400012, 30.18745857], [72.40419606000012, 30.21628323700014], [72.35421472900009, 30.20013306600015], [72.32242848800007, 30.21598910500012], [72.29024958700006, 30.200688673000172], [72.2856561370001, 30.182965712000055], [72.2391342630001, 30.179264610000075], [72.2188997450001, 30.15906013299997], [72.17696028500012, 30.153653016000135], [72.18537952200012, 30.116090408000105], [72.13948024600006, 30.11390058800015], [72.10874445600018, 30.067582409000124], [72.08016159800007, 30.081108099000176], [72.05445050200012, 30.070567155], [71.99364109200008, 30.091570598000146], [71.97845412300018, 30.07254733700006], [71.96460920100003, 30.077179046000083], [71.96008274700017, 30.049993558000097], [71.94040989600018, 30.037790649000044], [71.89625618900004, 30.051139834000082], [71.87263248000005, 30.025079080000125], [71.86441020600006, 30.04343113599998], [71.8298154580001, 30.005255585000157], [71.77095300700012, 30.02019536500012], [71.77310966300007, 30.00284694800007], [71.74918177299998, 29.965238535000083], [71.7349794370001, 29.96336927700014], [71.73386107900012, 29.939322398000115], [71.75484227900012, 29.94374234900016], [71.7539170770001, 29.921036963000176], [71.79893241200011, 29.89845824500003], [71.83239867500004, 29.92332129900018], [71.87283157200017, 29.908037657000193], [71.89285594600017, 29.91540895500009], [71.88007862600011, 29.893116854000084], [71.8951584400001, 29.88367828300011], [71.87962164200013, 29.856378300000017], [71.89445248500004, 29.85839834900014], [71.89962248600011, 29.880920345], [71.91411285700013, 29.87922634800009], [71.90697971500003, 29.843379474000074], [71.92428950200008, 29.850909613000113], [71.9608176640001, 29.800697732000174], [71.98401815500011, 29.79373961800019], [71.93276281100009, 29.760887638000156], [71.93200842900006, 29.74600016500017], [71.95399799600006, 29.737590765], [71.96566489700018, 29.74677471500013], [71.96868901900012, 29.73277267300017], [71.98724152400013, 29.729872508000085], [71.99004071500013, 29.699047068000084], [72.06340001900014, 29.678867673000127], [72.04533389300013, 29.667099415], [72.05712946000006, 29.654988690000096], [72.09759270500001, 29.661490231000073], [72.09345999100003, 29.596017924000137], [72.12509253900004, 29.594041456000014], [72.16447225200005, 29.62063896800015], [72.15779051600003, 29.642218778000085], [72.17986416300005, 29.649832597000056], [72.19099622800013, 29.709153610000158], [72.21882078800019, 29.70333679700019], [72.24215350000003, 29.713619637000136], [72.20871867900001, 29.762592133000055], [72.22639035500009, 29.769325802000083], [72.22667622400019, 29.792630628000097], [72.25009078800008, 29.81463813500011], [72.27915978400006, 29.803861722000136], [72.29675147300014, 29.81500028700009], [72.30830686600012, 29.804291299000056], [72.33448890600016, 29.84355870100012], [72.37015773800016, 29.837540747000105], [72.3926395900001, 29.863458386], [72.42938488800019, 29.840247966000163], [72.46060091200019, 29.851018457], [72.45925952200008, 29.821599941000102], [72.48754940800006, 29.83385613300004], [72.49821225900007, 29.818293963000087], [72.51283133400005, 29.84338876200013], [72.54180954800017, 29.81036779700014], [72.56252081500008, 29.80865881], [72.56784029500005, 29.840021542000102], [72.59866774500006, 29.839582559000064], [72.65386982000007, 29.873949545000016], [72.68180037000019, 29.85814739900013], [72.6888035520002, 29.880984464000107], [72.67782297400004, 29.900798467000186], [72.68467076399997, 29.906427350000058], [72.69434132000009, 29.892141638000055], [72.6920738300002, 29.909508836000157], [72.70766219100011, 29.922568642000158], [72.73154225700011, 29.92374212300018], [72.74346081300018, 29.897592246000045], [72.76405849500003, 29.89394266500011], [72.7578334050001, 29.92378040900013], [72.77223097600006, 29.937788966000028], [72.76210375900013, 29.959690552000154], [72.77944092900003, 29.9782512270001], [72.82310281500003, 29.97892725800017], [72.8465625680002, 29.935048661000053], [72.8644235700001, 29.925133835000054], [72.856216383, 29.954198696000105], [72.89408056600007, 30.00040022800016], [72.92165188500019, 29.99511956700013], [72.94399132000018, 29.962867939000034], [72.97098632100011, 29.96312851800019], [72.9617475980001, 29.98872918400008], [72.97947196299998, 30.02466460100004], [72.95278579500018, 30.036263085000144], [72.92895541500019, 30.024440143000106], [72.93865977000013, 30.05254949800002], [72.92981854900017, 30.08564095500003], [72.94221996400017, 30.102899661000038], [72.942329712, 30.17470777500006], [72.95704094400008, 30.201205526000024], [72.95125790900005, 30.24044211200004], [72.9621679280001, 30.268160779000084], [72.99211061800008, 30.276880094999967], [72.98963841200015, 30.295810144000143], [72.94116857800003, 30.293883016000052], [72.92200764800009, 30.30978105100013], [72.84839309700004, 30.314340319000053], [72.84394299300004, 30.37034378300018]]]}}, {"type": "Feature", "properties": {"adm2_name": "Badin", "adm2_name1": null, "adm2_name2": null, "adm2_name3": null, "adm2_pcode": "PK701", "adm1_name": "Sindh", "adm1_name1": null, "adm1_name2": null, "adm1_name3": null, "adm1_pcode": "PK7", "adm0_name": "Pakistan", "adm0_name1": null, "adm0_name2": null, "adm0_name3": null, "adm0_pcode": "PK", "valid_on": "2022-09-09", "valid_to": null, "area_sqkm": 6574.99399534, "version": "v01", "lang": "en", "lang1": null, "lang2": null, "lang3": null, "adm2_ref_name": "Badin", "center_lat": 24.75188819, "center_lon": 68.80112619}, "geometry": {"type": "Polygon", "coordinates": [[[68.97510697700005, 25.151264215000083], [68.96585010000018, 25.29861943999998], [68.90163298700003, 25.258718890000125], [68.88753302100008, 25.26644502400012], [68.88498094500017, 25.22871742400008], [68.78016565500002, 25.205856493000113], [68.76938702800004, 25.21393966500011], [68.77532463400013, 25.242312293000055], [68.73227038300001, 25.25716632900003], [68.72141389800015, 25.232002460000103], [68.69270689600012, 25.218142497000088], [68.70327154900019, 25.20300474900006], [68.65250188400012, 25.187744915999986], [68.6111703470001, 25.15734886900009], [68.63061001200009, 25.147135780000156], [68.66296489900009, 25.157007812000188], [68.66270437200012, 25.14607795100011], [68.59978305400017, 25.099802091000186], [68.56597762100006, 25.09095669300018], [68.60039385800007, 25.071407746000148], [68.63513061700013, 25.02679814300012], [68.64766598800003, 25.032421650000117], [68.75689073900003, 24.966699506000168], [68.78310332100011, 24.96954479200008], [68.78442336100005, 24.937761110000167], [68.80930277900018, 24.895658703000095], [68.84706232000008, 24.87071885800009], [68.82851151500017, 24.836118653000142], [68.73884813600012, 24.847202536000168], [68.73858028700005, 24.83153033000019], [68.70486363999999, 24.831225165000035], [68.69349001600006, 24.844784657000048], [68.70527377100012, 24.873426288000076], [68.70048020900015, 24.892147365000028], [68.68761056000011, 24.895113358], [68.68873723100018, 24.918286717000058], [68.66211013300011, 24.918941392000136], [68.64011717000017, 24.91106073500015], [68.64475094900013, 24.89209378400011], [68.57564946800011, 24.865548245000127], [68.56555028800011, 24.881686404], [68.52762148199997, 24.887593573000174], [68.50111326500007, 24.853187811000055], [68.48510102900019, 24.875807044999988], [68.46459081300009, 24.83821312800012], [68.44728938600008, 24.846022584000025], [68.4332844010001, 24.792776462000177], [68.38162291300006, 24.77878764000019], [68.35025794900014, 24.740966290000074], [68.37139164000018, 24.72121446900013], [68.3667714680002, 24.66945141900004], [68.35277748300007, 24.650488221000103], [68.38204866500007, 24.618547860000092], [68.37332020700018, 24.6010075640001], [68.38793904800013, 24.564271479000126], [68.40726136500007, 24.559053286000108], [68.39370882800006, 24.51766387100008], [68.4083626200001, 24.502204840000104], [68.41564077900006, 24.424520272], [68.45858866900016, 24.437738127000046], [68.44590911900013, 24.395263791000048], [68.5610866630002, 24.36263252000009], [68.64778901000005, 24.378547979000018], [68.72819453400007, 24.377334879000045], [68.76421528300011, 24.284278114000188], [68.82635451600015, 24.30839636500008], [68.85253159300004, 24.20571150000012], [68.8735878510002, 24.214329144000146], [68.89727698200011, 24.276856489000124], [68.92668197100011, 24.293865550000135], [68.98628188800018, 24.22633229200011], [69.07003598699998, 24.26020430500006], [69.05080830499998, 24.329255340000145], [69.07814176500011, 24.45907932500012], [69.18885983700011, 24.540580584000054], [69.20257633300008, 24.529550321000045], [69.21894900600006, 24.546087282000087], [69.20332012100016, 24.560242520000145], [69.2242977140001, 24.57878920899998], [69.19690840400017, 24.615842433000182], [69.20573256900013, 24.620351350000078], [69.22953698599997, 24.59725385100012], [69.23367974400009, 24.634887988000116], [69.24994558700007, 24.650372363000088], [69.21534108600014, 24.675226689000056], [69.24957715100015, 24.711147369000116], [69.28329533200014, 24.72406999500015], [69.25390710400006, 24.73228896000012], [69.24743639100012, 24.750821472000155], [69.3072968240001, 24.773045], [69.32388009000016, 24.800674008999977], [69.30048728700001, 24.83077118400007], [69.3264850400002, 24.89129829], [69.29080926300003, 24.94845598800009], [69.2908047840001, 24.969260485000063], [69.27307853600018, 24.958206086000132], [69.17495883100014, 24.951299414000175], [69.15376110400013, 24.984659614000122], [69.12924265800001, 24.99488908700016], [69.12988197300007, 25.019289342000093], [69.08897575800006, 25.047094194000124], [69.08084116200007, 25.07347079800013], [68.99116982100003, 25.118624231000183], [68.97510697700005, 25.151264215000083]]]}}, {"type": "Feature", "properties": {"adm2_name": "Central Karachi", "adm2_name1": null, "adm2_name2": null, "adm2_name3": null, "adm2_pcode": "PK702", "adm1_name": "Sindh", "adm1_name1": null, "adm1_name2": null, "adm1_name3": null, "adm1_pcode": "PK7", "adm0_name": "Pakistan", "adm0_name1": null, "adm0_name2": null, "adm0_name3": null, "adm0_pcode": "PK", "valid_on": "2022-09-09", "valid_to": null, "area_sqkm": 65.14430682, "version": "v01", "lang": "en", "lang1": null, "lang2": null, "lang3": null, "adm2_ref_name": "Central Karachi", "center_lat": 24.94788264, "center_lon": 67.06042308}, "geometry": {"type": "Polygon", "coordinates": [[[67.09098489600007, 25.002394669000125], [67.03978888900008, 25.002907284], [67.0511041740001, 24.99334631400012], [67.04349239000004, 24.959830410999984], [67.01128652000017, 24.92717791100017], [67.02634028200015, 24.88698922100008], [67.05957064900014, 24.898195016999978], [67.088863134, 24.928735166000138], [67.09098489600007, 25.002394669000125]]]}}, {"type": "Feature", "properties": {"adm2_name": "Dadu", "adm2_name1": null, "adm2_name2": null, "adm2_name3": null, "adm2_pcode": "PK703", "adm1_name": "Sindh", "adm1_name1": null, "adm1_name2": null, "adm1_name3": null, "adm1_pcode": "PK7", "adm0_name": "Pakistan", "adm0_name1": null, "adm0_name2": null, "adm0_name3": null, "adm0_pcode": "PK", "valid_on": "2022-09-09", "valid_to": null, "area_sqkm": 8017.50979333, "version": "v01", "lang": "en", "lang1": null, "lang2": null, "lang3": null, "adm2_ref_name": "Dadu", "center_lat": 26.76755163, "center_lon": 67.50524221}, "geometry": {"type": "Polygon", "coordinates": [[[67.2627849770002, 27.394198294000034], [67.17516315500018, 27.447196911000106], [67.16111755400004, 27.354455948000123], [67.1260375980001, 27.29582977300015], [67.16060638400006, 27.065963745000033], [67.13889312700019, 26.996227264000083], [67.14596557600015, 26.956362725000076], [67.13338171500016, 26.940352421], [67.14655304000007, 26.76842880200013], [67.12647247300009, 26.738306046], [67.13307952900004, 26.663248062000036], [67.1237875160001, 26.653095716000053], [67.17758178700012, 26.471496582000157], [67.26555633499999, 26.346961975000113], [67.35950470000006, 26.14996910100018], [67.38768005400004, 26.136064529000066], [67.41314737900018, 26.08719436900003], [67.48188197500014, 26.162814820000165], [67.50322763500003, 26.24989725100005], [67.49128549800002, 26.290323087], [67.49679331900006, 26.336437664000186], [67.53784972000005, 26.342950680000115], [67.57132823000018, 26.331079488000057], [67.6218736720001, 26.401397870000096], [67.646346473, 26.468969568000148], [67.63022682600007, 26.513044074], [67.63332434000017, 26.55822596100012], [67.71677275200005, 26.580228121000175], [67.75516053500007, 26.575482694000186], [67.75727241500016, 26.59875124000007], [67.80759476400016, 26.597237067000094], [67.86933831000005, 26.66081851300015], [67.86670111900008, 26.679513739000186], [67.83624421700017, 26.709974226999975], [67.86457912900016, 26.765106371000172], [67.83528851000005, 26.860031085000116], [67.8843683930001, 26.911809171000186], [67.92747488900017, 26.924855161000153], [67.91704674200003, 26.966112531000135], [67.97982151000014, 26.986486300000024], [67.9713810720001, 27.018277236000188], [67.91167831000013, 27.040150345000143], [67.91113691700019, 27.056521805000045], [67.94715951300014, 27.071540159000108], [68.00738973800014, 27.070778830999984], [68.0482493180001, 27.1290236210001], [67.94108976700011, 27.202223541000023], [67.95355994700003, 27.249372212000026], [67.99542795600001, 27.29238901900004], [67.9305116810001, 27.293377292000173], [67.86820064700015, 27.317667997000115], [67.825551696, 27.30308312800014], [67.73200294700013, 27.299111871000093], [67.65792577100012, 27.30233647000017], [67.63240034000012, 27.32440246100009], [67.60665084800019, 27.312278955000124], [67.52258269900011, 27.314765799000156], [67.40501584300006, 27.378814491000185], [67.37577272800019, 27.38305321100006], [67.35236448400013, 27.35658703200005], [67.34167287500003, 27.37544689000015], [67.31424816200013, 27.367135730000143], [67.29840938199999, 27.38705493100008], [67.2627849770002, 27.394198294000034]]]}}, {"type": "Feature", "properties": {"adm2_name": "East Karachi", "adm2_name1": null, "adm2_name2": null, "adm2_name3": null, "adm2_pcode": "PK704", "adm1_name": "Sindh", "adm1_name1": null, "adm1_name2": null, "adm1_name3": null, "adm1_pcode": "PK7", "adm0_name": "Pakistan", "adm0_name1": null, "adm0_name2": null, "adm0_name3": null, "adm0_pcode": "PK", "valid_on": "2022-09-09", "valid_to": null, "area_sqkm": 202.92209824, "version": "v01", "lang": "en", "lang1": null, "lang2": null, "lang3": null, "adm2_ref_name": "East Karachi", "center_lat": 24.93169635, "center_lon": 67.16310677}, "geometry": {"type": "Polygon", "coordinates": [[[67.19851102900003, 25.008331326000075], [67.09202776300015, 25.009013293000123], [67.088863134, 24.928735166000138], [67.05957064900014, 24.898195016999978], [67.02502877100011, 24.88587353400004], [67.02378851300011, 24.872941916000173], [67.06582701600007, 24.851048037000112], [67.08533614400005, 24.86540802800016], [67.11478714100014, 24.863524406000067], [67.1323944180001, 24.887322094000183], [67.17045298400012, 24.88544923800015], [67.17853325200008, 24.905948652000177], [67.22645404500014, 24.90393781900019], [67.23821614600013, 24.934143288000143], [67.19229063000006, 24.955774038000186], [67.19229063000006, 24.96728316600013], [67.22574414500019, 24.982210787999975], [67.19851102900003, 25.008331326000075]]]}}, {"type": "Feature", "properties": {"adm2_name": "Ghotki", "adm2_name1": null, "adm2_name2": null, "adm2_name3": null, "adm2_pcode": "PK705", "adm1_name": "Sindh", "adm1_name1": null, "adm1_name2": null, "adm1_name3": null, "adm1_pcode": "PK7", "adm0_name": "Pakistan", "adm0_name1": null, "adm0_name2": null, "adm0_name3": null, "adm0_pcode": "PK", "valid_on": "2022-09-09", "valid_to": null, "area_sqkm": 6366.9015852, "version": "v01", "lang": "en", "lang1": null, "lang2": null, "lang3": null, "adm2_ref_name": "Ghotki", "center_lat": 27.86581219, "center_lon": 69.68379543}, "geometry": {"type": "Polygon", "coordinates": [[[69.76190185500019, 28.384708405000026], [69.74967508900016, 28.404224848000013], [69.71158616400004, 28.39245996700015], [69.673395815, 28.35248502200011], [69.65077329500014, 28.345613537000077], [69.70259094200003, 28.293806076000124], [69.75783459400003, 28.311548405000053], [69.73808288599997, 28.2366199490001], [69.69404602100013, 28.259199142], [69.67256164600019, 28.25010490400001], [69.66891479500015, 28.22250938400009], [69.60567474300007, 28.22028732299998], [69.59725246900007, 28.24520566000001], [69.52428437900016, 28.267591449000122], [69.51461321200014, 28.24078008300006], [69.53302764900008, 28.212099075000026], [69.58177185100016, 28.19822883600017], [69.55926513700007, 28.126775742000177], [69.53322601300016, 28.127269745000092], [69.52609252900004, 28.168081284000095], [69.47924420000004, 28.203708561000155], [69.44000601500005, 28.148388889000103], [69.38502150900018, 28.166884267000114], [69.36787395500016, 28.161454844000048], [69.33402349100015, 28.12336090000008], [69.22335076899998, 28.090990059000035], [69.19985075699998, 28.066228891000094], [69.19861771400019, 27.999019959000123], [69.16437966000012, 27.9725302060001], [69.18058664600011, 27.960893213000134], [69.18370035600014, 27.913863268000057], [69.2139205540002, 27.845807971000056], [69.26287151500003, 27.79195929100007], [69.25508827900018, 27.76693027800013], [69.27310552400013, 27.75093067000006], [69.29278184500004, 27.75554258200009], [69.31437202400019, 27.731786166000177], [69.27017338100006, 27.71178954200019], [69.240908365, 27.646136913000078], [69.28948800200004, 27.57993518300009], [69.32955836200011, 27.543726194000044], [69.42294494100008, 27.530285209], [69.446815819, 27.512478084000065], [69.55318638700004, 27.52177655700018], [69.55344508600018, 27.497669383000186], [69.52833213700006, 27.460486048000178], [69.61834777800016, 27.40042921700018], [69.72205952100018, 27.363180417000137], [69.77038372100014, 27.32891470700008], [69.86196814900012, 27.40277900500007], [69.9362494940001, 27.50210783500006], [70.01626720400009, 27.555994306000116], [70.1078100310001, 27.766871209000158], [70.18050812500007, 27.854901706000135], [70.0691604610002, 27.895391464000056], [70.03514862100013, 27.927133560000073], [70.00082397500017, 27.937433243000044], [69.87879279300006, 28.08019850700009], [69.84464263900009, 28.134313583000107], [69.83769989000007, 28.169696808000026], [69.85763549799998, 28.197050095000066], [69.83164978000002, 28.241128921000154], [69.83671569800015, 28.268774033000113], [69.81547546400009, 28.277183533000084], [69.81593322800012, 28.35806655900012], [69.791900635, 28.367898941000078], [69.79430389400017, 28.37988281300011], [69.76190185500019, 28.384708405000026]]]}}, {"type": "Feature", "properties": {"adm2_name": "Hyderabad", "adm2_name1": null, "adm2_name2": null, "adm2_name3": null, "adm2_pcode": "PK706", "adm1_name": "Sindh", "adm1_name1": null, "adm1_name2": null, "adm1_name3": null, "adm1_pcode": "PK7", "adm0_name": "Pakistan", "adm0_name1": null, "adm0_name2": null, "adm0_name3": null, "adm0_pcode": "PK", "valid_on": "2022-09-09", "valid_to": null, "area_sqkm": 1018.90994912, "version": "v01", "lang": "en", "lang1": null, "lang2": null, "lang3": null, "adm2_ref_name": "Hyderabad", "center_lat": 25.3549688, "center_lon": 68.44437083}, "geometry": {"type": "Polygon", "coordinates": [[[68.62611301100009, 25.353921532000186], [68.60641426500018, 25.382830410000054], [68.61597751500011, 25.399659346000192], [68.58373596800004, 25.43874949100001], [68.47970691799998, 25.482343979000177], [68.45086523200018, 25.508278276000055], [68.44296690100009, 25.535749298000155], [68.41465768200015, 25.548271485000043], [68.37885357600015, 25.552675003000047], [68.3904654540001, 25.52259884400013], [68.31886427600011, 25.503801131000046], [68.30226286900006, 25.484111412000118], [68.30722680600019, 25.435152299000094], [68.29355767900012, 25.393638699], [68.34268254600016, 25.294117965000112], [68.32128188300004, 25.24582266600015], [68.37324409800016, 25.17772659100001], [68.41675597300014, 25.1660329770001], [68.46494070300008, 25.17992964600012], [68.4879117800001, 25.159375417999968], [68.52974199200014, 25.157902194000144], [68.55874698400015, 25.182067580000137], [68.53770604100015, 25.21319568400014], [68.54295344300016, 25.222059147000095], [68.59071060600019, 25.179070243000183], [68.60769733500013, 25.197624060000123], [68.6017224220002, 25.238008476], [68.643288514, 25.25387251700016], [68.56949338900017, 25.366249870000047], [68.61567763300013, 25.344451785000103], [68.62611301100009, 25.353921532000186]]]}}, {"type": "Feature", "properties": {"adm2_name": "Jacobabad", "adm2_name1": null, "adm2_name2": null, "adm2_name3": null, "adm2_pcode": "PK707", "adm1_name": "Sindh", "adm1_name1": null, "adm1_name2": null, "adm1_name3": null, "adm1_pcode": "PK7", "adm0_name": "Pakistan", "adm0_name1": null, "adm0_name2": null, "adm0_name3": null, "adm0_pcode": "PK", "valid_on": "2022-09-09", "valid_to": null, "area_sqkm": 2691.19918092, "version": "v01", "lang": "en", "lang1": null, "lang2": null, "lang3": null, "adm2_ref_name": "Jacobabad", "center_lat": 28.17641888, "center_lon": 68.51427896}, "geometry": {"type": "Polygon", "coordinates": [[[68.9200748880001, 28.430220068000096], [68.46463012700013, 28.430130005000024], [68.4052276610002, 28.3876152040001], [68.35343933100012, 28.28482055700016], [68.20899963400018, 28.2425174710001], [68.01778411900017, 28.092046738000136], [67.96442413300008, 28.069597244000192], [67.91296358200009, 27.99429501800006], [67.93998476100018, 27.97787024800016], [68.03530104900017, 27.99088453300004], [68.08605210300004, 27.98079636700004], [68.12874739800009, 27.92863661300015], [68.14793793200005, 27.937871654000162], [68.19336870100017, 27.93400332900012], [68.20365589599999, 27.921729597000137], [68.22180313200016, 27.933039576000056], [68.26380842200007, 27.92321608000009], [68.28874457400002, 27.924589271000116], [68.28848275700011, 27.936945780000144], [68.3112449210002, 27.930352551000055], [68.32353984700018, 28.120234685000128], [68.4009552350002, 28.11357337100003], [68.51906693300015, 28.160203926000065], [68.6369539480001, 28.154446100000087], [68.88270622000016, 28.082719717000145], [68.9171450830001, 28.09491205700016], [68.92909920000017, 28.088205073000154], [68.90705485100011, 28.11604096000019], [68.90340989900011, 28.18844474600013], [68.83461289700017, 28.183576794000032], [68.81755755400008, 28.207677856000032], [68.85065802500009, 28.22045730900004], [68.88760488700018, 28.295009798000024], [68.92244310900003, 28.27677782400019], [68.92670527600018, 28.285521050000114], [68.92424056200014, 28.399366650000047], [68.9200748880001, 28.430220068000096]]]}}, {"type": "Feature", "properties": {"adm2_name": "Jamshoro", "adm2_name1": null, "adm2_name2": null, "adm2_name3": null, "adm2_pcode": "PK708", "adm1_name": "Sindh", "adm1_name1": null, "adm1_name2": null, "adm1_name3": null, "adm1_pcode": "PK7", "adm0_name": "Pakistan", "adm0_name1": null, "adm0_name2": null, "adm0_name3": null, "adm0_pcode": "PK", "valid_on": "2022-09-09", "valid_to": null, "area_sqkm": 11230.86677138, "version": "v01", "lang": "en", "lang1": null, "lang2": null, "lang3": null, "adm2_ref_name": "Jamshoro", "center_lat": 25.78587411, "center_lon": 67.8521514}, "geometry": {"type": "Polygon", "coordinates": [[[67.80420795900017, 26.577326097000025], [67.80759476400016, 26.597237067000094], [67.78359218100007, 26.603929778000065], [67.75727241500016, 26.59875124000007], [67.75516053500007, 26.575482694000186], [67.71677275200005, 26.580228121000175], [67.67314325100011, 26.56064384300015], [67.63566733000005, 26.560428392000176], [67.63022682600007, 26.513044074], [67.646346473, 26.468969568000148], [67.6202305720002, 26.398500679000108], [67.57132823000018, 26.331079488000057], [67.53784972000005, 26.342950680000115], [67.49502466800016, 26.333442835000085], [67.49191893200003, 26.28235463600015], [67.50322763500003, 26.24989725100005], [67.48188197500014, 26.162814820000165], [67.41314737900018, 26.08719436900003], [67.42755889900013, 26.06593895000003], [67.39904022200011, 25.882753371999968], [67.4109878540001, 25.808485031000032], [67.34667968700006, 25.723892212000067], [67.32115173300014, 25.64919471700017], [67.32096881500007, 25.640453574000162], [67.38104072300001, 25.63911708200004], [67.41295781400004, 25.451113264000128], [67.35920845800007, 25.308681575000037], [67.3327394010002, 25.300276045000032], [67.27408877400018, 25.186469041000066], [67.31556352100012, 25.1509617910001], [67.35753564000004, 25.14792829800018], [67.49189988300014, 25.07816566000008], [67.51067101000012, 25.05201803900013], [67.51796771500017, 24.984754979000115], [67.56998304000007, 24.96753162200008], [67.63842093300008, 25.015918509000187], [67.71034408900005, 25.000869648], [67.73620429000005, 25.061824613000113], [67.80643301200013, 25.09432003600017], [67.82756152900015, 25.189978160000067], [67.8203204460001, 25.21417233000011], [67.90849409000009, 25.30546220800005], [67.90435808799998, 25.353570612999988], [67.93009269100008, 25.37557174700015], [67.93928526900004, 25.407267934000174], [67.96791677200014, 25.410140765000108], [67.99654917500015, 25.443834994999975], [68.03330359600005, 25.44119062800013], [68.10505551300014, 25.39645369800013], [68.17040971000006, 25.30152519899997], [68.26740157900008, 25.285783588000015], [68.34268254600016, 25.294117965000112], [68.29355767900012, 25.393638699], [68.30722680600019, 25.435152299000094], [68.30226286900006, 25.484111412000118], [68.31886427600011, 25.503801131000046], [68.3904654540001, 25.52259884400013], [68.35377583000019, 25.610298222000154], [68.37919603200004, 25.632108551000044], [68.45278903800016, 25.656736895000165], [68.46152338900015, 25.674156325000126], [68.38637553100017, 25.699548630000095], [68.30855430700012, 25.745178192000026], [68.30060787500008, 25.77868007600017], [68.33052232500006, 25.801264236000065], [68.32500701500004, 25.840657903000135], [68.23474325000018, 25.921514984000112], [68.27746540499999, 25.992664047000062], [68.25948725600011, 26.004143546000137], [68.1734461420001, 26.001184109000178], [68.02420184700003, 26.148778791000097], [68.01615101400012, 26.19649555300009], [67.91755747000019, 26.245004153000025], [67.90544277000004, 26.294423417000132], [67.8815526050002, 26.273005481000098], [67.87294091200005, 26.33837847300009], [67.89039457000018, 26.352336584000113], [67.90560100500011, 26.406812477000017], [67.8745075170001, 26.42124959000006], [67.92084596000018, 26.484750957000188], [67.91136107500006, 26.54914808700005], [67.8620299850001, 26.54063521300003], [67.80420795900017, 26.577326097000025]]]}}, {"type": "Feature", "properties": {"adm2_name": "Kambar Shahdad Kot", "adm2_name1": null, "adm2_name2": null, "adm2_name3": null, "adm2_pcode": "PK709", "adm1_name": "Sindh", "adm1_name1": null, "adm1_name2": null, "adm1_name3": null, "adm1_pcode": "PK7", "adm0_name": "Pakistan", "adm0_name1": null, "adm0_name2": null, "adm0_name3": null, "adm0_pcode": "PK", "valid_on": "2022-09-09", "valid_to": null, "area_sqkm": 5597.19296558, "version": "v01", "lang": "en", "lang1": null, "lang2": null, "lang3": null, "adm2_ref_name": "Kambar Shahdad Kot", "center_lat": 27.64661333, "center_lon": 67.68315593}, "geometry": {"type": "Polygon", "coordinates": [[[67.93878884900016, 27.978491666000025], [67.86888885500008, 27.999156952000135], [67.80073547400019, 27.980146408000167], [67.77259063700018, 27.94271659900005], [67.59468841600017, 27.922128677000103], [67.54939270000017, 27.901523590000124], [67.41996765100015, 27.892740250000088], [67.39424133300014, 27.909675598000092], [67.35470581100014, 27.795917511000027], [67.35153961200007, 27.749166489], [67.30992126500013, 27.698938370000178], [67.25421142600004, 27.658462524000186], [67.22908020000006, 27.574895859000037], [67.18288421600016, 27.53230476400006], [67.17516315500018, 27.447196911000106], [67.24178042900007, 27.402651682999988], [67.29840938199999, 27.38705493100008], [67.31424816200013, 27.367135730000143], [67.34167287500003, 27.37544689000015], [67.35761287200006, 27.356926443000134], [67.37205033100008, 27.38104500900016], [67.39709480500017, 27.380996743000082], [67.51057441400013, 27.31690229900005], [67.59626041800004, 27.311434109], [67.63240034000012, 27.32440246100009], [67.65792577100012, 27.30233647000017], [67.7159890280002, 27.299001929000042], [67.825551696, 27.30308312800014], [67.86820064700015, 27.317667997000115], [67.9305116810001, 27.293377292000173], [67.99542795600001, 27.29238901900004], [68.01664582500013, 27.36942834300004], [68.05188438600015, 27.366698419999977], [68.05801984500005, 27.38046429700006], [68.00180060100018, 27.40855083200006], [68.0352551380002, 27.44322129200009], [68.0500490170001, 27.522260041000038], [68.06026639300012, 27.5395337920001], [68.07488701300014, 27.53880004100006], [68.08031563800012, 27.572962541000095], [68.12393963900013, 27.607762039000136], [68.10988127200017, 27.700925915000028], [68.12899490100006, 27.68381679200013], [68.15600939300009, 27.684455799000148], [68.19556803700004, 27.70922577200014], [68.17163237600016, 27.75522639900015], [68.18953785500008, 27.810381576000168], [68.17150252200008, 27.86151340100014], [68.1224066310001, 27.916799664000166], [68.0893933120002, 27.978849847000106], [68.03530104900017, 27.99088453300004], [68.00463715500001, 27.978775329000143], [67.93878884900016, 27.978491666000025]]]}}, {"type": "Feature", "properties": {"adm2_name": "Kashmore", "adm2_name1": null, "adm2_name2": null, "adm2_name3": null, "adm2_pcode": "PK710", "adm1_name": "Sindh", "adm1_name1": null, "adm1_name2": null, "adm1_name3": null, "adm1_pcode": "PK7", "adm0_name": "Pakistan", "adm0_name1": null, "adm0_name2": null, "adm0_name3": null, "adm0_pcode": "PK", "valid_on": "2022-09-09", "valid_to": null, "area_sqkm": 2614.88804631, "version": "v01", "lang": "en", "lang1": null, "lang2": null, "lang3": null, "adm2_ref_name": "Kashmore", "center_lat": 28.23644396, "center_lon": 69.16735286}, "geometry": {"type": "Polygon", "coordinates": [[[69.61311340300006, 28.43652725200002], [69.62454223600002, 28.46754455600012], [69.50441741900005, 28.484956741000076], [69.43715667700019, 28.475261688000046], [69.41358947800006, 28.44814682000009], [68.9200748880001, 28.430220068000096], [68.92670527600018, 28.285521050000114], [68.92244310900003, 28.27677782400019], [68.88760488700018, 28.295009798000024], [68.85065802500009, 28.22045730900004], [68.81755755400008, 28.207677856000032], [68.83461289700017, 28.183576794000032], [68.90340989900011, 28.18844474600013], [68.90705485100011, 28.11604096000019], [68.92909920000017, 28.088205073000154], [68.94495089300017, 28.09636066400003], [68.9543483220001, 28.079528459000073], [69.01060443900008, 28.08313343200018], [69.06262400400004, 28.032949992000056], [69.08371333100013, 27.98936360100015], [69.11583663800013, 28.01238990300004], [69.15267760300009, 27.99128152100019], [69.18645452600015, 27.993323354000097], [69.20014827500012, 28.00252927800011], [69.19985075699998, 28.066228891000094], [69.22335076899998, 28.090990059000035], [69.33402349100015, 28.12336090000008], [69.38246734200015, 28.167106772000125], [69.44281745100011, 28.150968076000083], [69.47924420000004, 28.203708561000155], [69.46670532200017, 28.211385727000163], [69.48030090300017, 28.242742539000062], [69.47513580300006, 28.264833450000083], [69.51461321200014, 28.24078008300006], [69.52428437900016, 28.267591449000122], [69.59725246900007, 28.24520566000001], [69.5916900630001, 28.288362503000087], [69.53501892100019, 28.390548706000175], [69.55915069600013, 28.39514350900015], [69.58804321300016, 28.34927749600007], [69.65077329500014, 28.345613537000077], [69.673395815, 28.35248502200011], [69.7037339420001, 28.389604614000064], [69.74967508900016, 28.404224848000013], [69.71144104000012, 28.42539405800011], [69.61311340300006, 28.43652725200002]]]}}, {"type": "Feature", "properties": {"adm2_name": "Khairpur", "adm2_name1": null, "adm2_name2": null, "adm2_name3": null, "adm2_pcode": "PK711", "adm1_name": "Sindh", "adm1_name1": null, "adm1_name2": null, "adm1_name3": null, "adm1_pcode": "PK7", "adm0_name": "Pakistan", "adm0_name1": null, "adm0_name2": null, "adm0_name3": null, "adm0_pcode": "PK", "valid_on": "2022-09-09", "valid_to": null, "area_sqkm": 16005.55620437, "version": "v01", "lang": "en", "lang1": null, "lang2": null, "lang3": null, "adm2_ref_name": "Khairpur", "center_lat": 26.95958378, "center_lon": 68.94114084}, "geometry": {"type": "Polygon", "coordinates": [[[68.68974515700012, 27.77642769099998], [68.63758726100019, 27.780001291000076], [68.59874146500005, 27.724848916000155], [68.56125413600012, 27.709238087000188], [68.51057605300014, 27.718515348000153], [68.46230903100013, 27.68495401800004], [68.4971621900001, 27.641416739000135], [68.48644241900013, 27.62170577200004], [68.43412747200011, 27.60484529500002], [68.33926516700012, 27.601951649000057], [68.34398544900006, 27.531699964000097], [68.272225053, 27.492602284000043], [68.30013300700006, 27.42579066100018], [68.34716697300018, 27.375193238000122], [68.33201509600019, 27.359347910000054], [68.26463868700012, 27.35604788100011], [68.2236391030001, 27.333753879000085], [68.21318765700005, 27.291844995000133], [68.1815094700001, 27.254900073000044], [68.18771250600014, 27.228784683000185], [68.20216594100009, 27.235354672000142], [68.25953762900008, 27.21273828700015], [68.34047973500003, 27.2048295780001], [68.35487185500017, 27.18664839100012], [68.3482545110001, 27.167960672000106], [68.40959078000014, 27.129213808000145], [68.44672378800016, 27.068107824000094], [68.43254932600013, 27.012411203000056], [68.38373483100014, 26.978197919000024], [68.35366742500014, 26.918910698000047], [68.32518428400004, 26.896513012000128], [68.33776501000006, 26.89160367], [68.31702224800011, 26.816976529000044], [68.32800373600008, 26.78882764300016], [68.286919506, 26.679260845000044], [68.28849794800004, 26.655704251000145], [68.37267446400011, 26.627220531999967], [68.73832894300006, 26.591012723000063], [68.78211976100005, 26.576034733000142], [68.8208834880001, 26.542852719000166], [68.84921214300005, 26.482189294000023], [68.84715609500006, 26.436826232000158], [68.91910722000017, 26.469196483000133], [68.94344482399998, 26.427216198999986], [68.9524617570001, 26.371475384], [68.98313970200007, 26.36165720100007], [69.01765117000008, 26.298388370000055], [69.06127687000009, 26.292949153000052], [69.05316404700005, 26.25452558699999], [69.08060805100007, 26.25483961800012], [69.07292311900017, 26.23664775500015], [69.08941488199997, 26.227912784000125], [69.16070522700011, 26.223317883000163], [69.23515923600013, 26.23774188100009], [69.57005293800017, 26.20021219500012], [69.60214880000012, 26.21245016000006], [69.83706801700009, 26.205551405000108], [70.00825351100008, 26.176853111000014], [70.12714610699999, 26.140463341000043], [70.15941767200002, 26.19448834000019], [70.17266828300012, 26.24507771100008], [70.16460397500009, 26.290916245000062], [70.1838987110001, 26.486830227999974], [70.16051452300013, 26.55895380000004], [70.06619191600015, 26.59929170999999], [69.87931148600006, 26.58108726300003], [69.81536018200012, 26.592160542999977], [69.72186921800017, 26.65384284000004], [69.51544847500003, 26.740058574000045], [69.4837347580002, 26.806233047000035], [69.51320566100009, 27.01686766000006], [69.53558247100005, 27.06561419999997], [69.38039300100002, 27.124643060000153], [69.32800108500015, 27.156872401000044], [69.25025039200017, 27.178605784000183], [69.17663731599998, 27.18436656600005], [69.12371032600004, 27.20647808299998], [69.02588720099999, 27.19896883400014], [68.9710239760002, 27.213102253000102], [68.83747820400004, 27.292770656000073], [68.83922757800019, 27.358606188000124], [68.89184907400005, 27.413495442000055], [68.867024979, 27.442017392000082], [68.89063963799998, 27.478871548000143], [68.83655555800004, 27.475124702000073], [68.83235125700008, 27.499929591000125], [68.80724192800011, 27.50337915800003], [68.7953266880001, 27.519275979000042], [68.83041326800009, 27.616992422000123], [68.86740714900003, 27.623827167000115], [68.8692513960001, 27.633807917000127], [68.84294338600012, 27.66836079600006], [68.80986476900011, 27.67522212500012], [68.78143151200004, 27.707687159000102], [68.78886288300004, 27.735730920000094], [68.71963899800005, 27.72866032600018], [68.68974515700012, 27.77642769099998]]]}}, {"type": "Feature", "properties": {"adm2_name": "Korangi Karachi", "adm2_name1": null, "adm2_name2": null, "adm2_name3": null, "adm2_pcode": "PK712", "adm1_name": "Sindh", "adm1_name1": null, "adm1_name2": null, "adm1_name3": null, "adm1_pcode": "PK7", "adm0_name": "Pakistan", "adm0_name1": null, "adm0_name2": null, "adm0_name3": null, "adm0_pcode": "PK", "valid_on": "2022-09-09", "valid_to": null, "area_sqkm": 104.292021, "version": "v01", "lang": "en", "lang1": null, "lang2": null, "lang3": null, "adm2_ref_name": "Korangi Karachi", "center_lat": 24.83296763, "center_lon": 67.14577966}, "geometry": {"type": "Polygon", "coordinates": [[[67.1323944180001, 24.887322094000183], [67.11736726400017, 24.865088166000135], [67.09002430200019, 24.859090518000016], [67.07485005100011, 24.830353809000087], [67.07938238600019, 24.798843417000057], [67.1023025510001, 24.77813530000003], [67.1049118040001, 24.797645569000053], [67.12921142600015, 24.779695511000114], [67.13770364300018, 24.796719642000085], [67.1739187610001, 24.81090266700005], [67.17259614700009, 24.820489292000047], [67.18949200000014, 24.812555], [67.21695459500017, 24.841392636000137], [67.18562986000018, 24.880612401000064], [67.1323944180001, 24.887322094000183]]]}}, {"type": "Feature", "properties": {"adm2_name": "Larkana", "adm2_name1": null, "adm2_name2": null, "adm2_name3": null, "adm2_pcode": "PK713", "adm1_name": "Sindh", "adm1_name1": null, "adm1_name2": null, "adm1_name3": null, "adm1_pcode": "PK7", "adm0_name": "Pakistan", "adm0_name1": null, "adm0_name2": null, "adm0_name3": null, "adm0_pcode": "PK", "valid_on": "2022-09-09", "valid_to": null, "area_sqkm": 1921.04093378, "version": "v01", "lang": "en", "lang1": null, "lang2": null, "lang3": null, "adm2_ref_name": "Larkana", "center_lat": 27.53083887, "center_lon": 68.20205345}, "geometry": {"type": "Polygon", "coordinates": [[[68.24045426100014, 27.928924555000037], [68.11760403200003, 27.932262382000033], [68.18559698700017, 27.829922885000087], [68.18917763700011, 27.798887834000027], [68.17163237600016, 27.75522639900015], [68.19556803700004, 27.70922577200014], [68.15600939300009, 27.684455799000148], [68.12899490100006, 27.68381679200013], [68.10988127200017, 27.700925915000028], [68.12318776799998, 27.605711170000177], [68.08031563800012, 27.572962541000095], [68.07488701300014, 27.53880004100006], [68.06026639300012, 27.5395337920001], [68.0500490170001, 27.522260041000038], [68.0352551380002, 27.44322129200009], [68.00180060100018, 27.40855083200006], [68.03746598900005, 27.38350551299999], [68.0548918340001, 27.388695822000045], [68.05743992900017, 27.37580648800008], [68.04922631400012, 27.36625063499997], [68.01844870200017, 27.371810710000034], [67.99542795600001, 27.29238901900004], [67.93968392100015, 27.221128779000026], [67.94108976700011, 27.202223541000023], [68.03561422400008, 27.134632206000106], [68.07423401500012, 27.123945576000153], [68.08423430500011, 27.12484933600018], [68.05914464700004, 27.13501529700011], [68.09328781500011, 27.141809500000136], [68.08054764900004, 27.16084703700011], [68.10034638800016, 27.190910677000147], [68.08849374900007, 27.201792211000054], [68.12582026800004, 27.1987686600001], [68.16779327300003, 27.229497149000167], [68.18771250600014, 27.228784683000185], [68.1815094700001, 27.254900073000044], [68.21318765700005, 27.291844995000133], [68.2236391030001, 27.333753879000085], [68.26463868700012, 27.35604788100011], [68.33201509600019, 27.359347910000054], [68.34716697300018, 27.375193238000122], [68.30013300700006, 27.42579066100018], [68.272225053, 27.492602284000043], [68.34398544900006, 27.531699964000097], [68.33695923000016, 27.59936102200004], [68.35172128900007, 27.609083984000165], [68.440648742, 27.605994792000047], [68.496990955, 27.632342087000154], [68.43337315800005, 27.710320332000094], [68.39438838700005, 27.717589288000056], [68.39395797000003, 27.73631075100019], [68.34391901300006, 27.74998029000011], [68.3370369490001, 27.790876278999974], [68.28997004700011, 27.844511733000104], [68.29266016600019, 27.862838800000134], [68.26106169000013, 27.88216913000008], [68.24045426100014, 27.928924555000037]]]}}, {"type": "Feature", "properties": {"adm2_name": "Malir Karachi", "adm2_name1": null, "adm2_name2": null, "adm2_name3": null, "adm2_pcode": "PK714", "adm1_name": "Sindh", "adm1_name1": null, "adm1_name2": null, "adm1_name3": null, "adm1_pcode": "PK7", "adm0_name": "Pakistan", "adm0_name1": null, "adm0_name2": null, "adm0_name3": null, "adm0_pcode": "PK", "valid_on": "2022-09-09", "valid_to": null, "area_sqkm": 2726.86074484, "version": "v01", "lang": "en", "lang1": null, "lang2": null, "lang3": null, "adm2_ref_name": "Malir Karachi", "center_lat": 25.20658479, "center_lon": 67.15990752}, "geometry": {"type": "MultiPolygon", "coordinates": [[[[67.3802062600002, 25.63997806200007], [67.32096881500007, 25.640453574000162], [67.30002594000018, 25.59184455900015], [67.25704956100014, 25.56574440000003], [67.24398803700012, 25.523412704000123], [67.20110321000004, 25.499628067000117], [67.16332244900013, 25.45248985300003], [67.16223907500006, 25.39540672300012], [67.13906097400013, 25.357315063000044], [67.13780813400018, 25.315238657000066], [67.0897216800002, 25.241214752000133], [67.03549194300018, 25.205457686999978], [67.00833129900019, 25.16232109100008], [67.00506665700004, 25.097813421000126], [67.07250089100006, 25.08683029000008], [67.12048251300013, 25.01279966600015], [67.19201202200009, 25.010627173000103], [67.22574414500019, 24.982210787999975], [67.19229063000006, 24.96728316600013], [67.19229063000006, 24.955774038000186], [67.23821614600013, 24.934143288000143], [67.22645404500014, 24.90393781900019], [67.17853325200008, 24.905948652000177], [67.17045298400012, 24.88544923800015], [67.20276198000016, 24.86785849], [67.196333, 24.859416000000124], [67.21685700000018, 24.843589000000122], [67.21339492099997, 24.83330246900016], [67.19416912500014, 24.828501072000165], [67.18949200000014, 24.812555], [67.17259614700009, 24.820489292000047], [67.13521305000006, 24.78372278900008], [67.15469360400004, 24.793727875000116], [67.18303680399998, 24.782798766999974], [67.21993255600012, 24.814121246000184], [67.248588562, 24.784187317000146], [67.27463531500018, 24.790281296000103], [67.32957458500016, 24.77123069800001], [67.37549591100009, 24.78339004500009], [67.42822265600006, 24.773622513000134], [67.443901062, 24.781852722000167], [67.44221890200009, 24.84578536200013], [67.48124627100009, 24.840611040000113], [67.51803726400016, 24.80055403400013], [67.58151385900015, 24.79506845300017], [67.529692243, 24.91632445199997], [67.50371426400005, 25.065031906000172], [67.46119438300013, 25.099815410000133], [67.37300164100014, 25.141065545000174], [67.31556352100012, 25.1509617910001], [67.27408877400018, 25.186469041000066], [67.3327394010002, 25.300276045000032], [67.35920845800007, 25.308681575000037], [67.41295781400004, 25.451113264000128], [67.3802062600002, 25.63997806200007]]], [[[67.29858398400006, 24.66622734100008], [67.28096771200018, 24.66146469100005], [67.28385925300006, 24.63483810400004], [67.30535888700012, 24.639730453000084], [67.29858398400006, 24.66622734100008]]], [[[67.2370452880001, 24.663326263000044], [67.18306732200006, 24.676523209000038], [67.17150116000016, 24.663391113000102], [67.1793365480001, 24.628377915000158], [67.20323181200013, 24.62459945700016], [67.22000122100019, 24.638948441000082], [67.2195968630001, 24.620773315000122], [67.26547241200007, 24.598314285000072], [67.2817611700001, 24.63038444500006], [67.25654602000014, 24.66106224100014], [67.2370452880001, 24.663326263000044]]], [[[67.31604766900006, 24.663469314000054], [67.30099487300015, 24.68593406700012], [67.29110717800012, 24.687482834000093], [67.31604766900006, 24.663469314000054]]], [[[67.11589813200015, 24.67692375200005], [67.13344574000001, 24.677949906000038], [67.11579132100007, 24.69049072300004], [67.11589813200015, 24.67692375200005]]], [[[67.24566650400004, 24.670299530000136], [67.21993255600012, 24.690933227000016], [67.21224975600018, 24.716770172000054], [67.18780517600004, 24.694641113000046], [67.22224426300016, 24.667837143000042], [67.24566650400004, 24.670299530000136]]], [[[67.13708496100014, 24.7553291320001], [67.1168518070001, 24.75274848900017], [67.11304473900003, 24.739879608000024], [67.12324523900008, 24.703485489000172], [67.1413879390002, 24.69012451200018], [67.15253448500016, 24.735399246000043], [67.13708496100014, 24.7553291320001]]], [[[67.19284820600018, 24.705253601000095], [67.19915008500016, 24.724258423000094], [67.24822235100004, 24.742416382000158], [67.24143981900016, 24.757637024000076], [67.17880249000012, 24.735673904000066], [67.17874145500014, 24.71500206000013], [67.19284820600018, 24.705253601000095]]], [[[67.34121704100016, 24.760131836000085], [67.28565979000007, 24.766222], [67.23516082800012, 24.720888138000078], [67.25035095200019, 24.712631226000042], [67.31066894500015, 24.746593475000168], [67.32598114000012, 24.735200882000186], [67.34121704100016, 24.760131836000085]]], [[[67.28592681900005, 24.78230667100013], [67.27114105200013, 24.78619766200012], [67.23665618900014, 24.779607773000123], [67.25052642800017, 24.75335121100011], [67.26432800300017, 24.751100540000152], [67.28592681900005, 24.78230667100013]]], [[[67.21506500200007, 24.79328536999998], [67.18778228800005, 24.772937775000173], [67.16523742700014, 24.776342392], [67.16452026400003, 24.760658264000142], [67.18250274700011, 24.751251221000075], [67.2269668580002, 24.77614975000006], [67.21506500200007, 24.79328536999998]]], [[[67.22509002700008, 24.794250488000102], [67.22642517100007, 24.80076789800006], [67.21183013900003, 24.805286407999972], [67.22509002700008, 24.794250488000102]]]]}}, {"type": "Feature", "properties": {"adm2_name": "Matiari", "adm2_name1": null, "adm2_name2": null, "adm2_name3": null, "adm2_pcode": "PK715", "adm1_name": "Sindh", "adm1_name1": null, "adm1_name2": null, "adm1_name3": null, "adm1_pcode": "PK7", "adm0_name": "Pakistan", "adm0_name1": null, "adm0_name2": null, "adm0_name3": null, "adm0_pcode": "PK", "valid_on": "2022-09-09", "valid_to": null, "area_sqkm": 1457.94118511, "version": "v01", "lang": "en", "lang1": null, "lang2": null, "lang3": null, "adm2_ref_name": "Matiari", "center_lat": 25.77083578, "center_lon": 68.42166918}, "geometry": {"type": "Polygon", "coordinates": [[[68.44722823700005, 26.041405288000135], [68.42047664600005, 26.08513228900017], [68.37602950500013, 26.10170579200019], [68.34330262200012, 26.06947201600019], [68.32317026100014, 26.017080542000144], [68.27746540499999, 25.992664047000062], [68.23555090900015, 25.91553859700008], [68.32142807900004, 25.848919416000058], [68.33052232500006, 25.801264236000065], [68.30060787500008, 25.77868007600017], [68.31628572099999, 25.734047174000068], [68.46152338900015, 25.674156325000126], [68.45278903800016, 25.656736895000165], [68.37919603200004, 25.632108551000044], [68.35377583000019, 25.610298222000154], [68.37885357600015, 25.552675003000047], [68.44001203800013, 25.53817824100014], [68.47137263600018, 25.488111581000055], [68.58646610000017, 25.43581103100007], [68.61165950600014, 25.517289024999968], [68.60086167700013, 25.531846708000046], [68.67292835400019, 25.598863987000072], [68.65026438300015, 25.63432819700006], [68.66781532900018, 25.669912632999967], [68.64900786000004, 25.689273499000024], [68.61877180900018, 25.691216661], [68.56371161000004, 25.738607787000035], [68.53501386000005, 25.732305934000067], [68.55829509000006, 25.75284245200004], [68.54125413700007, 25.77205748300014], [68.53464472600007, 25.818914726000116], [68.49095077800001, 25.83769806200013], [68.49122729800018, 25.84808565500009], [68.52457312600018, 25.861271486000135], [68.49807870800004, 25.868057770000178], [68.4787133120002, 25.90303381500013], [68.46234295900013, 25.896691021000038], [68.4424886330001, 25.911569693000104], [68.47798523400019, 25.934673244000066], [68.47963711800008, 25.963531739000132], [68.50526877500016, 26.006081615000028], [68.49604989300013, 26.012967414000173], [68.50295877300016, 26.03088778000017], [68.54890714100003, 26.052569284000185], [68.52562038300005, 26.063353479000114], [68.49596265900004, 26.0453451730001], [68.44722823700005, 26.041405288000135]]]}}, {"type": "Feature", "properties": {"adm2_name": "Mirpur Khas", "adm2_name1": null, "adm2_name2": null, "adm2_name3": null, "adm2_pcode": "PK716", "adm1_name": "Sindh", "adm1_name1": null, "adm1_name2": null, "adm1_name3": null, "adm1_pcode": "PK7", "adm0_name": "Pakistan", "adm0_name1": null, "adm0_name2": null, "adm0_name3": null, "adm0_pcode": "PK", "valid_on": "2022-09-09", "valid_to": null, "area_sqkm": 3463.16192375, "version": "v01", "lang": "en", "lang1": null, "lang2": null, "lang3": null, "adm2_ref_name": "Mirpur Khas", "center_lat": 25.30700511, "center_lon": 69.15966851}, "geometry": {"type": "Polygon", "coordinates": [[[69.23288351300005, 25.802401675000112], [69.09716814400008, 25.81189340000003], [69.0968564050001, 25.784618258000137], [69.10872606600014, 25.778216671999985], [69.09635269400007, 25.755561620000094], [69.05313848600014, 25.75657854500014], [69.07028937600012, 25.726408739000192], [69.03075588900015, 25.74086279200003], [69.03217425700007, 25.724157048000166], [69.00423395500007, 25.71616261600019], [68.99343911500006, 25.69915693900009], [68.91885982900004, 25.752214292000076], [68.91477614000007, 25.736401160000185], [68.8812619690001, 25.734505507000108], [68.87931866800017, 25.706156085000146], [68.9054759340001, 25.644543202000136], [68.88561476299998, 25.527778019000095], [68.9574291180001, 25.396951357000034], [68.98107249100019, 25.130035159000045], [69.08084116200007, 25.07347079800013], [69.08897575800006, 25.047094194000124], [69.12988197300007, 25.019289342000093], [69.12924265800001, 24.99488908700016], [69.15376110400013, 24.984659614000122], [69.17495883100014, 24.951299414000175], [69.27307853600018, 24.958206086000132], [69.2908047840001, 24.969260485000063], [69.29080926300003, 24.94845598800009], [69.3264850400002, 24.89129829], [69.30048728700001, 24.83077118400007], [69.32388009000016, 24.800674008999977], [69.3582397450001, 24.810896293999974], [69.40527300300016, 24.849652470000024], [69.4550016730002, 24.858095352000134], [69.47962083100003, 24.88256844200015], [69.47431928500015, 24.947525349999978], [69.46152983000002, 24.9860826580001], [69.40107117800005, 25.052734653000073], [69.4062024960001, 25.112276248000114], [69.37420034000007, 25.182378779000032], [69.359096598, 25.302107397000043], [69.31702424500014, 25.337664981000046], [69.3096062670001, 25.367492539000125], [69.26863876700008, 25.3700957960001], [69.27240101899997, 25.393093265], [69.18555407100013, 25.452360483000177], [69.19084525600016, 25.518052165000086], [69.17370613000014, 25.527377914000112], [69.18561539600017, 25.566382290999968], [69.20401476800004, 25.572494406000033], [69.294305044, 25.546569604000183], [69.27031855899997, 25.608011745000056], [69.32356488700009, 25.615408541000136], [69.30425552200018, 25.654106162000176], [69.31910539300003, 25.69628241300012], [69.3332082660001, 25.708569423000142], [69.3626052680001, 25.700096042000098], [69.36517777000012, 25.7166157850001], [69.34124201600014, 25.74438740900007], [69.30451851100014, 25.760161165000113], [69.28825839900003, 25.743363918], [69.25082851700012, 25.75517415400003], [69.23288351300005, 25.802401675000112]]]}}, {"type": "Feature", "properties": {"adm2_name": "Naushahro Feroze", "adm2_name1": null, "adm2_name2": null, "adm2_name3": null, "adm2_pcode": "PK717", "adm1_name": "Sindh", "adm1_name1": null, "adm1_name2": null, "adm1_name3": null, "adm1_pcode": "PK7", "adm0_name": "Pakistan", "adm0_name1": null, "adm0_name2": null, "adm0_name3": null, "adm0_pcode": "PK", "valid_on": "2022-09-09", "valid_to": null, "area_sqkm": 3036.86300686, "version": "v01", "lang": "en", "lang1": null, "lang2": null, "lang3": null, "adm2_ref_name": "Naushahro Feroze", "center_lat": 26.88836032, "center_lon": 68.09807679}, "geometry": {"type": "Polygon", "coordinates": [[[68.22072275800008, 27.228638414000102], [68.16779327300003, 27.229497149000167], [68.12582026800004, 27.1987686600001], [68.09320041300015, 27.205216103000055], [68.10034638800016, 27.190910677000147], [68.08054764900004, 27.16084703700011], [68.09328781500011, 27.141809500000136], [68.05914464700004, 27.13501529700011], [68.08423430500011, 27.12484933600018], [68.0482493180001, 27.1290236210001], [68.00738973800014, 27.070778830999984], [67.94715951300014, 27.071540159000108], [67.91113691700019, 27.056521805000045], [67.91167831000013, 27.040150345000143], [67.9713810720001, 27.018277236000188], [67.97982151000014, 26.986486300000024], [67.91704674200003, 26.966112531000135], [67.92747488900017, 26.924855161000153], [67.8843683930001, 26.911809171000186], [67.83528851000005, 26.860031085000116], [67.86457912900016, 26.765106371000172], [67.83624421700017, 26.709974226999975], [67.87053021300017, 26.667039147000082], [67.80350068700011, 26.592940689000045], [67.8070505500001, 26.57113396000011], [67.8620299850001, 26.54063521300003], [67.92858856700013, 26.54510079100004], [67.95252434700012, 26.576066459000117], [67.99686548800014, 26.571299266000096], [68.02769185400007, 26.60436719], [68.06085313900013, 26.577860903000044], [68.10514251500007, 26.56904255200004], [68.14796463200014, 26.597186821000037], [68.22676025000015, 26.59646996300006], [68.25827006500003, 26.61817731900004], [68.35675785500007, 26.630058480000116], [68.28748889500014, 26.660726166000074], [68.32800373600008, 26.78882764300016], [68.31702224800011, 26.816976529000044], [68.33776501000006, 26.89160367], [68.32518428400004, 26.896513012000128], [68.35366742500014, 26.918910698000047], [68.38373483100014, 26.978197919000024], [68.43254932600013, 27.012411203000056], [68.44672378800016, 27.068107824000094], [68.40959078000014, 27.129213808000145], [68.3482545110001, 27.167960672000106], [68.35487185500017, 27.18664839100012], [68.34047973500003, 27.2048295780001], [68.27054717600004, 27.210464383000158], [68.22072275800008, 27.228638414000102]]]}}, {"type": "Feature", "properties": {"adm2_name": "Sanghar", "adm2_name1": null, "adm2_name2": null, "adm2_name3": null, "adm2_pcode": "PK718", "adm1_name": "Sindh", "adm1_name1": null, "adm1_name2": null, "adm1_name3": null, "adm1_pcode": "PK7", "adm0_name": "Pakistan", "adm0_name1": null, "adm0_name2": null, "adm0_name3": null, "adm0_pcode": "PK", "valid_on": "2022-09-09", "valid_to": null, "area_sqkm": 10158.32230876, "version": "v01", "lang": "en", "lang1": null, "lang2": null, "lang3": null, "adm2_ref_name": "Sanghar", "center_lat": 25.97916664, "center_lon": 69.29124101}, "geometry": {"type": "Polygon", "coordinates": [[[69.01765117000008, 26.298388370000055], [68.98313970200007, 26.36165720100007], [68.9524617570001, 26.371475384], [68.94227513300012, 26.430406300000072], [68.91477445000015, 26.468685303000143], [68.84715609500006, 26.436826232000158], [68.85394400400014, 26.422061984000152], [68.81806067600013, 26.36943596200007], [68.74793141300017, 26.314957392000167], [68.74189163400001, 26.334220910000113], [68.69946811500006, 26.33701223700001], [68.690098391, 26.293140793000077], [68.68706101000015, 26.302408906000153], [68.63951763900002, 26.29829371400001], [68.63142694300012, 26.257950823999977], [68.65521975500019, 26.25602641500018], [68.66617360000015, 26.211718211000175], [68.64706076400006, 26.16868640600012], [68.62112140300007, 26.195301], [68.60577198200008, 26.171328728000105], [68.56889825800005, 26.184871914000155], [68.56560388900004, 26.175181538], [68.54596214500003, 26.179951663000054], [68.51860201400012, 26.164553162000118], [68.50057164900016, 26.172681421], [68.47462113800003, 26.160060787000077], [68.44498414000009, 26.18158966400017], [68.44014502400012, 26.160079411000027], [68.472206018, 26.080988910000087], [68.43275190200018, 26.071323647000156], [68.445706654, 26.04175517600015], [68.49596265900004, 26.0453451730001], [68.52562038300005, 26.063353479000114], [68.54890714100003, 26.052569284000185], [68.50295877300016, 26.03088778000017], [68.49604989300013, 26.012967414000173], [68.50526877500016, 26.006081615000028], [68.47963711800008, 25.963531739000132], [68.47798523400019, 25.934673244000066], [68.4424886330001, 25.911569693000104], [68.46234295900013, 25.896691021000038], [68.4787133120002, 25.90303381500013], [68.49807870800004, 25.868057770000178], [68.52457312600018, 25.861271486000135], [68.49122729800018, 25.84808565500009], [68.49095077800001, 25.83769806200013], [68.53464472600007, 25.818914726000116], [68.54125413700007, 25.77205748300014], [68.55829509000006, 25.75284245200004], [68.53501386000005, 25.732305934000067], [68.56371161000004, 25.738607787000035], [68.61877180900018, 25.691216661], [68.64900786000004, 25.689273499000024], [68.66781532900018, 25.669912632999967], [68.68905355100009, 25.729727516000082], [68.7235280060001, 25.715856605], [68.73854974300019, 25.754632576000176], [68.82791516200012, 25.72771388299998], [68.86819072200012, 25.69435086200008], [68.8802541820001, 25.702713872000174], [68.87894881000011, 25.73194962800011], [68.91477614000007, 25.736401160000185], [68.91885982900004, 25.752214292000076], [68.99343911500006, 25.69915693900009], [69.00423395500007, 25.71616261600019], [69.03217425700007, 25.724157048000166], [69.03075588900015, 25.74086279200003], [69.07028937600012, 25.726408739000192], [69.05313848600014, 25.75657854500014], [69.09635269400007, 25.755561620000094], [69.10872606600014, 25.778216671999985], [69.0968564050001, 25.784618258000137], [69.09716814400008, 25.81189340000003], [69.19937051800014, 25.79424404499997], [69.23008401500005, 25.803189538000026], [69.25082851700012, 25.75517415400003], [69.28825839900003, 25.743363918], [69.30451851100014, 25.760161165000113], [69.34124201600014, 25.74438740900007], [69.36517777000012, 25.7166157850001], [69.3626052680001, 25.700096042000098], [69.3332082660001, 25.708569423000142], [69.31910539300003, 25.69628241300012], [69.30425552200018, 25.654106162000176], [69.32356488700009, 25.615408541000136], [69.27031855899997, 25.608011745000056], [69.294305044, 25.546569604000183], [69.33107137700017, 25.569066815000042], [69.38150056400013, 25.554721936000192], [69.39517754000019, 25.56295789400008], [69.44215229200006, 25.541050321000114], [69.47447121600004, 25.55998802800019], [69.49432956000015, 25.553633014000184], [69.51789739800006, 25.576422922], [69.5319992630001, 25.56618672900015], [69.54793666400008, 25.57243835300011], [69.54837966700006, 25.560877733000154], [69.56402848700003, 25.570417028000122], [69.55252232200007, 25.555562696000152], [69.56270406700008, 25.530900622000104], [69.5364266000002, 25.526759029000175], [69.53696280000014, 25.51774450900018], [69.554936107, 25.505297328000154], [69.57083294500012, 25.52115070000019], [69.56095264800018, 25.498317804000123], [69.62557396200015, 25.49023594100015], [69.6385115810001, 25.515910272000042], [69.6577211820001, 25.511653720000083], [69.7318282120001, 25.551131937000093], [69.7899923380001, 25.648702456000024], [69.8628075920002, 25.68648641700014], [69.92918573800006, 25.755801722000058], [69.9877999950001, 25.72259733700014], [70.09216473900005, 25.76844556600014], [70.23263950300009, 25.782670196000083], [70.14502109800009, 25.868523974000027], [70.09607536600004, 25.944317991000048], [70.08045097400009, 26.058236571], [70.12714610699999, 26.140463341000043], [70.11676332900015, 26.147635091000154], [69.83706801700009, 26.205551405000108], [69.60214880000012, 26.21245016000006], [69.57005293800017, 26.20021219500012], [69.23515923600013, 26.23774188100009], [69.11673043700011, 26.222360262000052], [69.07401113300011, 26.23435933100012], [69.08060805100007, 26.25483961800012], [69.05316404700005, 26.25452558699999], [69.06127687000009, 26.292949153000052], [69.01765117000008, 26.298388370000055]]]}}, {"type": "Feature", "properties": {"adm2_name": "Shaheed Benazir Abad", "adm2_name1": null, "adm2_name2": null, "adm2_name3": null, "adm2_pcode": "PK719", "adm1_name": "Sindh", "adm1_name1": null, "adm1_name2": null, "adm1_name3": null, "adm1_pcode": "PK7", "adm0_name": "Pakistan", "adm0_name1": null, "adm0_name2": null, "adm0_name3": null, "adm0_pcode": "PK", "valid_on": "2022-09-09", "valid_to": null, "area_sqkm": 4582.23727887, "version": "v01", "lang": "en", "lang1": null, "lang2": null, "lang3": null, "adm2_ref_name": "Shaheed Benazir Abad", "center_lat": 26.30942815, "center_lon": 68.28446911}, "geometry": {"type": "Polygon", "coordinates": [[[68.37130995900009, 26.627463764000026], [68.25827006500003, 26.61817731900004], [68.22676025000015, 26.59646996300006], [68.15000301600003, 26.597674993999988], [68.10514251500007, 26.56904255200004], [68.06085313900013, 26.577860903000044], [68.02769185400007, 26.60436719], [67.99686548800014, 26.571299266000096], [67.95716154500013, 26.57861681500009], [67.9345791020001, 26.548108929000023], [67.90906750400012, 26.54591623699997], [67.92084596000018, 26.484750957000188], [67.8745075170001, 26.42124959000006], [67.90560100500011, 26.406812477000017], [67.89039457000018, 26.352336584000113], [67.87294091200005, 26.33837847300009], [67.8815526050002, 26.273005481000098], [67.90544277000004, 26.294423417000132], [67.91755747000019, 26.245004153000025], [68.01615101400012, 26.19649555300009], [68.02420184700003, 26.148778791000097], [68.1734461420001, 26.001184109000178], [68.25948725600011, 26.004143546000137], [68.27596089500003, 25.992220293000116], [68.30257876100006, 26.003143788000045], [68.3240491460001, 26.018336161000036], [68.34501701500011, 26.07207440800005], [68.38456738000002, 26.10622578699997], [68.43275190200018, 26.071323647000156], [68.46969489800011, 26.076468915000078], [68.44014502400012, 26.160079411000027], [68.44729825700017, 26.18277429500006], [68.47462113800003, 26.160060787000077], [68.50057164900016, 26.172681421], [68.51860201400012, 26.164553162000118], [68.54596214500003, 26.179951663000054], [68.56560388900004, 26.175181538], [68.56889825800005, 26.184871914000155], [68.60577198200008, 26.171328728000105], [68.62112140300007, 26.195301], [68.64706076400006, 26.16868640600012], [68.66617360000015, 26.211718211000175], [68.65521975500019, 26.25602641500018], [68.63142694300012, 26.257950823999977], [68.63951763900002, 26.29829371400001], [68.68706101000015, 26.302408906000153], [68.690098391, 26.293140793000077], [68.69946811500006, 26.33701223700001], [68.74189163400001, 26.334220910000113], [68.74793141300017, 26.314957392000167], [68.8139942460001, 26.36472173500016], [68.85394400400014, 26.422061984000152], [68.84921214300005, 26.482189294000023], [68.8208834880001, 26.542852719000166], [68.7610310610001, 26.586286419000146], [68.37130995900009, 26.627463764000026]]]}}, {"type": "Feature", "properties": {"adm2_name": "Shikarpur", "adm2_name1": null, "adm2_name2": null, "adm2_name3": null, "adm2_pcode": "PK720", "adm1_name": "Sindh", "adm1_name1": null, "adm1_name2": null, "adm1_name3": null, "adm1_pcode": "PK7", "adm0_name": "Pakistan", "adm0_name1": null, "adm0_name2": null, "adm0_name3": null, "adm0_pcode": "PK", "valid_on": "2022-09-09", "valid_to": null, "area_sqkm": 2551.82858965, "version": "v01", "lang": "en", "lang1": null, "lang2": null, "lang3": null, "adm2_ref_name": "Shikarpur", "center_lat": 27.92214297, "center_lon": 68.57210016}, "geometry": {"type": "Polygon", "coordinates": [[[68.64130609900002, 28.153545544], [68.49690086700019, 28.156101005000153], [68.4009552350002, 28.11357337100003], [68.32353984700018, 28.120234685000128], [68.31160550400011, 27.931053416000054], [68.28848275700011, 27.936945780000144], [68.28874457400002, 27.924589271000116], [68.24486871500017, 27.92416789100008], [68.26106169000013, 27.88216913000008], [68.29266016600019, 27.862838800000134], [68.28997004700011, 27.844511733000104], [68.3370369490001, 27.790876278999974], [68.34391901300006, 27.74998029000011], [68.39395797000003, 27.73631075100019], [68.39438838700005, 27.717589288000056], [68.4284221050001, 27.71411717000018], [68.46230903100013, 27.68495401800004], [68.51057605300014, 27.718515348000153], [68.56125413600012, 27.709238087000188], [68.59874146500005, 27.724848916000155], [68.63758726100019, 27.780001291000076], [68.69858027300012, 27.77975091400009], [68.70410413600007, 27.816949537000085], [68.76568039200009, 27.783907733000035], [68.81511600100009, 27.797110800999974], [68.86791965500015, 27.857650588000183], [68.85798023900003, 27.882134187000133], [68.8975675690001, 27.90918749500014], [68.89883052300013, 27.935898643000087], [68.9258733480001, 27.940109021000126], [68.97945352400006, 27.97731439100005], [69.01379310500016, 27.978631628000073], [69.04326892400013, 28.021194491000017], [69.0646934070001, 28.02535308900002], [69.00627824200018, 28.08520828899998], [68.9543483220001, 28.079528459000073], [68.94495089300017, 28.09636066400003], [68.88270622000016, 28.082719717000145], [68.64130609900002, 28.153545544]]]}}, {"type": "Feature", "properties": {"adm2_name": "South Karachi", "adm2_name1": null, "adm2_name2": null, "adm2_name3": null, "adm2_pcode": "PK721", "adm1_name": "Sindh", "adm1_name1": null, "adm1_name2": null, "adm1_name3": null, "adm1_pcode": "PK7", "adm0_name": "Pakistan", "adm0_name1": null, "adm0_name2": null, "adm0_name3": null, "adm0_pcode": "PK", "valid_on": "2022-09-09", "valid_to": null, "area_sqkm": 507.62533692, "version": "v01", "lang": "en", "lang1": null, "lang2": null, "lang3": null, "adm2_ref_name": "South Karachi", "center_lat": 24.89329951, "center_lon": 66.84196952}, "geometry": {"type": "MultiPolygon", "coordinates": [[[[66.92988255500012, 24.937810602000184], [66.96029194500017, 24.959207966000122], [66.95141101500008, 24.97049741100011], [66.96903613400008, 24.982722909000188], [66.93823892400007, 25.029362761000016], [66.85739135800014, 25.002532959000064], [66.77264404300018, 24.95691871600002], [66.70785522500006, 24.900224686000172], [66.70295106300017, 24.892689022000184], [66.72199249300019, 24.891757965000124], [66.71176147500012, 24.880094528000086], [66.69473266600005, 24.88216781600005], [66.6595611570001, 24.850759506000145], [66.65139007600015, 24.829353331999982], [66.68332672100018, 24.82137870800011], [66.75619506800012, 24.843751907000012], [66.8190612790001, 24.834390640000038], [66.8619918820001, 24.856851578000033], [66.97917938200015, 24.791753769000024], [66.95781707800012, 24.825862885000106], [66.91195678700018, 24.849479675], [66.978363037, 24.858549117999985], [66.96265411400015, 24.82499313400018], [66.97362518300008, 24.830604553000057], [66.97584533700007, 24.810846329000015], [67.02169036900011, 24.808300018000125], [67.09657287600004, 24.75663757300009], [67.07485005100011, 24.830353809000087], [67.09389251400012, 24.85291515900002], [67.08533614400005, 24.86540802800016], [67.05459925600007, 24.852481542000135], [67.02180244000004, 24.882433008000135], [66.97674094100012, 24.88334410100009], [66.92988255500012, 24.937810602000184]]], [[[66.6157836910001, 24.88709640500008], [66.61747741700009, 24.89990234400011], [66.60176849400017, 24.903057098000033], [66.59614563000014, 24.890935898000066], [66.6157836910001, 24.88709640500008]]]]}}, {"type": "Feature", "properties": {"adm2_name": "Sujawal", "adm2_name1": null, "adm2_name2": null, "adm2_name3": null, "adm2_pcode": "PK722", "adm1_name": "Sindh", "adm1_name1": null, "adm1_name2": null, "adm1_name3": null, "adm1_pcode": "PK7", "adm0_name": "Pakistan", "adm0_name1": null, "adm0_name2": null, "adm0_name3": null, "adm0_pcode": "PK", "valid_on": "2022-09-09", "valid_to": null, "area_sqkm": 8687.46909659, "version": "v01", "lang": "en", "lang1": null, "lang2": null, "lang3": null, "adm2_ref_name": "Sujawal", "center_lat": 24.38807462, "center_lon": 68.15959914}, "geometry": {"type": "MultiPolygon", "coordinates": [[[[68.30983705400013, 24.931302909000067], [68.27921590500006, 24.980843337000067], [68.2587350710001, 24.988537345000054], [68.22008263800006, 24.955122683000013], [68.17777297800018, 24.974489186000085], [68.12594540600008, 24.961477221], [68.11955561400003, 24.911732919000144], [68.08350480200005, 24.886686685000086], [68.11897875099999, 24.84266486000007], [68.06160435800007, 24.852401311000165], [68.02669469700004, 24.834060980000118], [68.02886013100016, 24.767135704000168], [67.9619448000002, 24.66614763399997], [67.96877285900018, 24.607490723000126], [67.9969788300001, 24.5709994], [67.99704373500003, 24.553975472000104], [67.94993552500017, 24.501034102], [67.96497437200003, 24.41933166300015], [67.84465145300015, 24.418581337000035], [67.84354865800015, 24.39492686000017], [67.86305660100015, 24.35941208899999], [67.85565589100014, 24.344056780000017], [67.83683639500015, 24.320560621000084], [67.80361834600012, 24.340282930000058], [67.77404018300001, 24.323601159000134], [67.81249844900009, 24.247960671000044], [67.75668412300018, 24.24550780300018], [67.71923393800012, 24.165598120000084], [67.66539538600006, 24.1589095330001], [67.62592811500008, 24.183423648000087], [67.59931080000018, 24.157609741000044], [67.53252350300016, 24.149811041000078], [67.52546046300017, 24.128784113999984], [67.55678592800007, 24.124164561000157], [67.55619359299999, 24.074275039000156], [67.57168301100018, 24.06635346200011], [67.48744918200003, 24.029319082000086], [67.497565931, 24.022826712999972], [67.48109119900005, 23.997141543], [67.48454867200007, 23.97339639800009], [67.50437164300018, 23.966039658000113], [67.46608734100016, 23.94536399800006], [67.48552703799999, 23.93737220800017], [67.49097442600004, 23.913896561000115], [67.47996521000005, 23.90697288500013], [67.46260070800002, 23.920518875000027], [67.46960449200009, 23.903272629000014], [67.53353118900003, 23.87461280800005], [67.53547668500005, 23.893001556000115], [67.56512451200007, 23.86828994800004], [67.5762329100001, 23.888967514000115], [67.58342742900004, 23.839395523], [67.59791564900013, 23.838148117], [67.60108184800015, 23.849229813000136], [67.62543487500011, 23.842947006000145], [67.62693023700007, 23.808822632000044], [67.65200805700005, 23.79453086900014], [67.68508911100014, 23.805189133000056], [67.75022125200019, 23.801471710000044], [67.70903778100018, 23.856201172000056], [67.82094574000013, 23.811388016000024], [67.83602142300003, 23.82457733100017], [67.84563446100015, 23.9091625210001], [67.89393615700004, 23.975074768000013], [67.90268707300004, 23.96472167999997], [67.86528778100018, 23.90159416200015], [67.8719635010001, 23.858652115000098], [67.92984008800005, 23.82902717600001], [67.92024993900014, 23.851734161000024], [67.95197296100014, 23.812105179000127], [67.97018432599998, 23.81136894200006], [67.99625396700009, 23.78673362700016], [68.0335845950001, 23.78802490200013], [68.04460907000004, 23.79491615300003], [68.02816009500015, 23.87960433900014], [68.04196166999998, 23.911851883000054], [68.05533599800009, 23.903003693000187], [68.05302429200015, 23.853790283000023], [68.07598877000004, 23.833206177000022], [68.10438537600004, 23.843223572000113], [68.10353088400018, 23.855539322000027], [68.14210510300018, 23.839685440000096], [68.13604736300005, 23.869544983000083], [68.18893432600015, 23.850088119000077], [68.185623169, 23.886302948000093], [68.23776245100015, 23.900175095000066], [68.27893066400003, 23.938627243000155], [68.32588285100002, 23.9219709730001], [68.3349392360002, 23.965439000000174], [68.37422940800019, 23.98315559400004], [68.38491902800018, 23.964165992000176], [68.7492442790001, 23.96204694900007], [68.76421528300011, 24.284278114000188], [68.73421452500014, 24.367759251000166], [68.72819453400007, 24.377334879000045], [68.64778901000005, 24.378547979000018], [68.5610866630002, 24.36263252000009], [68.44590911900013, 24.395263791000048], [68.45858866900016, 24.437738127000046], [68.41564077900006, 24.424520272], [68.4083626200001, 24.502204840000104], [68.39370882800006, 24.51766387100008], [68.40726136500007, 24.559053286000108], [68.38793904800013, 24.564271479000126], [68.37332020700018, 24.6010075640001], [68.38204866500007, 24.618547860000092], [68.35198948400017, 24.65352354700002], [68.3667714680002, 24.66945141900004], [68.3708078570001, 24.724423663000096], [68.35180431200013, 24.736485932999983], [68.34875601400012, 24.777530336999973], [68.29635766900014, 24.80991383900016], [68.30089814400003, 24.830303547000028], [68.27993764900009, 24.84075022700017], [68.26150154300007, 24.883028993000153], [68.28087640500013, 24.895866905000105], [68.28517650400005, 24.921476961000053], [68.30983705400013, 24.931302909000067]]], [[[68.18576812700013, 23.837411880000104], [68.16740417500017, 23.84435463000011], [68.17293548600014, 23.822923660000015], [68.1551437380001, 23.81727027900007], [68.11765289300007, 23.831361771], [68.09100341800018, 23.81175422700005], [68.07399749700005, 23.795333862000064], [68.07051086400014, 23.747798920000037], [68.03510284400005, 23.72134017999997], [68.03397369400005, 23.707557678000057], [68.05714416500007, 23.716552734000174], [68.10742950399998, 23.697706223000182], [68.11377716100003, 23.702659607000044], [68.09145355200013, 23.718452453000054], [68.10343170200014, 23.726968765000038], [68.13090515100004, 23.695005417], [68.1546173100001, 23.702167511000027], [68.15888977000009, 23.719913482000095], [68.14830780000011, 23.724729538000133], [68.18995666500012, 23.78064727800006], [68.18576812700013, 23.837411880000104]]]]}}, {"type": "Feature", "properties": {"adm2_name": "Sukkur", "adm2_name1": null, "adm2_name2": null, "adm2_name3": null, "adm2_pcode": "PK723", "adm1_name": "Sindh", "adm1_name1": null, "adm1_name2": null, "adm1_name3": null, "adm1_pcode": "PK7", "adm0_name": "Pakistan", "adm0_name1": null, "adm0_name2": null, "adm0_name3": null, "adm0_pcode": "PK", "valid_on": "2022-09-09", "valid_to": null, "area_sqkm": 5178.71431705, "version": "v01", "lang": "en", "lang1": null, "lang2": null, "lang3": null, "adm2_ref_name": "Sukkur", "center_lat": 27.5452996, "center_lon": 69.06538781}, "geometry": {"type": "Polygon", "coordinates": [[[69.08371333100013, 27.98936360100015], [69.0646934070001, 28.02535308900002], [69.04326892400013, 28.021194491000017], [69.01379310500016, 27.978631628000073], [68.97945352400006, 27.97731439100005], [68.9258733480001, 27.940109021000126], [68.89883052300013, 27.935898643000087], [68.8975675690001, 27.90918749500014], [68.85798023900003, 27.882134187000133], [68.86791965500015, 27.857650588000183], [68.81511600100009, 27.797110800999974], [68.76568039200009, 27.783907733000035], [68.70410413600007, 27.816949537000085], [68.68969282700004, 27.777648545000147], [68.71963899800005, 27.72866032600018], [68.78886288300004, 27.735730920000094], [68.78143151200004, 27.707687159000102], [68.80986476900011, 27.67522212500012], [68.84294338600012, 27.66836079600006], [68.8692513960001, 27.633807917000127], [68.86740714900003, 27.623827167000115], [68.83041326800009, 27.616992422000123], [68.7953266880001, 27.519275979000042], [68.80724192800011, 27.50337915800003], [68.83235125700008, 27.499929591000125], [68.83655555800004, 27.475124702000073], [68.89063963799998, 27.478871548000143], [68.867024979, 27.442017392000082], [68.89184907400005, 27.413495442000055], [68.83922757800019, 27.358606188000124], [68.83222825200016, 27.29917301500018], [68.9710239760002, 27.213102253000102], [69.02588720099999, 27.19896883400014], [69.12371032600004, 27.20647808299998], [69.17663731599998, 27.18436656600005], [69.25025039200017, 27.178605784000183], [69.32800108500015, 27.156872401000044], [69.38039300100002, 27.124643060000153], [69.53558247100005, 27.06561419999997], [69.58666191300011, 27.177983559000097], [69.77038372100014, 27.32891470700008], [69.72205952100018, 27.363180417000137], [69.61834777800016, 27.40042921700018], [69.52833213700006, 27.460486048000178], [69.55344508600018, 27.497669383000186], [69.55318638700004, 27.52177655700018], [69.446815819, 27.512478084000065], [69.42294494100008, 27.530285209], [69.33924702899998, 27.539653658000077], [69.31563385200013, 27.553086889000156], [69.240908365, 27.646136913000078], [69.27017338100006, 27.71178954200019], [69.31437202400019, 27.731786166000177], [69.29278184500004, 27.75554258200009], [69.27310552400013, 27.75093067000006], [69.25508827900018, 27.76693027800013], [69.26287151500003, 27.79195929100007], [69.2139205540002, 27.845807971000056], [69.18370035600014, 27.913863268000057], [69.18058664600011, 27.960893213000134], [69.16437966000012, 27.9725302060001], [69.18841689600015, 27.99089266300018], [69.15267760300009, 27.99128152100019], [69.11583663800013, 28.01238990300004], [69.08371333100013, 27.98936360100015]]]}}, {"type": "Feature", "properties": {"adm2_name": "Tando Allahyar", "adm2_name1": null, "adm2_name2": null, "adm2_name3": null, "adm2_pcode": "PK724", "adm1_name": "Sindh", "adm1_name1": null, "adm1_name2": null, "adm1_name3": null, "adm1_pcode": "PK7", "adm0_name": "Pakistan", "adm0_name1": null, "adm0_name2": null, "adm0_name3": null, "adm0_pcode": "PK", "valid_on": "2022-09-09", "valid_to": null, "area_sqkm": 1544.21552184, "version": "v01", "lang": "en", "lang1": null, "lang2": null, "lang3": null, "adm2_ref_name": "Tando Allahyar", "center_lat": 25.48053282, "center_lon": 68.75265076}, "geometry": {"type": "Polygon", "coordinates": [[[68.82791516200012, 25.72771388299998], [68.73854974300019, 25.754632576000176], [68.7235280060001, 25.715856605], [68.68905355100009, 25.729727516000082], [68.69059096100011, 25.712196507000044], [68.6500985420002, 25.638222833000043], [68.67292835400019, 25.598863987000072], [68.60086167700013, 25.531846708000046], [68.61165950600014, 25.517289024999968], [68.58821760600017, 25.462582091], [68.58646610000017, 25.43581103100007], [68.61597751500011, 25.399659346000192], [68.60641505300009, 25.38026708100017], [68.62548902200007, 25.350829933000057], [68.59254358800013, 25.346837538000045], [68.56949338900017, 25.366249870000047], [68.58644277500014, 25.327956968000024], [68.61412024900005, 25.31247347900006], [68.61702832600008, 25.29216409300011], [68.65031966000004, 25.275964891000058], [68.66851553600009, 25.29059932300015], [68.70716788900012, 25.287452358999985], [68.72386858700014, 25.26110122299997], [68.77532463400013, 25.242312293000055], [68.76938702800004, 25.21393966500011], [68.78016565500002, 25.205856493000113], [68.88498094500017, 25.22871742400008], [68.88753302100008, 25.26644502400012], [68.90163298700003, 25.258718890000125], [68.92996567500018, 25.270541278999985], [68.96585010000018, 25.29861943999998], [68.96627494500007, 25.312296627000023], [68.95520704800015, 25.403281978000052], [68.88669519000013, 25.521871300000157], [68.90066893000011, 25.66505882900003], [68.8802541820001, 25.702713872000174], [68.86819072200012, 25.69435086200008], [68.82791516200012, 25.72771388299998]]]}}, {"type": "Feature", "properties": {"adm2_name": "Tando Muhammad Khan", "adm2_name1": null, "adm2_name2": null, "adm2_name3": null, "adm2_pcode": "PK725", "adm1_name": "Sindh", "adm1_name1": null, "adm1_name2": null, "adm1_name3": null, "adm1_pcode": "PK7", "adm0_name": "Pakistan", "adm0_name1": null, "adm0_name2": null, "adm0_name3": null, "adm0_pcode": "PK", "valid_on": "2022-09-09", "valid_to": null, "area_sqkm": 1676.88704183, "version": "v01", "lang": "en", "lang1": null, "lang2": null, "lang3": null, "adm2_ref_name": "Tando Muhammad Khan", "center_lat": 25.02470227, "center_lon": 68.46005036}, "geometry": {"type": "Polygon", "coordinates": [[[68.64882842600008, 25.27615267400006], [68.61702832600008, 25.29216409300011], [68.64320696000004, 25.250286156000186], [68.6017224220002, 25.238008476], [68.60769733500013, 25.197624060000123], [68.59071060600019, 25.179070243000183], [68.54098731800008, 25.221942464000165], [68.55874698400015, 25.182067580000137], [68.52974199200014, 25.157902194000144], [68.4879117800001, 25.159375417999968], [68.46494070300008, 25.17992964600012], [68.41675597300014, 25.1660329770001], [68.36524314000002, 25.182028973], [68.3441883590001, 25.21893758700014], [68.33388093500014, 25.19263471100004], [68.35224814400004, 25.168657606000068], [68.35275729800009, 25.14084512100004], [68.33807739300005, 25.125507811000034], [68.28001533600002, 25.12213661300018], [68.25770199599998, 24.99294742600017], [68.28053826300004, 24.979484683000123], [68.31035595499998, 24.934150433000127], [68.28152056700014, 24.917659369000035], [68.28270702300011, 24.898985671000048], [68.26150154300007, 24.883028993000153], [68.27993764900009, 24.84075022700017], [68.30089814400003, 24.830303547000028], [68.29635766900014, 24.80991383900016], [68.34598083200018, 24.780570834000116], [68.35405686000013, 24.757200770000054], [68.3949805740001, 24.787115194000023], [68.4332844010001, 24.792776462000177], [68.44728938600008, 24.846022584000025], [68.46459081300009, 24.83821312800012], [68.48510102900019, 24.875807044999988], [68.50111326500007, 24.853187811000055], [68.52762148199997, 24.887593573000174], [68.56555028800011, 24.881686404], [68.57564946800011, 24.865548245000127], [68.64475094900013, 24.89209378400011], [68.64011717000017, 24.91106073500015], [68.66211013300011, 24.918941392000136], [68.68873723100018, 24.918286717000058], [68.68761056000011, 24.895113358], [68.70048020900015, 24.892147365000028], [68.70527377100012, 24.873426288000076], [68.69349001600006, 24.844784657000048], [68.70486363999999, 24.831225165000035], [68.73858028700005, 24.83153033000019], [68.73884813600012, 24.847202536000168], [68.82094576700018, 24.832690295000134], [68.8392011430002, 24.851183542000058], [68.84516329000013, 24.875923407000016], [68.80930277900018, 24.895658703000095], [68.78442336100005, 24.937761110000167], [68.78310332100011, 24.96954479200008], [68.75689073900003, 24.966699506000168], [68.64766598800003, 25.032421650000117], [68.63513061700013, 25.02679814300012], [68.60039385800007, 25.071407746000148], [68.56597762100006, 25.09095669300018], [68.59978305400017, 25.099802091000186], [68.66270437200012, 25.14607795100011], [68.66296489900009, 25.157007812000188], [68.63061001200009, 25.147135780000156], [68.6111703470001, 25.15734886900009], [68.65250188400012, 25.187744915999986], [68.70327154900019, 25.20300474900006], [68.69270689600012, 25.218142497000088], [68.73186603500017, 25.249685599000145], [68.70293592700011, 25.288980639000158], [68.66485659700015, 25.28984856800008], [68.64882842600008, 25.27615267400006]]]}}, {"type": "Feature", "properties": {"adm2_name": "Tharparkar", "adm2_name1": null, "adm2_name2": null, "adm2_name3": null, "adm2_pcode": "PK726", "adm1_name": "Sindh", "adm1_name1": null, "adm1_name2": null, "adm1_name3": null, "adm1_pcode": "PK7", "adm0_name": "Pakistan", "adm0_name1": null, "adm0_name2": null, "adm0_name3": null, "adm0_pcode": "PK", "valid_on": "2022-09-09", "valid_to": null, "area_sqkm": 19682.93368476, "version": "v01", "lang": "en", "lang1": null, "lang2": null, "lang3": null, "adm2_ref_name": "Tharparkar", "center_lat": 24.94313761, "center_lon": 70.24100586}, "geometry": {"type": "Polygon", "coordinates": [[[70.38967747800001, 25.681045914000038], [70.27538916400005, 25.711317447000113], [70.2652426570001, 25.723871599000063], [70.15875782900008, 25.653744939000035], [70.12320067500008, 25.589760246000083], [70.16572151000008, 25.587330078000093], [70.18864963700008, 25.60130678300004], [70.2290209040001, 25.592666434000023], [70.17266917000012, 25.542659713000035], [70.17753726600017, 25.53115893100005], [70.2023616510001, 25.54624914800013], [70.21356113400009, 25.533687370999985], [70.24562956400013, 25.558934723000164], [70.29190797400008, 25.553825822000135], [70.27390433000011, 25.5169300230001], [70.28592710600009, 25.496004260000063], [70.22895188500013, 25.432426210000074], [70.25634339200019, 25.42076553200019], [70.25791172500016, 25.40266033900008], [70.29713953200002, 25.426821757000084], [70.29995558100006, 25.41075691200001], [70.31708499000013, 25.412397695000152], [70.31602521000019, 25.39960869900017], [70.33531033000014, 25.400587062], [70.2811348520001, 25.358787413000186], [70.30896270900013, 25.340687541000023], [70.30492995200018, 25.27026410600007], [70.2916165580001, 25.24525219500015], [70.25877306300004, 25.218730670000127], [70.2530801150001, 25.23362293499997], [70.2347093730001, 25.23784809299997], [70.21394524900018, 25.223294715], [70.16721909000017, 25.22927790099999], [70.11173130000009, 25.203021914000146], [70.07585004200007, 25.21142439400012], [70.00354634000007, 25.197901029000036], [69.8903949590001, 25.24307196700005], [69.67542303200014, 25.145608601], [69.74175696200007, 25.101177709000126], [69.73746677600019, 25.08207293600009], [69.75553124100014, 25.061143594000157], [69.73457703700007, 25.05223389000014], [69.74040261800008, 25.006099993000134], [69.71191635800017, 24.997319785000172], [69.63178298100007, 25.045551537000108], [69.59899051800011, 25.016401229000166], [69.58214486000003, 24.977594511000063], [69.45162970400014, 24.855133049000074], [69.40176577200015, 24.84793360500015], [69.3582397450001, 24.810896293999974], [69.32388009000016, 24.800674008999977], [69.3072968240001, 24.773045], [69.24743639100012, 24.750821472000155], [69.25390710400006, 24.73228896000012], [69.28502764400014, 24.72824543200005], [69.21534108600014, 24.675226689000056], [69.24994558700007, 24.650372363000088], [69.23367974400009, 24.634887988000116], [69.22953698599997, 24.59725385100012], [69.20573256900013, 24.620351350000078], [69.19690840400017, 24.615842433000182], [69.2242977140001, 24.57878920899998], [69.20332012100016, 24.560242520000145], [69.21894900600006, 24.546087282000087], [69.20257633300008, 24.529550321000045], [69.18885983700011, 24.540580584000054], [69.07814176500011, 24.45907932500012], [69.05080830499998, 24.329255340000145], [69.07003598699998, 24.26020430500006], [69.09292523800019, 24.26908327400008], [69.1997683130001, 24.235198774000082], [69.31027192200003, 24.276689196000063], [69.50421148600014, 24.26301294199999], [69.5901030770001, 24.286763851000046], [69.72458024000014, 24.17509790700018], [70.00063953800009, 24.16639513400014], [70.0593030390001, 24.19280140400008], [70.11904047200017, 24.2906994170001], [70.37031422000018, 24.35345237000007], [70.57486842100002, 24.42031439100009], [70.5961160830002, 24.400266591000104], [70.58158729800004, 24.368336796999984], [70.56138586600014, 24.35838665500006], [70.58741793800004, 24.310145408000153], [70.57225915600009, 24.293577422000112], [70.58780721500017, 24.285395564000112], [70.57424985800009, 24.252332563000152], [70.65530548400005, 24.225088103000132], [70.80576392400013, 24.222724145000086], [70.90408430600019, 24.26514116000004], [70.86578325300007, 24.28430465200006], [70.87271765200018, 24.304945378000127], [70.98085730200017, 24.3633731380001], [71.0381554700001, 24.356117553000104], [71.12440394600003, 24.409365559000094], [71.10736838300011, 24.433191774000022], [71.02026226300012, 24.433339114000148], [71.00070866200008, 24.448898021000048], [70.98938654400013, 24.603154511000184], [71.00813450400005, 24.635735886000077], [71.06501685100017, 24.66262346100018], [71.08605346399997, 24.693364746000043], [70.95564283400006, 24.901671417000045], [70.9179373660001, 24.986394125000174], [70.88124689300003, 25.145931869000094], [70.75250282100018, 25.27171935500013], [70.7371829280001, 25.325733520000085], [70.66589418500013, 25.395964702000185], [70.66876891600003, 25.68617828500004], [70.64940540999999, 25.711107899000012], [70.60479780600008, 25.71849441100011], [70.52648938000004, 25.68853242100016], [70.38967747800001, 25.681045914000038]]]}}, {"type": "Feature", "properties": {"adm2_name": "Thatta", "adm2_name1": null, "adm2_name2": null, "adm2_name3": null, "adm2_pcode": "PK727", "adm1_name": "Sindh", "adm1_name1": null, "adm1_name2": null, "adm1_name3": null, "adm1_pcode": "PK7", "adm0_name": "Pakistan", "adm0_name1": null, "adm0_name2": null, "adm0_name3": null, "adm0_pcode": "PK", "valid_on": "2022-09-09", "valid_to": null, "area_sqkm": 7630.46055566, "version": "v01", "lang": "en", "lang1": null, "lang2": null, "lang3": null, "adm2_ref_name": "Thatta", "center_lat": 24.69419785, "center_lon": 67.70902408}, "geometry": {"type": "MultiPolygon", "coordinates": [[[[68.09027769500005, 25.408281557000123], [68.00604614500008, 25.444525309000085], [67.96791677200014, 25.410140765000108], [67.93928526900004, 25.407267934000174], [67.93009269100008, 25.37557174700015], [67.90435808799998, 25.353570612999988], [67.90849409000009, 25.30546220800005], [67.8194031880002, 25.212304183000185], [67.82756152900015, 25.189978160000067], [67.80643301200013, 25.09432003600017], [67.73620429000005, 25.061824613000113], [67.71034408900005, 25.000869648], [67.63842093300008, 25.015918509000187], [67.57903982700009, 24.96743178300011], [67.51796771500017, 24.984754979000115], [67.529692243, 24.91632445199997], [67.57206738400009, 24.832710339000187], [67.57994190600004, 24.791107238000052], [67.51803726400016, 24.80055403400013], [67.48124627100009, 24.840611040000113], [67.43622462900004, 24.84540678899998], [67.443901062, 24.781852722000167], [67.46372985800019, 24.77747917200014], [67.46807098400006, 24.753818512000123], [67.45281219500009, 24.776084900000058], [67.37441253700013, 24.776046753000173], [67.34933471700015, 24.76290512100013], [67.35151672400013, 24.742307663000133], [67.38516998300008, 24.723367691000135], [67.39321899400005, 24.704631805000133], [67.43253326400003, 24.698183060000076], [67.42027282700019, 24.672735214000056], [67.44155883800005, 24.64795303300008], [67.45320892300003, 24.653757095000174], [67.44048309300013, 24.640403748000153], [67.41433715800014, 24.649368286000026], [67.40687561000004, 24.63576507600004], [67.38374328600008, 24.63772392300018], [67.37098693900003, 24.60807991000013], [67.32306671100014, 24.590633392000086], [67.32023620600012, 24.575717926000152], [67.29901123000008, 24.581483841000193], [67.31520843500005, 24.558851242000117], [67.30402374300013, 24.55325889600016], [67.32334899900019, 24.549100876000182], [67.40708923300002, 24.58942794800015], [67.41710662800011, 24.590171814000087], [67.43961334200003, 24.574617386000057], [67.41362762400001, 24.585674286000085], [67.35706329300012, 24.550424576000125], [67.36835479800015, 24.53597450200016], [67.39871978700018, 24.546779633000085], [67.3975372320001, 24.52461433400009], [67.37017059300018, 24.530397415000152], [67.35233306900011, 24.47971344000007], [67.33960723899997, 24.47282218900017], [67.32817840600018, 24.485176086000138], [67.32577514600013, 24.465267181000172], [67.30938720700016, 24.4588775630001], [67.3742904660001, 24.472085952999976], [67.40219116200007, 24.49303817800012], [67.391937256, 24.51608276400009], [67.4120254520002, 24.521537781000177], [67.40394592300004, 24.506454468000186], [67.41768646200012, 24.47579956000004], [67.43599700900018, 24.479732514000034], [67.45400238100012, 24.462156296000046], [67.42177581800007, 24.464452743000095], [67.39504241900016, 24.48341178900006], [67.36037445100004, 24.46077537500014], [67.38341522200011, 24.454435349000107], [67.3706665040001, 24.436691284], [67.39019775400016, 24.45006561300005], [67.4726791380001, 24.426855087000035], [67.41692352300015, 24.43674278200001], [67.34908294700011, 24.400497437000183], [67.36051940900012, 24.387725830000136], [67.41579437300015, 24.401432037000063], [67.42778778100006, 24.391803742000036], [67.42285919200003, 24.360338211000055], [67.41774749700011, 24.38646888700015], [67.36902618400006, 24.385709763000023], [67.36652374300007, 24.35098075900015], [67.43443029600013, 24.322718014000145], [67.45658111600005, 24.342227936000086], [67.48724365200013, 24.326307297000028], [67.51242828400007, 24.352573395000093], [67.52905273400012, 24.33452606200018], [67.51463317900016, 24.34241676300013], [67.49060058600003, 24.321825027000102], [67.44899749799998, 24.33217430100018], [67.44210815400004, 24.31608963000008], [67.41088104200014, 24.31131935100018], [67.34658050600012, 24.34280967700016], [67.3385696410001, 24.33231926000019], [67.35956573500005, 24.290645599000072], [67.3298568730001, 24.333908081000118], [67.29542541500012, 24.301036835000104], [67.30632019000012, 24.30181884800004], [67.29991912800006, 24.28553390500008], [67.32588195800008, 24.244869232000156], [67.35847473100006, 24.28372192400019], [67.37896728500004, 24.27771949800001], [67.39337921100002, 24.28737449600004], [67.38141632100019, 24.273208618000183], [67.36129760700004, 24.275676727000018], [67.35008239700005, 24.25422859200006], [67.41434478800005, 24.234008789000143], [67.42115783700001, 24.216701508000142], [67.43165588400012, 24.24718475300017], [67.42814636200018, 24.212545395000063], [67.41683960000006, 24.21092605600012], [67.41247558600008, 24.229564667000147], [67.36253356900016, 24.238571167000146], [67.34196472200011, 24.23517799399997], [67.34567260700004, 24.2161006930001], [67.3343658450001, 24.208839416000103], [67.35449218800011, 24.182796478000057], [67.33473968500016, 24.17629814100019], [67.34532928500005, 24.15578270000009], [67.3828353880001, 24.132604599], [67.42451477100013, 24.130212784000094], [67.36261749300013, 24.132356644000026], [67.37097930900012, 24.08735275300006], [67.3949737550002, 24.066234589000146], [67.37796020500008, 24.06567573500007], [67.39205932599998, 24.04777717600018], [67.40142059300013, 24.046415329000013], [67.40502929700011, 24.07637023900014], [67.40882110600006, 24.08400535600009], [67.44308471700009, 24.12017250100007], [67.44889831500006, 24.116813660000048], [67.41841888400018, 24.088281630999973], [67.43802642800017, 24.063631058000112], [67.40920257600004, 24.039157867000142], [67.42175293000014, 24.00242996200018], [67.40830993600008, 24.0], [67.43652343700006, 23.99069023100003], [67.42245483400012, 23.94494628900003], [67.48454867200007, 23.97339639800009], [67.48109119900005, 23.997141543], [67.497565931, 24.022826712999972], [67.48744918200003, 24.029319082000086], [67.57168301100018, 24.06635346200011], [67.55619359299999, 24.074275039000156], [67.55678592800007, 24.124164561000157], [67.52546046300017, 24.128784113999984], [67.53252350300016, 24.149811041000078], [67.59931080000018, 24.157609741000044], [67.62592811500008, 24.183423648000087], [67.66539538600006, 24.1589095330001], [67.71923393800012, 24.165598120000084], [67.75668412300018, 24.24550780300018], [67.81249844900009, 24.247960671000044], [67.77404018300001, 24.323601159000134], [67.80361834600012, 24.340282930000058], [67.83683639500015, 24.320560621000084], [67.85565589100014, 24.344056780000017], [67.86305660100015, 24.35941208899999], [67.84354865800015, 24.39492686000017], [67.84465145300015, 24.418581337000035], [67.96497437200003, 24.41933166300015], [67.94993552500017, 24.501034102], [67.99704373500003, 24.553975472000104], [67.9969788300001, 24.5709994], [67.96877285900018, 24.607490723000126], [67.9619448000002, 24.66614763399997], [68.02886013100016, 24.767135704000168], [68.02395531600013, 24.829159597000057], [68.06160435800007, 24.852401311000165], [68.11897875099999, 24.84266486000007], [68.08350480200005, 24.886686685000086], [68.11955561400003, 24.911732919000144], [68.12594540600008, 24.961477221], [68.17777297800018, 24.974489186000085], [68.21637693800005, 24.954446517000065], [68.25587641100003, 24.981211455000164], [68.28001533600002, 25.12213661300018], [68.33807739300005, 25.125507811000034], [68.35275729800009, 25.14084512100004], [68.35224814400004, 25.168657606000068], [68.33388093500014, 25.19263471100004], [68.3441883590001, 25.21893758700014], [68.32128188300004, 25.24582266600015], [68.34268254600016, 25.294117965000112], [68.26740157900008, 25.285783588000015], [68.17040971000006, 25.30152519899997], [68.09027769500005, 25.408281557000123]]], [[[67.42395019500015, 23.97776412999997], [67.39097595200008, 23.979440689000057], [67.40936279300001, 23.957220078000148], [67.42395019500015, 23.97776412999997]]], [[[67.42226409900007, 24.065248489000055], [67.41515350300006, 24.07878684999997], [67.41054534900019, 24.08051490800017], [67.40988159200009, 24.06254768399998], [67.42226409900007, 24.065248489000055]]], [[[67.35784912100013, 24.357374191000133], [67.35733795100015, 24.381776810000133], [67.35566711399997, 24.38381004300004], [67.33708190900012, 24.364202499000044], [67.35784912100013, 24.357374191000133]]], [[[67.33376312300015, 24.3732757570001], [67.33036804199998, 24.384223938000105], [67.30872345000006, 24.37849617000012], [67.31542205800008, 24.364734650000116], [67.33376312300015, 24.3732757570001]]], [[[67.37416076700009, 24.42323875400001], [67.39269256600016, 24.432823181000174], [67.37186431900017, 24.429426193000097], [67.37416076700009, 24.42323875400001]]], [[[67.3652572630001, 24.429418564000116], [67.31039428700018, 24.428018570000063], [67.33997345000017, 24.417730331000143], [67.30860900900007, 24.41564369200006], [67.3053665160001, 24.394247055000108], [67.33874511700009, 24.391181946000074], [67.34163665800014, 24.415906906000032], [67.36322021500013, 24.411817551000127], [67.3652572630001, 24.429418564000116]]], [[[67.37063598600002, 24.454851150000138], [67.30853271500018, 24.45175170900012], [67.296630859, 24.441753388000166], [67.30590820300006, 24.43204307500008], [67.35952758800005, 24.441753388000166], [67.37063598600002, 24.454851150000138]]], [[[67.32103729300007, 24.46970176700006], [67.32903289800004, 24.49230194100005], [67.32360076900005, 24.496923446999972], [67.31002807600015, 24.48290252700002], [67.32103729300007, 24.46970176700006]]], [[[67.34075927700013, 24.489768981999987], [67.34658050600012, 24.498310089000142], [67.31905365000017, 24.51952552800003], [67.31427764900013, 24.507884979000153], [67.34075927700013, 24.489768981999987]]], [[[67.2925567630001, 24.520521164000172], [67.2675476070001, 24.518638611000085], [67.27461242700002, 24.496122360000072], [67.25615692100018, 24.490074158000027], [67.2566909790001, 24.47694206200009], [67.30274963400012, 24.470972061000055], [67.31276702900004, 24.49990272500014], [67.2925567630001, 24.520521164000172]]], [[[67.36180114700011, 24.528661728000145], [67.32002258300014, 24.546693802000163], [67.2933502200001, 24.52931404100019], [67.30430603000013, 24.517572402999974], [67.32178497300009, 24.525461197000084], [67.35051727300015, 24.502405167000063], [67.36180114700011, 24.528661728000145]]], [[[67.28579711900016, 24.581041336000112], [67.22415924100017, 24.576042175000055], [67.21782684300007, 24.552238464000084], [67.2404708860002, 24.528371811000056], [67.24987793000014, 24.538291931000174], [67.27322387700008, 24.524883270000146], [67.3028717040001, 24.54779434200009], [67.30496978800016, 24.56372833200004], [67.28579711900016, 24.581041336000112]]], [[[67.30062103300014, 24.592601776000038], [67.30930328400007, 24.59247207600015], [67.3086166380001, 24.603931427000134], [67.30062103300014, 24.592601776000038]]], [[[67.33979797400008, 24.61749076800004], [67.3491439820001, 24.617799759000093], [67.34786224400011, 24.621307373000093], [67.33979797400008, 24.61749076800004]]], [[[67.33450317400019, 24.61293220500005], [67.31654357900004, 24.634048462000067], [67.29606628400012, 24.626478195000175], [67.29333496099997, 24.586513519000164], [67.3080368040001, 24.612680435000186], [67.31767272900004, 24.582731247000027], [67.33450317400019, 24.61293220500005]]], [[[67.3740081790001, 24.629890442000146], [67.3556213380001, 24.644525528000088], [67.3267440800002, 24.63000297500014], [67.36224365200002, 24.61551666300005], [67.3740081790001, 24.629890442000146]]], [[[67.3649063110002, 24.652139664], [67.3670654300002, 24.667032242000175], [67.34334564200014, 24.654767990000096], [67.34468078600014, 24.649803162000126], [67.3649063110002, 24.652139664]]], [[[67.34487152100019, 24.662334442000144], [67.33425140400016, 24.676597595000146], [67.30661773700018, 24.659606934000067], [67.32427215600012, 24.640567780000026], [67.34487152100019, 24.662334442000144]]], [[[67.41518402100013, 24.67444801300013], [67.42572784400005, 24.696920395000177], [67.33929443400012, 24.68198394800004], [67.36988830600018, 24.670673369999975], [67.38991546600005, 24.649200439000083], [67.41196441699998, 24.657434463000186], [67.43572998100012, 24.645259857000042], [67.41518402100013, 24.67444801300013]]], [[[67.34653472900015, 24.73546218900003], [67.29486846900005, 24.73604583800011], [67.254486084, 24.706296921000046], [67.22572326700003, 24.72265625000017], [67.2173080450001, 24.71610641500007], [67.24813842800012, 24.677062988000046], [67.27227020300006, 24.678918838000072], [67.26294708200004, 24.660860061999983], [67.27100372300009, 24.653614044000165], [67.27247619600013, 24.66806983900011], [67.29496765100009, 24.671117783000057], [67.28728485100015, 24.691738129000044], [67.32715606700009, 24.676990509000177], [67.34025573700018, 24.69224548300008], [67.39147186300016, 24.69664192200014], [67.34653472900015, 24.73546218900003]]]]}}, {"type": "Feature", "properties": {"adm2_name": "Umer Kot", "adm2_name1": null, "adm2_name2": null, "adm2_name3": null, "adm2_pcode": "PK728", "adm1_name": "Sindh", "adm1_name1": null, "adm1_name2": null, "adm1_name3": null, "adm1_pcode": "PK7", "adm0_name": "Pakistan", "adm0_name1": null, "adm0_name2": null, "adm0_name3": null, "adm0_pcode": "PK", "valid_on": "2022-09-09", "valid_to": null, "area_sqkm": 5489.58552876, "version": "v01", "lang": "en", "lang1": null, "lang2": null, "lang3": null, "adm2_ref_name": "Umer Kot", "center_lat": 25.33269304, "center_lon": 69.81135762}, "geometry": {"type": "Polygon", "coordinates": [[[70.23263950300009, 25.782670196000083], [70.09216473900005, 25.76844556600014], [69.9877999950001, 25.72259733700014], [69.92918573800006, 25.755801722000058], [69.8628075920002, 25.68648641700014], [69.7899923380001, 25.648702456000024], [69.7318282120001, 25.551131937000093], [69.6577211820001, 25.511653720000083], [69.6385115810001, 25.515910272000042], [69.62557396200015, 25.49023594100015], [69.56095264800018, 25.498317804000123], [69.57083294500012, 25.52115070000019], [69.554936107, 25.505297328000154], [69.53696280000014, 25.51774450900018], [69.5364266000002, 25.526759029000175], [69.56270406700008, 25.530900622000104], [69.55252232200007, 25.555562696000152], [69.56402848700003, 25.570417028000122], [69.54837966700006, 25.560877733000154], [69.54793666400008, 25.57243835300011], [69.5319992630001, 25.56618672900015], [69.51789739800006, 25.576422922], [69.49432956000015, 25.553633014000184], [69.47447121600004, 25.55998802800019], [69.44215229200006, 25.541050321000114], [69.39517754000019, 25.56295789400008], [69.38150056400013, 25.554721936000192], [69.33107137700017, 25.569066815000042], [69.29012487600016, 25.54594544100013], [69.21434877700017, 25.572494406000033], [69.18561539600017, 25.566382290999968], [69.17370613000014, 25.527377914000112], [69.19084525600016, 25.518052165000086], [69.1828334970001, 25.45580795400008], [69.27240101899997, 25.393093265], [69.26863876700008, 25.3700957960001], [69.3096062670001, 25.367492539000125], [69.31702424500014, 25.337664981000046], [69.359096598, 25.302107397000043], [69.37420034000007, 25.182378779000032], [69.4062024960001, 25.112276248000114], [69.40107117800005, 25.052734653000073], [69.46315151900018, 24.98318852600005], [69.47962083100003, 24.88256844200015], [69.58214486000003, 24.977594511000063], [69.59899051800011, 25.016401229000166], [69.63178298100007, 25.045551537000108], [69.71191635800017, 24.997319785000172], [69.73732010800012, 25.003062866000107], [69.73457703700007, 25.05223389000014], [69.75553124100014, 25.061143594000157], [69.73746677600019, 25.08207293600009], [69.74175696200007, 25.101177709000126], [69.67542303200014, 25.145608601], [69.8903949590001, 25.24307196700005], [70.00354634000007, 25.197901029000036], [70.07585004200007, 25.21142439400012], [70.11173130000009, 25.203021914000146], [70.16721909000017, 25.22927790099999], [70.21394524900018, 25.223294715], [70.2347093730001, 25.23784809299997], [70.2530801150001, 25.23362293499997], [70.25877306300004, 25.218730670000127], [70.2916165580001, 25.24525219500015], [70.30492995200018, 25.27026410600007], [70.30896270900013, 25.340687541000023], [70.2811348520001, 25.358787413000186], [70.33531033000014, 25.400587062], [70.31602521000019, 25.39960869900017], [70.31708499000013, 25.412397695000152], [70.29995558100006, 25.41075691200001], [70.29713953200002, 25.426821757000084], [70.25791172500016, 25.40266033900008], [70.25634339200019, 25.42076553200019], [70.22895188500013, 25.432426210000074], [70.28592710600009, 25.496004260000063], [70.27390433000011, 25.5169300230001], [70.29190797400008, 25.553825822000135], [70.24562956400013, 25.558934723000164], [70.21356113400009, 25.533687370999985], [70.2023616510001, 25.54624914800013], [70.17753726600017, 25.53115893100005], [70.17266917000012, 25.542659713000035], [70.2290209040001, 25.592666434000023], [70.18864963700008, 25.60130678300004], [70.16572151000008, 25.587330078000093], [70.12320067500008, 25.589760246000083], [70.15875782900008, 25.653744939000035], [70.2652426570001, 25.723871599000063], [70.23263950300009, 25.782670196000083]]]}}, {"type": "Feature", "properties": {"adm2_name": "West Karachi", "adm2_name1": null, "adm2_name2": null, "adm2_name3": null, "adm2_pcode": "PK729", "adm1_name": "Sindh", "adm1_name1": null, "adm1_name2": null, "adm1_name3": null, "adm1_pcode": "PK7", "adm0_name": "Pakistan", "adm0_name1": null, "adm0_name2": null, "adm0_name3": null, "adm0_pcode": "PK", "valid_on": "2022-09-09", "valid_to": null, "area_sqkm": 241.76628397, "version": "v01", "lang": "en", "lang1": null, "lang2": null, "lang3": null, "adm2_ref_name": "West Karachi", "center_lat": 24.98689727, "center_lon": 67.00838153}, "geometry": {"type": "Polygon", "coordinates": [[[67.07250089100006, 25.08683029000008], [67.00506665700004, 25.097813421000126], [66.93823892400007, 25.029362761000016], [66.96903613400008, 24.982722909000188], [66.95141101500008, 24.97049741100011], [66.96029194500017, 24.959207966000122], [66.928591, 24.94121700000011], [66.945622, 24.908937], [66.98739174800005, 24.87653014800003], [67.02634028200015, 24.88698922100008], [67.01128652000017, 24.92717791100017], [67.04349239000004, 24.959830410999984], [67.0511041740001, 24.99334631400012], [67.04008701300006, 25.00326491100003], [67.12048251300013, 25.01279966600015], [67.07250089100006, 25.08683029000008]]]}}]}